{
    "fields": [
        {
            "title": "Policy Type",
            "name": "policy_type",
            "type": "select",
            "values": [
                "Manufactured Home",
                "Manufactured Renters"
            ],
            "heading": "Policy Details"
        },
        {
            "title": "Street Address",
            "name": "property_street_address",
            "type": "string",
            "heading": "Property Address"
        },
        {
            "title": "Lot/Unit#",
            "name": "property_lot_unit#",
            "type": "string",
            "optional": true
        },
        {
            "title": "City",
            "name": "property_city",
            "type": "string"
        },
        {
            "title": "State",
            "name": "property_state",
            "type": "lookup",
            "table": "ALLStatesList_DL"
        },
        {
            "title": "Zip Code",
            "name": "property_zip_code",
            "type": "string",
            "regex": "^([0-9]{5})*$"
        },
        {
            "title": "County",
            "name": "property_county",
            "type": "string"
        },
        {
            "title": "Country",
            "name": "property_country",
            "type": "select",
            "values": [
                "USA"
            ]
        },
        {
            "title": "Loss Address",
            "name": "loss_address",
            "type": "string",
            "heading": "Loss Location & Details",
            "multiline": true,
            "width": 12
        },
        {
            "title": "What kind of loss occurred?",
            "name": "loss_type",
            "type": "select",
            "values": [
                "Theft/Vandalism",
                "Weather/Property Damage",
                "Fire/Smoke Damage",
                "Water Damage",
                "Liability",
                "Other"
            ]
        },
        {
            "title": "Claim Type",
            "name": "theft_vandalism_claim_type",
            "type": "select",
            "values": [
                "Theft",
                "Vandalism"
            ],
            "heading": "Claim Details",
            "condition": {
                "loss_type": [
                    "Theft/Vandalism"
                ]
            }
        },
        {
            "title": "Please describe what was stolen, how your items were damaged, or the extent of the vandalism. How do you think it happened?",
            "name": "theft_vandalism_description",
            "type": "string",
            "condition": {
                "loss_type": [
                    "Theft/Vandalism"
                ]
            },
            "multiline": true,
            "width": 12,
            "newline": true
        },
        {
            "title": "Source of Damage",
            "name": "source_of_damage_weather",
            "type": "select",
            "values": [
                "Lightning",
                "Hail",
                "Weight from Snow/Ice",
                "Wind",
                "Flood",
                "Other"
            ],
            "condition": {
                "loss_type": [
                    "Weather/Property Damage"
                ]
            },
            "heading": "Claim Details"
        },
        {
            "title": "Please describe the damage to the home. How do you think it happened?",
            "name": "weather_property_damage_description",
            "type": "string",
            "condition": {
                "loss_type": [
                    "Weather/Property Damage"
                ]
            },
            "multiline": true,
            "width": 12,
            "newline": true
        },
        {
            "title": "Has the damage been repaired?",
            "name": "weather_damage_repaired",
            "type": "select",
            "values": [
                "Yes",
                "No"
            ],
            "condition": {
                "loss_type": [
                    "Weather/Property Damage"
                ]
            },
            "optional": true
        },
        {
            "title": "How do you believe the fire started? How was it discovered?",
            "name": "fire_damage_description",
            "type": "string",
            "condition": {
                "loss_type": [
                    "Fire/Smoke Damage"
                ]
            },
            "multiline": true,
            "width": 12,
            "newline": true,
            "heading": "Claim Details"
        },
        {
            "title": "Did the fire department respond to the fire?",
            "name": "fire_department",
            "type": "select",
            "values": [
                "Yes",
                "No"
            ],
            "condition": {
                "loss_type": [
                    "Fire/Smoke Damage"
                ]
            }
        },
        {
            "title": "Source of Damage",
            "name": "source_of_damage_water_damage",
            "type": "select",
            "values": [
                "Appliance",
                "Plumbing",
                "Freezing Pipes",
                "Roof",
                "Sump pump/Sewer backup",
                "Other"
            ],
            "condition": {
                "loss_type": [
                    "Water Damage"
                ]
            },
            "heading": "Claim Details"
        },
        {
            "title": "Please provide a description of the loss and how it happened?",
            "name": "water_damage_loss_description",
            "type": "string",
            "condition": {
                "loss_type": [
                    "Water Damage"
                ]
            },
            "multiline": true,
            "width": 12,
            "newline": true
        },
        {
            "title": "Has the source of water damage been repaired?",
            "name": "water_damage_repaired",
            "type": "select",
            "values": [
                "Yes",
                "No"
            ],
            "optional": true,
            "condition": {
                "loss_type": [
                    "Water Damage"
                ]
            }
        },
        {
            "title": "Claim Reason",
            "name": "liability_claim_reason",
            "type": "select",
            "values": [
                "Lawsuit",
                "Medical Payments",
                "Other"
            ],
            "condition": {
                "loss_type": [
                    "Liability"
                ]
            },
            "heading": "Claim Details"
        },
        {
            "title": "Please provide a description of the loss and how it happened?",
            "name": "liability_loss_description",
            "type": "string",
            "condition": {
                "loss_type": [
                    "Liability"
                ]
            },
            "multiline": true,
            "newline": true,
            "width": 12
        },
        {
            "title": "Please provide a description of the loss and how it happened?",
            "name": "other_loss_description",
            "type": "string",
            "condition": {
                "loss_type": [
                    "Other"
                ]
            },
            "optional": false,
            "multiline": true,
            "newline": true,
            "width": 12,
            "heading": "Claim Details"
        },
        {
            "title": "Injured Party Information",
            "name": "injured_party_info",
            "type": "group",
            "fields": [
                {
                    "title": "First Name",
                    "name": "injured_first_name",
                    "type": "string",
                    "newline": true
                },
                {
                    "title": "Last Name",
                    "name": "injured_last_name",
                    "type": "string"
                },
                {
                    "title": "Street Address",
                    "name": "injured_street_address",
                    "type": "string",
                    "heading": "Address"
                },
                {
                    "title": "Lot/Unit#",
                    "name": "injured_lot_unit#",
                    "type": "string",
                    "optional": true
                },
                {
                    "title": "City",
                    "name": "injured_city",
                    "type": "string"
                },
                {
                    "title": "State",
                    "name": "injured_state",
                    "type": "lookup",
                    "table": "ALLStatesList_DL"
                },
                {
                    "title": "Zip Code",
                    "name": "injured_zip_code",
                    "type": "string",
                    "regex": "^([0-9]{5})*$"
                },
                {
                    "title": "County",
                    "name": "injured_county",
                    "type": "string",
                    "optional": true
                },
                {
                    "title": "Country",
                    "name": "injured_country",
                    "type": "select",
                    "values": [
                        "USA"
                    ]
                },
                {
                    "title": "Phone",
                    "name": "injured_phonenumber",
                    "type": "string",
                    "newline": true,
                    "regex": "^[0-9]{10}$"
                }
            ],
            "optional": true,
            "repeatable": true
        },
        {
            "title": "Upload Photos, Videos, or Documents ",
            "name": "documents",
            "type": "group",
            "fields": [
                {
                    "title": "Upload File",
                    "name": "upload_file",
                    "type": "media",
                    "optional": true,
                    "repeatable": true
                }
            ],
            "repeatable": true,
            "optional": true
        },
        {
            "title": "Emergency Service Contact",
            "name": "emergency_service_contact",
            "type": "group",
            "fields": [
                {
                    "title": "Emergency Contact Type",
                    "name": "emergency_service_contact_type",
                    "type": "select",
                    "values": [
                        "Fire Department",
                        "Police Department"
                    ]
                },
                {
                    "title": "Name of fire department",
                    "name": "fire_department_name",
                    "type": "string",
                    "multiline": false,
                    "condition": {
                        "emergency_service_contact_type": [
                            "Fire Department"
                        ]
                    },
                    "optional": true
                },
                {
                    "title": "Name of police department",
                    "name": "police_department_name",
                    "type": "string",
                    "condition": {
                        "emergency_service_contact_type": [
                            "Police Department"
                        ]
                    },
                    "optional": true
                },
                {
                    "title": "Emergency Contact Phone Number",
                    "name": "emergency_service_phone_number",
                    "type": "string",
                    "optional": true,
                    "regex": "^[0-9]{1,10}$"
                },
                {
                    "title": "Report Number",
                    "name": "emergency_service_report_number",
                    "type": "string",
                    "optional": true
                }
            ],
            "optional": true,
            "repeatable": true
        },
        {
            "title": "First Name",
            "name": "reporting_party_first_name",
            "type": "string",
            "heading": "Who’s reporting the claim?"
        },
        {
            "title": "Last Name",
            "name": "reporting_party_last_name",
            "type": "string"
        },
        {
            "title": "Relationship to Insured",
            "name": "relationship_to_insured",
            "type": "select",
            "values": [
                "Policyholder",
                "Family Member",
                "Spouse",
                "Child",
                "Second Owner",
                "Other"
            ]
        },
        {
            "title": "Phone Number",
            "name": "reporting_party_phone_number",
            "type": "string",
            "regex": "^[0-9]{10}$"
        },
        {
            "title": "Email Address",
            "name": "reporting_party_email_address",
            "type": "email",
            "optional": true
        },
        {
            "title": "As of Date",
            "name": "as_of_date",
            "type": "string",
            "heading": "Claim Information from Carrier",
            "optional": true
        },
        {
            "title": "Claim Number",
            "name": "claim_number",
            "type": "string",
            "optional": true
        },
        {
            "title": "Policy Number",
            "name": "policy_number",
            "type": "string",
            "optional": true
        },
        {
            "title": "Risk State",
            "name": "risk_state",
            "type": "string",
            "optional": true
        },
        {
            "title": "Term Effective Date",
            "name": "term_effective_date",
            "type": "string",
            "optional": true
        },
        {
            "title": "Term Expiration Date",
            "name": "term_expiration_date",
            "type": "string",
            "optional": true
        },
        {
            "title": "Examiner Name",
            "name": "examiner_name",
            "type": "string",
            "optional": true
        },
        {
            "title": "Independent Adjuster Name",
            "name": "independent_adjuster_name",
            "type": "string",
            "optional": true
        },
        {
            "title": "Cause of Loss Code and Description",
            "name": "cause_of_loss_code_and_description",
            "type": "string",
            "optional": true,
            "multiline": true,
            "width": 12
        },
        {
            "title": "Loss Type Code and Description",
            "name": "loss_type_code_and_description",
            "type": "string",
            "optional": true,
            "multiline": true,
            "width": 12
        },
        {
            "title": "Cat Code and Description",
            "name": "cat_code_description",
            "type": "string",
            "optional": true,
            "multiline": true,
            "width": 12
        },
        {
            "title": "Coverage Code and Description",
            "name": "coverage_code_description",
            "type": "string",
            "optional": true,
            "multiline": true,
            "width": 12
        },
        {
            "title": "Settlement Type Code and Description",
            "name": "settlement_type_code_description",
            "type": "string",
            "optional": true,
            "multiline": true,
            "width": 12
        },
        {
            "title": "Coverage Limit",
            "name": "coverage_limit",
            "type": "string",
            "optional": true
        },
        {
            "title": "Reported Date",
            "name": "reported_date",
            "type": "string",
            "optional": true
        },
        {
            "title": "Claim File Open Date",
            "name": "claim_file_open_date",
            "type": "string",
            "optional": true
        },
        {
            "title": "Claim File Close Date",
            "name": "claim_file_close_date",
            "type": "string",
            "optional": true
        },
        {
            "title": "Outstanding Loss Reserve",
            "name": "outstanding_loss_reserve",
            "type": "string",
            "optional": true
        },
        {
            "title": "Outstanding Expense Reserve",
            "name": "outstanding_expense_reserve",
            "type": "string",
            "optional": true
        },
        {
            "title": "Itd Paid Losses",
            "name": "itd_paid_losses",
            "type": "string",
            "optional": true
        },
        {
            "title": "Itd Paid Expenses",
            "name": "itd_paid_expenses",
            "type": "string",
            "optional": true
        },
        {
            "title": "Itd Loss Salvage",
            "name": "itd_loss_salvage",
            "type": "string",
            "optional": true
        },
        {
            "title": "Itd Loss Subro",
            "name": "itd_loss_subro",
            "type": "string",
            "optional": true
        },
        {
            "title": "Cover Tree - Type of Loss",
            "name": "ct_type_of_loss",
            "type": "string",
            "optional": true
        }
    ]
}