{
    "name": "Vacation Rental Coverage",
    "displayName": "Vacation Rental Coverage",
    "fields": [{
        "title": "Is the home ever used for vacation rental, home sharing (e.g. VRBO, Airbnb, Booking.com)? Coverage is limited to 30 days a year.",
        "name": "occasional_vacation_rental",
        "type": "select",
        "values": ["Yes", "No"],
        "width": 12,
        "newline": true
    }],
    "indemnityPerItem": "0",
    "indemnityPerEvent": "0",
    "indemnityInAggregate": "0",
    "deductible": "0",
    "lumpSumPayment": "0"
}