{
	"fees": [
		{
			"name": "inspection_fee_aerial",
			"displayName": "Inspection Fee - Aerial",
			"proration": "flat"
		},
		{
			"name": "inspection_fee_interior",
			"displayName": "Inspection Fee - Interior",
			"proration": "flat"
		},
		{
			"name": "inspection_fee_exterior",
			"displayName": "Inspection Fee - Exterior",
			"proration": "flat"
		},
		{
			"name": "two_pay_fee",
			"displayName": "2-Pay Fee",
			"proration": "flat"
		},
		{
			"name": "eleven_pay_fee",
			"displayName": "11-Pay Fee",
			"proration": "flat"
		},
		{
			"name": "late_pay_fee",
			"displayName": "Late Payment Fee",
			"proration": "flat"
		},
		{
			"name": "nsf_fee",
			"displayName": "NSF Fee",
			"proration": "flat"
		}
	]
}