{
    "documents": [
        {
            "displayName": "Policy Application",
            "fileName": "policyapplication.pdf",
            "templateName": "policyapplication.template.liquid",
            "generatingEvent": "quote",
            "type": "pdf"
        },
        {
            "displayName": "Quote Proposal Document",
            "fileName": "quoteproposaldocument.pdf",
            "templateName": "quoteproposal.template.liquid",
            "generatingEvent": "quote",
            "type": "pdf"
        },
        {
            "displayName": "Policy Document",
            "fileName": "policydocument.pdf",
            "templateName": "policydocument.template.liquid",
            "generatingEvent": "issue",
            "type": "pdf"
        },
        {
            "displayName": "Invoice Document",
            "fileName": "invoicedocument.pdf",
            "templateName": "invoice.template.liquid",
            "generatingEvent": "accept",
            "type": "pdf"
        }
    ],
    "invoicing": {
        "generatingEvent": "accept"
    },
    "defaultPaymentTerms": {
        "amount": 15,
        "unit": "day"
    },
    "paymentSchedules": [
        {
            "type": "custom",
            "name": "Mortgagee Bill",
            "displayName": "Mortgagee Bill"
        },
        {
            "type": "custom",
            "name": "Full Pay",
            "displayName": "Full Pay"
        },
        {
            "type": "custom",
            "name": "2-Pay",
            "displayName": "2-Pay"
        },
        {
            "type": "custom",
            "name": "11-Pay",
            "displayName": "11-Pay"
        }
    ],
    "lapse": {
        "gracePeriodDays": 17,
        "reinstatementPeriodDays": 7
    },
    "plugins": {
		"getPerilRates": {
			"path": "covertree_content/rater.js",
			"enabled": true
		},
		"getProrationResult": {
			"path": "covertree_content/prorater.js",
			"enabled": true
		},
		"createInstallments": {
			"path": "covertree_content/installments.js",
			"enabled": true
		},
		"getUnderwritingResult": {
			"path": "covertree_content/underwriter.js",
			"enabled": true
		},
		"getPostIssuanceResult": {
			"path": "covertree_content/postIssuance.js",
			"enabled": false
		}
	},
    "fields": [
        {
            "title": "Policy Basic Info",
            "name": "policy_basic_info",
            "type": "group",
            "fields": [
                {
                    "title": "Quote Inception Date",
                    "name": "quote_inception_date",
                    "type": "date",
                    "precision": "day",
                    "newline": true,
                    "width": 6
                },
                {
                    "title": "Individual/Representative's Date of Birth",
                    "name": "date_of_birth",
                    "type": "date",
                    "precision": "day",
                    "minimum": "1900-01-01",
                    "maximumOffset": {
                        "roundToDay": true,
                        "field": "year",
                        "amount": -18
                    },
                    "newline": false,
                    "width": 6
                },
                {
                    "title": "Does the insured currently maintain an auto policy with your agency?",
                    "width": 12,
                    "type": "select",
                    "name": "auto_policy_with_agency",
                    "values": [
                        "Yes",
                        "No"
                    ]
                }
            ],
            "newline": true,
            "width": 12,
            "optional": false
        },
        {
            "title": "Insurance Score",
            "name": "insurance_score",
            "type": "number",
            "width": 6,
            "maximum": 999,
            "minimum": 0
        },
        {
            "title": "Adverse Action",
            "name": "adverse_action",
            "type": "group",
            "fields": [
                {
                    "title": "Reason Code",
                    "name": "reason_code",
                    "type": "string",
                    "width": 12,
                    "newline": true
                },
                {
                    "title": "Reason description",
                    "name": "reason_description",
                    "type": "string",
                    "width": 12,
                    "newline": true,
                    "multiline": true
                }
            ],
            "repeatable": true,
            "width": 12,
            "newline": true,
            "optional": true
        },
        {
            "title": "Agency",
            "name": "agency_information",
            "type": "group",
            "fields": [
                {
                    "title": "Agency ID",
                    "type": "string",
                    "newline": true,
                    "multiline": false,
                    "name": "agency_id",
                    "width": 6
                },
                {
                    "title": "Agent ID",
                    "type": "string",
                    "multiline": false,
                    "newline": false,
                    "name": "agent_id",
                    "width": 6
                },
                {
                    "name": "agency_license",
                    "type": "string",
                    "multiline": false,
                    "newline": false,
                    "width": 6,
                    "title": "Agency License"
                },
                {
                    "title": "Agent on Record",
                    "name": "agent_on_record",
                    "type": "string",
                    "width": 6
                },
                {
                    "title": "Street Address",
                    "name": "street_address",
                    "type": "string",
                    "multiline": false,
                    "newline": true,
                    "width": 12
                },
                {
                    "type": "string",
                    "optional": true,
                    "multiline": false,
                    "newline": true,
                    "width": 6,
                    "title": "Lot/Unit#",
                    "name": "lot_unit"
                },
                {
                    "title": "City",
                    "name": "city",
                    "type": "string",
                    "multiline": false,
                    "newline": false,
                    "width": 6
                },
                {
                    "title": "State",
                    "type": "lookup",
                    "table": "ALLStatesList_DL",
                    "name": "state"
                },
                {
                    "title": "Zip Code",
                    "name": "zip_code",
                    "type": "string",
                    "multiline": false,
                    "regex": "^([0-9]{5})*$",
                    "newline": false,
                    "width": 6
                },
                {
                    "title": "County",
                    "name": "county",
                    "type": "string",
                    "optional": true,
                    "width": 6,
                    "newline": true
                },
                {
                    "title": "Country",
                    "name": "country",
                    "type": "select",
                    "values": [
                        "USA"
                    ],
                    "newline": false,
                    "width": 6
                },
                {
                    "title": "Agency Contact Name",
                    "name": "agency_contact_name",
                    "type": "string",
                    "multiline": false,
                    "newline": true,
                    "width": 6
                },
                {
                    "title": "Agency Phone Number",
                    "name": "agency_phone_number",
                    "type": "string",
                    "newline": false,
                    "regex": "^[0-9]{10}$",
                    "width": 6
                },
                {
                    "title": "Email Address",
                    "name": "email_address",
                    "type": "email",
                    "newline": true,
                    "width": 6
                }
            ],
            "newline": true
        },
        {
            "title": "Additional Insured Information",
            "name": "ad_insured",
            "type": "group",
            "fields": [
                {
                    "title": "Additional Named Insured First Name",
                    "name": "ad_first_name",
                    "type": "string",
                    "newline": true,
                    "width": 6
                },
                {
                    "title": "Additional Named Insured Last Name",
                    "name": "ad_last_name",
                    "type": "string",
                    "newline": false,
                    "width": 6
                },
                {
                    "title": "Date of Birth",
                    "name": "additionalinsured_date_of_birth",
                    "type": "date",
                    "minimum": "1900-01-01",
                    "showCalendar": false,
                    "precision": "day",
                    "newline": true,
                    "width": 6,
                    "optional": true
                },
                {
                    "name": "relationship_to_policyholder",
                    "type": "select",
                    "values": [
                        "Spouse",
                        "Other Family",
                        "Friend",
                        "Owner",
                        "Trustee",
                        "Partner",
                        "Officer",
                        "Other"
                    ],
                    "newline": false,
                    "width": 6,
                    "title": "Relationship to Policyholder"
                }
            ],
            "newline": true,
            "repeatable": true,
            "optional": true
        },
        {
            "title": "Add Previous address",
            "name": "previous_address_policyholder",
            "type": "group",
            "fields": [
                {
                    "title": "Street Address",
                    "name": "previous_street_address_policyholder",
                    "type": "string",
                    "width": 12,
                    "newline": true
                },
                {
                    "name": "previous_lot_unit_policyholder",
                    "type": "string",
                    "optional": true,
                    "width": 6,
                    "newline": true,
                    "title": "Lot/Unit#"
                },
                {
                    "title": "City",
                    "name": "previous_city_policyholder",
                    "type": "string",
                    "width": 6
                },
                {
                    "title": "State",
                    "type": "lookup",
                    "name": "previous_state_policyholder",
                    "table": "ALLStatesList_DL"
                },
                {
                    "title": "Zip Code",
                    "name": "previous_zip_code_policyholder",
                    "type": "string",
                    "width": 6,
                    "regex": "^([0-9]{5})*$"
                },
                {
                    "title": "County",
                    "name": "previous_county_policyholder",
                    "type": "string",
                    "optional": true,
                    "width": 6,
                    "newline": true
                },
                {
                    "title": "Country",
                    "name": "previous_country_policyholder",
                    "type": "select",
                    "values": [
                        "USA"
                    ],
                    "width": 6
                }
            ],
            "optional": false,
            "newline": true,
            "width": 12
        },
        {
            "title": "Prior Claims",
            "name": "prior_claims",
            "type": "group",
            "fields": [
                {
                    "title": "Prior Claims Source",
                    "name": "claim_source",
                    "type": "select",
                    "values": [
                        "User Declared",
                        "Third Party"
                    ],
                    "newline": false,
                    "width": 6
                },
                {
                    "title": "Category",
                    "name": "category",
                    "type": "select",
                    "values": [
                        "Fire/Smoke",
                        "Interior Water",
                        "Weather - Hail",
                        "Weather - Lightning",
                        "Weather - Water",
                        "Weather - Wind",
                        "Theft/Burglary",
                        "Vandalism or Malicious Mischief",
                        "Liability",
                        "Medical Payments",
                        "Collision/Vehicle/Aircraft",
                        "Earthquake",
                        "Flood",
                        "Other"
                    ],
                    "repeatable": false,
                    "newline": false,
                    "width": 6
                },
                {
                    "title": "Date of Loss",
                    "name": "claim_date",
                    "type": "date",
                    "precision": "day",
                    "minimum": "1900-01-01",
                    "newline": false,
                    "width": 6
                },
                {
                    "title": "Claim Amount",
                    "name": "claim_amount",
                    "type": "number",
                    "newline": false,
                    "width": 6,
                    "maximum": 999999999,
                    "minimum": 0
                },
                {
                    "title": "Prior Claim Number",
                    "name": "claim_number",
                    "type": "string",
                    "newline": false,
                    "width": 6,
                    "optional": true
                },
                {
                    "title": "Prior Claims  Status",
                    "type": "select",
                    "values": [
                        "Open",
                        "Closed"
                    ],
                    "name": "claim_status",
                    "optional": true
                },
                {
                    "title": "Was the claim a result of designated catastrophe?",
                    "name": "claim_cat",
                    "type": "select",
                    "values": [
                        "Yes",
                        "No"
                    ],
                    "newline": false,
                    "optional": true,
                    "width": 6
                },
                {
                    "title": "Notes",
                    "name": "description_of_loss",
                    "type": "string",
                    "newline": false,
                    "multiline": true,
                    "width": 6,
                    "optional": true
                },
                {
                    "title": "Reference Number",
                    "name": "reference_number",
                    "type": "string",
                    "optional": true
                }
            ],
            "newline": true,
            "width": 12,
            "repeatable": true,
            "optional": true
        },
        {
            "title": "Prior Insurance Details",
            "name": "prior_insurance_details",
            "type": "group",
            "fields": [
                {
                    "title": "Does the applicant already have homeowners insurance?",
                    "name": "prior_insurance",
                    "type": "select",
                    "values": [
                        "Yes, I am thinking about switching carriers",
                        "No, I'm buying a new home",
                        "No, I don't have insurance today"
                    ],
                    "newline": true,
                    "width": 12
                },
                {
                    "title": "Your current insurer",
                    "name": "prior_carrier_name",
                    "type": "select",
                    "values": [
                        "Aegis",
                        "Allstate",
                        "Bankers",
                        "American Modern",
                        "American Reliable",
                        "American Summit",
                        "Foremost",
                        "Homesite",
                        "Kin",
                        "Liberty Mutual",
                        "National Lloyds",
                        "National Security",
                        "Pacific Specialty",
                        "Progressive",
                        "Shelter",
                        "State Farm",
                        "Tower Hill",
                        "USAA",
                        "Not Listed"
                    ],
                    "newline": true,
                    "width": 6,
                    "optional": false,
                    "condition": {
                        "prior_insurance": [
                            "Yes, I am thinking about switching carriers"
                        ]
                    }
                },
                {
                    "title": "Prior Policy Expiration Date",
                    "name": "prior_policy_expiration_date",
                    "type": "select",
                    "values": [
                        "1-7 days ago",
                        "8-30 days ago",
                        "31-90 days ago",
                        "More than 90 days ago",
                        "My home has never been insured"
                    ],
                    "newline": false,
                    "width": 6,
                    "optional": false,
                    "condition": {
                        "prior_insurance": [
                            "No, I don't have insurance today"
                        ]
                    }
                }
            ],
            "repeatable": false,
            "optional": false,
            "newline": false
        },
        {
            "title": "Documents",
            "name": "documents",
            "type": "group",
            "fields": [
                {
                    "title": "Document Type",
                    "name": "document_type",
                    "type": "select",
                    "values": [
                        "Unit Photographs",
                        "Previous Policy Dec Page",
                        "Inspection Reports",
                        "Additional Documents",
                        "Valuation Report"
                    ],
                    "optional": true,
                    "repeatable": false,
                    "newline": true,
                    "width": 6
                },
                {
                    "title": "Upload File",
                    "name": "uploaded_file",
                    "type": "media",
                    "optional": true,
                    "repeatable": false,
                    "newline": false,
                    "width": 6
                }
            ],
            "repeatable": true,
            "optional": true,
            "newline": true
        },
        {
            "title": "Does the applicant have one or more policy with CoverTree?",
            "name": "multi_policy_discount",
            "type": "select",
            "values": [
                "Yes",
                "No"
            ],
            "width": 12
        },
        {
            "title": "Does the Policyholder prefer a paperless transaction?",
            "name": "paperless_discount",
            "type": "select",
            "values": [
                "Yes",
                "No"
            ],
            "width": 12,
            "newline": true
        },
        {
            "title": "Application Initiated from",
            "name": "application_intiation",
            "type": "select",
            "values": [
                "Direct to Consumer",
                "Internal Agent",
                "Independent Agent"
            ],
            "width": 12,
            "newline": true
        },
        {
            "title": "Affinity/Association Discount",
            "name": "association_discount",
            "type": "select",
            "values": [
                "No"
            ],
            "newline": true,
            "width": 12
        },
        {
            "title": "Policy Level Underwriting Questions",
            "name": "policy_level_suppl_uw",
            "type": "group",
            "fields": [
                {
                    "title": "Does one of the insureds have a past conviction for arson, fraud, or other insurance related offenses?",
                    "name": "conviction",
                    "type": "select",
                    "values": [
                        "Yes",
                        "No"
                    ],
                    "width": 12,
                    "newline": true
                },
                {
                    "title": "Has your insurance been cancelled or non-renewed for underwriting reasons in the last 4 years?",
                    "name": "cancellation_renew",
                    "type": "select",
                    "values": [
                        "Yes",
                        "No"
                    ],
                    "width": 12,
                    "newline": true
                },
                {
                    "title": "What was the reason for the prior non-renewal or cancel?",
                    "name": "reason_cancellation_renew",
                    "type": "string",
                    "width": 12,
                    "newline": true,
                    "optional": false,
                    "condition": {
                        "cancellation_renew": [
                            "Yes"
                        ]
                    },
                    "multiline": true
                },
                {
                    "title": "Do you have any animals with a bit history/vicious propensities, or an Akita, Chow, Pit Bull, Doberman, Rottweiler, or any non-domestic animal?",
                    "name": "animal_bite",
                    "type": "select",
                    "values": [
                        "Yes",
                        "No"
                    ],
                    "newline": true,
                    "width": 12
                }
            ]
        },
        {
            "title": "Manual Underwriting Decision",
            "name": "uw_details",
            "type": "group",
            "fields": [
                {
                    "title": "Manual Decision",
                    "name": "manual_decision",
                    "type": "select",
                    "values": [
                        "Accept",
                        "Reject"
                    ],
                    "optional": true,
                    "newline": true,
                    "width": 6
                },
                {
                    "title": "Description",
                    "name": "uw_description",
                    "type": "string",
                    "optional": true,
                    "multiline": true,
                    "newline": true,
                    "width": 6
                }
            ],
            "optional": true,
            "newline": true,
            "width": 12
        }
    ]
}