{
    "name": "Coverage E - Premises Liability",
    "displayName": "Coverage E - Premises Liability",
    "indemnityPerItem": "0",
    "indemnityPerEvent": "0",
    "indemnityInAggregate": "0",
    "deductible": "0",
    "lumpSumPayment": "0",
    "fields": [
        {
            "title": "Premises Liability Limit",
            "name": "premises_liability_limit",
            "type": "select",
            "values": [
                "$25,000",
                "$50,000",
                "$100,000",
                "$300,000",
                "$500,000"
            ],
            "newline": true,
            "optional": false
        }
    ]
}