{"name":"Coverage B - Other Structures","displayName":"Coverage B - Other Structures","indemnityPerItem":"0","indemnityPerEvent":"0","indemnityInAggregate":"0","deductible":"0","lumpSumPayment":"0","fields":[{"title":"Other Structures Limit","name":"other_structures_limit","type":"number","newline":true,"maximum":999999999,"minimum":0},{"title":"Other Structures Settlement Option","name":"cov_b_settlement_option","type":"select","values":["Actual Cash Value","Replacement Cost","Extended Replacement Cost"],"newline":true}]}