{
    "name": "Increased Debris Removal",
    "displayName": "Increased Debris Removal",
    "fields": [
        {
            "title": "Increased Debris Removal Limit",
            "name": "debris_removal_limit",
            "type": "select",
            "values": [
                "$5,000",
                "$10,000"
            ],
            "newline": true,
            "optional": false
        }
    ],
    "indemnityPerItem": "0",
    "indemnityPerEvent": "0",
    "indemnityInAggregate": "0",
    "deductible": "0",
    "lumpSumPayment": "0"
}