key,value
0 | A,All Other Perils#1|Windstorm Or Hail#1|Earthquake#0|Hurricane#0|Wildfire#0|Flood#0
23 | A,All Other Perils#1|Windstorm Or Hail#1|Earthquake#0|Hurricane#0|Wildfire#0|Flood#0
28 | A,All Other Perils#1|Windstorm Or Hail#1|Earthquake#0|Hurricane#0|Wildfire#0|Flood#0
35 | A,All Other Perils#1|Windstorm Or Hail#1|Earthquake#0|Hurricane#0|Wildfire#0|Flood#0
38 | A,All Other Perils#0.99|Windstorm Or Hail#0.99|Earthquake#0|Hurricane#0|Wildfire#0|Flood#0
43 | A,All Other Perils#0.98|Windstorm Or Hail#0.98|Earthquake#0|Hurricane#0|Wildfire#0|Flood#0
48 | A,All Other Perils#0.97|Windstorm Or Hail#0.97|Earthquake#0|Hurricane#0|Wildfire#0|Flood#0
54 | A,All Other Perils#0.96|Windstorm Or Hail#0.96|Earthquake#0|Hurricane#0|Wildfire#0|Flood#0
55 | A,All Other Perils#0.92|Windstorm Or Hail#0.92|Earthquake#0|Hurricane#0|Wildfire#0|Flood#0
66 | A,All Other Perils#0.9|Windstorm Or Hail#0.9|Earthquake#0|Hurricane#0|Wildfire#0|Flood#0
0 | B,All Other Perils#1|Windstorm Or Hail#1|Earthquake#0|Hurricane#0|Wildfire#0|Flood#0
23 | B,All Other Perils#1|Windstorm Or Hail#1|Earthquake#0|Hurricane#0|Wildfire#0|Flood#0
28 | B,All Other Perils#1|Windstorm Or Hail#1|Earthquake#0|Hurricane#0|Wildfire#0|Flood#0
35 | B,All Other Perils#1|Windstorm Or Hail#1|Earthquake#0|Hurricane#0|Wildfire#0|Flood#0
38 | B,All Other Perils#0.99|Windstorm Or Hail#0.99|Earthquake#0|Hurricane#0|Wildfire#0|Flood#0
43 | B,All Other Perils#0.98|Windstorm Or Hail#0.98|Earthquake#0|Hurricane#0|Wildfire#0|Flood#0
48 | B,All Other Perils#0.97|Windstorm Or Hail#0.97|Earthquake#0|Hurricane#0|Wildfire#0|Flood#0
54 | B,All Other Perils#0.96|Windstorm Or Hail#0.96|Earthquake#0|Hurricane#0|Wildfire#0|Flood#0
55 | B,All Other Perils#0.92|Windstorm Or Hail#0.92|Earthquake#0|Hurricane#0|Wildfire#0|Flood#0
66 | B,All Other Perils#0.9|Windstorm Or Hail#0.9|Earthquake#0|Hurricane#0|Wildfire#0|Flood#0
0 | C,All Other Perils#1|Windstorm Or Hail#1|Earthquake#0|Hurricane#0|Wildfire#0|Flood#0
23 | C,All Other Perils#1|Windstorm Or Hail#1|Earthquake#0|Hurricane#0|Wildfire#0|Flood#0
28 | C,All Other Perils#1|Windstorm Or Hail#1|Earthquake#0|Hurricane#0|Wildfire#0|Flood#0
35 | C,All Other Perils#1|Windstorm Or Hail#1|Earthquake#0|Hurricane#0|Wildfire#0|Flood#0
38 | C,All Other Perils#0.99|Windstorm Or Hail#0.99|Earthquake#0|Hurricane#0|Wildfire#0|Flood#0
43 | C,All Other Perils#0.98|Windstorm Or Hail#0.98|Earthquake#0|Hurricane#0|Wildfire#0|Flood#0
48 | C,All Other Perils#0.97|Windstorm Or Hail#0.97|Earthquake#0|Hurricane#0|Wildfire#0|Flood#0
54 | C,All Other Perils#0.96|Windstorm Or Hail#0.96|Earthquake#0|Hurricane#0|Wildfire#0|Flood#0
55 | C,All Other Perils#0.92|Windstorm Or Hail#0.92|Earthquake#0|Hurricane#0|Wildfire#0|Flood#0
66 | C,All Other Perils#0.9|Windstorm Or Hail#0.9|Earthquake#0|Hurricane#0|Wildfire#0|Flood#0