key,value
Non-Tenant | 0 | A,All Other Perils#0.687|Windstorm Or Hail#0.687|Earthquake#1|Hurricane#0|Wildfire#0|Flood#0
Non-Tenant | 1 | A,All Other Perils#0.72|Windstorm Or Hail#0.72|Earthquake#1|Hurricane#0|Wildfire#0|Flood#0
Non-Tenant | 2 | A,All Other Perils#0.75|Windstorm Or Hail#0.75|Earthquake#1|Hurricane#0|Wildfire#0|Flood#0
Non-Tenant | 3 | A,All Other Perils#0.78|Windstorm Or Hail#0.78|Earthquake#1|Hurricane#0|Wildfire#0|Flood#0
Non-Tenant | 4 | A,All Other Perils#0.81|Windstorm Or Hail#0.81|Earthquake#1|Hurricane#0|Wildfire#0|Flood#0
Non-Tenant | 5 | A,All Other Perils#0.84|Windstorm Or Hail#0.84|Earthquake#1|Hurricane#0|Wildfire#0|Flood#0
Non-Tenant | 6 | A,All Other Perils#0.87|Windstorm Or Hail#0.87|Earthquake#1|Hurricane#0|Wildfire#0|Flood#0
Non-Tenant | 7 | A,All Other Perils#0.9|Windstorm Or Hail#0.9|Earthquake#1|Hurricane#0|Wildfire#0|Flood#0
Non-Tenant | 8 | A,All Other Perils#0.93|Windstorm Or Hail#0.93|Earthquake#1|Hurricane#0|Wildfire#0|Flood#0
Non-Tenant | 9 | A,All Other Perils#0.96|Windstorm Or Hail#0.96|Earthquake#1|Hurricane#0|Wildfire#0|Flood#0
Non-Tenant | 10 | A,All Other Perils#0.98|Windstorm Or Hail#0.98|Earthquake#1|Hurricane#0|Wildfire#0|Flood#0
Non-Tenant | 11 | A,All Other Perils#1|Windstorm Or Hail#1|Earthquake#1|Hurricane#0|Wildfire#0|Flood#0
Non-Tenant | 12 | A,All Other Perils#1.02|Windstorm Or Hail#1.02|Earthquake#1|Hurricane#0|Wildfire#0|Flood#0
Non-Tenant | 13 | A,All Other Perils#1.04|Windstorm Or Hail#1.04|Earthquake#1|Hurricane#0|Wildfire#0|Flood#0
Non-Tenant | 14 | A,All Other Perils#1.06|Windstorm Or Hail#1.06|Earthquake#1|Hurricane#0|Wildfire#0|Flood#0
Non-Tenant | 15 | A,All Other Perils#1.08|Windstorm Or Hail#1.08|Earthquake#1|Hurricane#0|Wildfire#0|Flood#0
Non-Tenant | 16 | A,All Other Perils#1.1|Windstorm Or Hail#1.1|Earthquake#1|Hurricane#0|Wildfire#0|Flood#0
Non-Tenant | 17 | A,All Other Perils#1.12|Windstorm Or Hail#1.12|Earthquake#1|Hurricane#0|Wildfire#0|Flood#0
Non-Tenant | 18 | A,All Other Perils#1.14|Windstorm Or Hail#1.14|Earthquake#1|Hurricane#0|Wildfire#0|Flood#0
Non-Tenant | 19 | A,All Other Perils#1.16|Windstorm Or Hail#1.16|Earthquake#1|Hurricane#0|Wildfire#0|Flood#0
Non-Tenant | 20 | A,All Other Perils#1.175|Windstorm Or Hail#1.175|Earthquake#1|Hurricane#0|Wildfire#0|Flood#0
Non-Tenant | 21 | A,All Other Perils#1.19|Windstorm Or Hail#1.19|Earthquake#1|Hurricane#0|Wildfire#0|Flood#0
Non-Tenant | 22 | A,All Other Perils#1.205|Windstorm Or Hail#1.205|Earthquake#1|Hurricane#0|Wildfire#0|Flood#0
Non-Tenant | 23 | A,All Other Perils#1.22|Windstorm Or Hail#1.22|Earthquake#1|Hurricane#0|Wildfire#0|Flood#0
Non-Tenant | 24 | A,All Other Perils#1.235|Windstorm Or Hail#1.235|Earthquake#1|Hurricane#0|Wildfire#0|Flood#0
Non-Tenant | 25 | A,All Other Perils#1.25|Windstorm Or Hail#1.25|Earthquake#1|Hurricane#0|Wildfire#0|Flood#0
Non-Tenant | 26 | A,All Other Perils#1.265|Windstorm Or Hail#1.265|Earthquake#1|Hurricane#0|Wildfire#0|Flood#0
Non-Tenant | 27 | A,All Other Perils#1.28|Windstorm Or Hail#1.28|Earthquake#1|Hurricane#0|Wildfire#0|Flood#0
Non-Tenant | 28 | A,All Other Perils#1.295|Windstorm Or Hail#1.295|Earthquake#1|Hurricane#0|Wildfire#0|Flood#0
Non-Tenant | 29 | A,All Other Perils#1.31|Windstorm Or Hail#1.31|Earthquake#1|Hurricane#0|Wildfire#0|Flood#0
Non-Tenant | 30 | A,All Other Perils#1.32|Windstorm Or Hail#1.32|Earthquake#1|Hurricane#0|Wildfire#0|Flood#0
Non-Tenant | 31 | A,All Other Perils#1.33|Windstorm Or Hail#1.33|Earthquake#1|Hurricane#0|Wildfire#0|Flood#0
Non-Tenant | 32 | A,All Other Perils#1.34|Windstorm Or Hail#1.34|Earthquake#1|Hurricane#0|Wildfire#0|Flood#0
Non-Tenant | 33 | A,All Other Perils#1.345|Windstorm Or Hail#1.345|Earthquake#1|Hurricane#0|Wildfire#0|Flood#0
Non-Tenant | 34 | A,All Other Perils#1.35|Windstorm Or Hail#1.35|Earthquake#1|Hurricane#0|Wildfire#0|Flood#0
Non-Tenant | 35 | A,All Other Perils#1.355|Windstorm Or Hail#1.355|Earthquake#1|Hurricane#0|Wildfire#0|Flood#0
Non-Tenant | 36 | A,All Other Perils#1.36|Windstorm Or Hail#1.36|Earthquake#1|Hurricane#0|Wildfire#0|Flood#0
Non-Tenant | 37 | A,All Other Perils#1.365|Windstorm Or Hail#1.365|Earthquake#1|Hurricane#0|Wildfire#0|Flood#0
Non-Tenant | 38 | A,All Other Perils#1.366|Windstorm Or Hail#1.366|Earthquake#1|Hurricane#0|Wildfire#0|Flood#0
Non-Tenant | 39 | A,All Other Perils#1.367|Windstorm Or Hail#1.367|Earthquake#1|Hurricane#0|Wildfire#0|Flood#0
Non-Tenant | 40 | A,All Other Perils#1.368|Windstorm Or Hail#1.368|Earthquake#1|Hurricane#0|Wildfire#0|Flood#0
Non-Tenant | 41 | A,All Other Perils#1.369|Windstorm Or Hail#1.369|Earthquake#1|Hurricane#0|Wildfire#0|Flood#0
Non-Tenant | 42 | A,All Other Perils#1.37|Windstorm Or Hail#1.37|Earthquake#1|Hurricane#0|Wildfire#0|Flood#0
Non-Tenant | 43 | A,All Other Perils#1.371|Windstorm Or Hail#1.371|Earthquake#1|Hurricane#0|Wildfire#0|Flood#0
Non-Tenant | 44 | A,All Other Perils#1.372|Windstorm Or Hail#1.372|Earthquake#1|Hurricane#0|Wildfire#0|Flood#0
Non-Tenant | 45 | A,All Other Perils#1.373|Windstorm Or Hail#1.373|Earthquake#1|Hurricane#0|Wildfire#0|Flood#0
Non-Tenant | 46 | A,All Other Perils#1.374|Windstorm Or Hail#1.374|Earthquake#1|Hurricane#0|Wildfire#0|Flood#0
Non-Tenant | 47 | A,All Other Perils#1.375|Windstorm Or Hail#1.375|Earthquake#1|Hurricane#0|Wildfire#0|Flood#0
Non-Tenant | 48 | A,All Other Perils#1.376|Windstorm Or Hail#1.376|Earthquake#1|Hurricane#0|Wildfire#0|Flood#0
Non-Tenant | 49 | A,All Other Perils#1.377|Windstorm Or Hail#1.377|Earthquake#1|Hurricane#0|Wildfire#0|Flood#0
Non-Tenant | 50 | A,All Other Perils#1.378|Windstorm Or Hail#1.378|Earthquake#1|Hurricane#0|Wildfire#0|Flood#0
Non-Tenant | 0 | B,All Other Perils#0.687|Windstorm Or Hail#0.687|Earthquake#1|Hurricane#0|Wildfire#0|Flood#0
Non-Tenant | 1 | B,All Other Perils#0.72|Windstorm Or Hail#0.72|Earthquake#1|Hurricane#0|Wildfire#0|Flood#0
Non-Tenant | 2 | B,All Other Perils#0.75|Windstorm Or Hail#0.75|Earthquake#1|Hurricane#0|Wildfire#0|Flood#0
Non-Tenant | 3 | B,All Other Perils#0.78|Windstorm Or Hail#0.78|Earthquake#1|Hurricane#0|Wildfire#0|Flood#0
Non-Tenant | 4 | B,All Other Perils#0.81|Windstorm Or Hail#0.81|Earthquake#1|Hurricane#0|Wildfire#0|Flood#0
Non-Tenant | 5 | B,All Other Perils#0.84|Windstorm Or Hail#0.84|Earthquake#1|Hurricane#0|Wildfire#0|Flood#0
Non-Tenant | 6 | B,All Other Perils#0.87|Windstorm Or Hail#0.87|Earthquake#1|Hurricane#0|Wildfire#0|Flood#0
Non-Tenant | 7 | B,All Other Perils#0.9|Windstorm Or Hail#0.9|Earthquake#1|Hurricane#0|Wildfire#0|Flood#0
Non-Tenant | 8 | B,All Other Perils#0.93|Windstorm Or Hail#0.93|Earthquake#1|Hurricane#0|Wildfire#0|Flood#0
Non-Tenant | 9 | B,All Other Perils#0.96|Windstorm Or Hail#0.96|Earthquake#1|Hurricane#0|Wildfire#0|Flood#0
Non-Tenant | 10 | B,All Other Perils#0.98|Windstorm Or Hail#0.98|Earthquake#1|Hurricane#0|Wildfire#0|Flood#0
Non-Tenant | 11 | B,All Other Perils#1|Windstorm Or Hail#1|Earthquake#1|Hurricane#0|Wildfire#0|Flood#0
Non-Tenant | 12 | B,All Other Perils#1.02|Windstorm Or Hail#1.02|Earthquake#1|Hurricane#0|Wildfire#0|Flood#0
Non-Tenant | 13 | B,All Other Perils#1.04|Windstorm Or Hail#1.04|Earthquake#1|Hurricane#0|Wildfire#0|Flood#0
Non-Tenant | 14 | B,All Other Perils#1.06|Windstorm Or Hail#1.06|Earthquake#1|Hurricane#0|Wildfire#0|Flood#0
Non-Tenant | 15 | B,All Other Perils#1.08|Windstorm Or Hail#1.08|Earthquake#1|Hurricane#0|Wildfire#0|Flood#0
Non-Tenant | 16 | B,All Other Perils#1.1|Windstorm Or Hail#1.1|Earthquake#1|Hurricane#0|Wildfire#0|Flood#0
Non-Tenant | 17 | B,All Other Perils#1.12|Windstorm Or Hail#1.12|Earthquake#1|Hurricane#0|Wildfire#0|Flood#0
Non-Tenant | 18 | B,All Other Perils#1.14|Windstorm Or Hail#1.14|Earthquake#1|Hurricane#0|Wildfire#0|Flood#0
Non-Tenant | 19 | B,All Other Perils#1.16|Windstorm Or Hail#1.16|Earthquake#1|Hurricane#0|Wildfire#0|Flood#0
Non-Tenant | 20 | B,All Other Perils#1.175|Windstorm Or Hail#1.175|Earthquake#1|Hurricane#0|Wildfire#0|Flood#0
Non-Tenant | 21 | B,All Other Perils#1.19|Windstorm Or Hail#1.19|Earthquake#1|Hurricane#0|Wildfire#0|Flood#0
Non-Tenant | 22 | B,All Other Perils#1.205|Windstorm Or Hail#1.205|Earthquake#1|Hurricane#0|Wildfire#0|Flood#0
Non-Tenant | 23 | B,All Other Perils#1.22|Windstorm Or Hail#1.22|Earthquake#1|Hurricane#0|Wildfire#0|Flood#0
Non-Tenant | 24 | B,All Other Perils#1.235|Windstorm Or Hail#1.235|Earthquake#1|Hurricane#0|Wildfire#0|Flood#0
Non-Tenant | 25 | B,All Other Perils#1.25|Windstorm Or Hail#1.25|Earthquake#1|Hurricane#0|Wildfire#0|Flood#0
Non-Tenant | 26 | B,All Other Perils#1.265|Windstorm Or Hail#1.265|Earthquake#1|Hurricane#0|Wildfire#0|Flood#0
Non-Tenant | 27 | B,All Other Perils#1.28|Windstorm Or Hail#1.28|Earthquake#1|Hurricane#0|Wildfire#0|Flood#0
Non-Tenant | 28 | B,All Other Perils#1.295|Windstorm Or Hail#1.295|Earthquake#1|Hurricane#0|Wildfire#0|Flood#0
Non-Tenant | 29 | B,All Other Perils#1.31|Windstorm Or Hail#1.31|Earthquake#1|Hurricane#0|Wildfire#0|Flood#0
Non-Tenant | 30 | B,All Other Perils#1.32|Windstorm Or Hail#1.32|Earthquake#1|Hurricane#0|Wildfire#0|Flood#0
Non-Tenant | 31 | B,All Other Perils#1.33|Windstorm Or Hail#1.33|Earthquake#1|Hurricane#0|Wildfire#0|Flood#0
Non-Tenant | 32 | B,All Other Perils#1.34|Windstorm Or Hail#1.34|Earthquake#1|Hurricane#0|Wildfire#0|Flood#0
Non-Tenant | 33 | B,All Other Perils#1.345|Windstorm Or Hail#1.345|Earthquake#1|Hurricane#0|Wildfire#0|Flood#0
Non-Tenant | 34 | B,All Other Perils#1.35|Windstorm Or Hail#1.35|Earthquake#1|Hurricane#0|Wildfire#0|Flood#0
Non-Tenant | 35 | B,All Other Perils#1.355|Windstorm Or Hail#1.355|Earthquake#1|Hurricane#0|Wildfire#0|Flood#0
Non-Tenant | 36 | B,All Other Perils#1.36|Windstorm Or Hail#1.36|Earthquake#1|Hurricane#0|Wildfire#0|Flood#0
Non-Tenant | 37 | B,All Other Perils#1.365|Windstorm Or Hail#1.365|Earthquake#1|Hurricane#0|Wildfire#0|Flood#0
Non-Tenant | 38 | B,All Other Perils#1.366|Windstorm Or Hail#1.366|Earthquake#1|Hurricane#0|Wildfire#0|Flood#0
Non-Tenant | 39 | B,All Other Perils#1.367|Windstorm Or Hail#1.367|Earthquake#1|Hurricane#0|Wildfire#0|Flood#0
Non-Tenant | 40 | B,All Other Perils#1.368|Windstorm Or Hail#1.368|Earthquake#1|Hurricane#0|Wildfire#0|Flood#0
Non-Tenant | 41 | B,All Other Perils#1.369|Windstorm Or Hail#1.369|Earthquake#1|Hurricane#0|Wildfire#0|Flood#0
Non-Tenant | 42 | B,All Other Perils#1.37|Windstorm Or Hail#1.37|Earthquake#1|Hurricane#0|Wildfire#0|Flood#0
Non-Tenant | 43 | B,All Other Perils#1.371|Windstorm Or Hail#1.371|Earthquake#1|Hurricane#0|Wildfire#0|Flood#0
Non-Tenant | 44 | B,All Other Perils#1.372|Windstorm Or Hail#1.372|Earthquake#1|Hurricane#0|Wildfire#0|Flood#0
Non-Tenant | 45 | B,All Other Perils#1.373|Windstorm Or Hail#1.373|Earthquake#1|Hurricane#0|Wildfire#0|Flood#0
Non-Tenant | 46 | B,All Other Perils#1.374|Windstorm Or Hail#1.374|Earthquake#1|Hurricane#0|Wildfire#0|Flood#0
Non-Tenant | 47 | B,All Other Perils#1.375|Windstorm Or Hail#1.375|Earthquake#1|Hurricane#0|Wildfire#0|Flood#0
Non-Tenant | 48 | B,All Other Perils#1.376|Windstorm Or Hail#1.376|Earthquake#1|Hurricane#0|Wildfire#0|Flood#0
Non-Tenant | 49 | B,All Other Perils#1.377|Windstorm Or Hail#1.377|Earthquake#1|Hurricane#0|Wildfire#0|Flood#0
Non-Tenant | 50 | B,All Other Perils#1.378|Windstorm Or Hail#1.378|Earthquake#1|Hurricane#0|Wildfire#0|Flood#0
Non-Tenant | 0 | C,All Other Perils#0.687|Windstorm Or Hail#0.687|Earthquake#1|Hurricane#0|Wildfire#0|Flood#0
Non-Tenant | 1 | C,All Other Perils#0.72|Windstorm Or Hail#0.72|Earthquake#1|Hurricane#0|Wildfire#0|Flood#0
Non-Tenant | 2 | C,All Other Perils#0.75|Windstorm Or Hail#0.75|Earthquake#1|Hurricane#0|Wildfire#0|Flood#0
Non-Tenant | 3 | C,All Other Perils#0.78|Windstorm Or Hail#0.78|Earthquake#1|Hurricane#0|Wildfire#0|Flood#0
Non-Tenant | 4 | C,All Other Perils#0.81|Windstorm Or Hail#0.81|Earthquake#1|Hurricane#0|Wildfire#0|Flood#0
Non-Tenant | 5 | C,All Other Perils#0.84|Windstorm Or Hail#0.84|Earthquake#1|Hurricane#0|Wildfire#0|Flood#0
Non-Tenant | 6 | C,All Other Perils#0.87|Windstorm Or Hail#0.87|Earthquake#1|Hurricane#0|Wildfire#0|Flood#0
Non-Tenant | 7 | C,All Other Perils#0.9|Windstorm Or Hail#0.9|Earthquake#1|Hurricane#0|Wildfire#0|Flood#0
Non-Tenant | 8 | C,All Other Perils#0.93|Windstorm Or Hail#0.93|Earthquake#1|Hurricane#0|Wildfire#0|Flood#0
Non-Tenant | 9 | C,All Other Perils#0.96|Windstorm Or Hail#0.96|Earthquake#1|Hurricane#0|Wildfire#0|Flood#0
Non-Tenant | 10 | C,All Other Perils#0.98|Windstorm Or Hail#0.98|Earthquake#1|Hurricane#0|Wildfire#0|Flood#0
Non-Tenant | 11 | C,All Other Perils#1|Windstorm Or Hail#1|Earthquake#1|Hurricane#0|Wildfire#0|Flood#0
Non-Tenant | 12 | C,All Other Perils#1.02|Windstorm Or Hail#1.02|Earthquake#1|Hurricane#0|Wildfire#0|Flood#0
Non-Tenant | 13 | C,All Other Perils#1.04|Windstorm Or Hail#1.04|Earthquake#1|Hurricane#0|Wildfire#0|Flood#0
Non-Tenant | 14 | C,All Other Perils#1.06|Windstorm Or Hail#1.06|Earthquake#1|Hurricane#0|Wildfire#0|Flood#0
Non-Tenant | 15 | C,All Other Perils#1.08|Windstorm Or Hail#1.08|Earthquake#1|Hurricane#0|Wildfire#0|Flood#0
Non-Tenant | 16 | C,All Other Perils#1.1|Windstorm Or Hail#1.1|Earthquake#1|Hurricane#0|Wildfire#0|Flood#0
Non-Tenant | 17 | C,All Other Perils#1.12|Windstorm Or Hail#1.12|Earthquake#1|Hurricane#0|Wildfire#0|Flood#0
Non-Tenant | 18 | C,All Other Perils#1.14|Windstorm Or Hail#1.14|Earthquake#1|Hurricane#0|Wildfire#0|Flood#0
Non-Tenant | 19 | C,All Other Perils#1.16|Windstorm Or Hail#1.16|Earthquake#1|Hurricane#0|Wildfire#0|Flood#0
Non-Tenant | 20 | C,All Other Perils#1.175|Windstorm Or Hail#1.175|Earthquake#1|Hurricane#0|Wildfire#0|Flood#0
Non-Tenant | 21 | C,All Other Perils#1.19|Windstorm Or Hail#1.19|Earthquake#1|Hurricane#0|Wildfire#0|Flood#0
Non-Tenant | 22 | C,All Other Perils#1.205|Windstorm Or Hail#1.205|Earthquake#1|Hurricane#0|Wildfire#0|Flood#0
Non-Tenant | 23 | C,All Other Perils#1.22|Windstorm Or Hail#1.22|Earthquake#1|Hurricane#0|Wildfire#0|Flood#0
Non-Tenant | 24 | C,All Other Perils#1.235|Windstorm Or Hail#1.235|Earthquake#1|Hurricane#0|Wildfire#0|Flood#0
Non-Tenant | 25 | C,All Other Perils#1.25|Windstorm Or Hail#1.25|Earthquake#1|Hurricane#0|Wildfire#0|Flood#0
Non-Tenant | 26 | C,All Other Perils#1.265|Windstorm Or Hail#1.265|Earthquake#1|Hurricane#0|Wildfire#0|Flood#0
Non-Tenant | 27 | C,All Other Perils#1.28|Windstorm Or Hail#1.28|Earthquake#1|Hurricane#0|Wildfire#0|Flood#0
Non-Tenant | 28 | C,All Other Perils#1.295|Windstorm Or Hail#1.295|Earthquake#1|Hurricane#0|Wildfire#0|Flood#0
Non-Tenant | 29 | C,All Other Perils#1.31|Windstorm Or Hail#1.31|Earthquake#1|Hurricane#0|Wildfire#0|Flood#0
Non-Tenant | 30 | C,All Other Perils#1.32|Windstorm Or Hail#1.32|Earthquake#1|Hurricane#0|Wildfire#0|Flood#0
Non-Tenant | 31 | C,All Other Perils#1.33|Windstorm Or Hail#1.33|Earthquake#1|Hurricane#0|Wildfire#0|Flood#0
Non-Tenant | 32 | C,All Other Perils#1.34|Windstorm Or Hail#1.34|Earthquake#1|Hurricane#0|Wildfire#0|Flood#0
Non-Tenant | 33 | C,All Other Perils#1.345|Windstorm Or Hail#1.345|Earthquake#1|Hurricane#0|Wildfire#0|Flood#0
Non-Tenant | 34 | C,All Other Perils#1.35|Windstorm Or Hail#1.35|Earthquake#1|Hurricane#0|Wildfire#0|Flood#0
Non-Tenant | 35 | C,All Other Perils#1.355|Windstorm Or Hail#1.355|Earthquake#1|Hurricane#0|Wildfire#0|Flood#0
Non-Tenant | 36 | C,All Other Perils#1.36|Windstorm Or Hail#1.36|Earthquake#1|Hurricane#0|Wildfire#0|Flood#0
Non-Tenant | 37 | C,All Other Perils#1.365|Windstorm Or Hail#1.365|Earthquake#1|Hurricane#0|Wildfire#0|Flood#0
Non-Tenant | 38 | C,All Other Perils#1.366|Windstorm Or Hail#1.366|Earthquake#1|Hurricane#0|Wildfire#0|Flood#0
Non-Tenant | 39 | C,All Other Perils#1.367|Windstorm Or Hail#1.367|Earthquake#1|Hurricane#0|Wildfire#0|Flood#0
Non-Tenant | 40 | C,All Other Perils#1.368|Windstorm Or Hail#1.368|Earthquake#1|Hurricane#0|Wildfire#0|Flood#0
Non-Tenant | 41 | C,All Other Perils#1.369|Windstorm Or Hail#1.369|Earthquake#1|Hurricane#0|Wildfire#0|Flood#0
Non-Tenant | 42 | C,All Other Perils#1.37|Windstorm Or Hail#1.37|Earthquake#1|Hurricane#0|Wildfire#0|Flood#0
Non-Tenant | 43 | C,All Other Perils#1.371|Windstorm Or Hail#1.371|Earthquake#1|Hurricane#0|Wildfire#0|Flood#0
Non-Tenant | 44 | C,All Other Perils#1.372|Windstorm Or Hail#1.372|Earthquake#1|Hurricane#0|Wildfire#0|Flood#0
Non-Tenant | 45 | C,All Other Perils#1.373|Windstorm Or Hail#1.373|Earthquake#1|Hurricane#0|Wildfire#0|Flood#0
Non-Tenant | 46 | C,All Other Perils#1.374|Windstorm Or Hail#1.374|Earthquake#1|Hurricane#0|Wildfire#0|Flood#0
Non-Tenant | 47 | C,All Other Perils#1.375|Windstorm Or Hail#1.375|Earthquake#1|Hurricane#0|Wildfire#0|Flood#0
Non-Tenant | 48 | C,All Other Perils#1.376|Windstorm Or Hail#1.376|Earthquake#1|Hurricane#0|Wildfire#0|Flood#0
Non-Tenant | 49 | C,All Other Perils#1.377|Windstorm Or Hail#1.377|Earthquake#1|Hurricane#0|Wildfire#0|Flood#0
Non-Tenant | 50 | C,All Other Perils#1.378|Windstorm Or Hail#1.378|Earthquake#1|Hurricane#0|Wildfire#0|Flood#0
Tenant | 0 | C,All Other Perils#1|Windstorm Or Hail#1|Earthquake#1|Hurricane#0|Wildfire#0|Flood#0