key,value
Yes | A,All Other Perils#0.9946|Windstorm Or Hail#0.9946|Earthquake#0|Hurricane#0|Wildfire#0|Flood#0
No | A,All Other Perils#1|Windstorm Or Hail#1|Earthquake#0|Hurricane#0|Wildfire#0|Flood#0
Yes | B,All Other Perils#0.9946|Windstorm Or Hail#0.9946|Earthquake#0|Hurricane#0|Wildfire#0|Flood#0
No | B,All Other Perils#1|Windstorm Or Hail#1|Earthquake#0|Hurricane#0|Wildfire#0|Flood#0
Yes | C,All Other Perils#0.9946|Windstorm Or Hail#0.9946|Earthquake#0|Hurricane#0|Wildfire#0|Flood#0
No | C,All Other Perils#1|Windstorm Or Hail#1|Earthquake#0|Hurricane#0|Wildfire#0|Flood#0
Yes | D,All Other Perils#0.9946|Windstorm Or Hail#0.9946|Earthquake#0|Hurricane#0|Wildfire#0|Flood#0
No | D,All Other Perils#1|Windstorm Or Hail#1|Earthquake#0|Hurricane#0|Wildfire#0|Flood#0   