key,value
1 | A,All Other Perils#0.97|Windstorm Or Hail#0.97|Earthquake#0|Hurricane#0|Wildfire#0|Flood#0
2 | A,All Other Perils#1.01|Windstorm Or Hail#1.01|Earthquake#0|Hurricane#0|Wildfire#0|Flood#0
3 | A,All Other Perils#1.05|Windstorm Or Hail#1.05|Earthquake#0|Hurricane#0|Wildfire#0|Flood#0
4 | A,All Other Perils#1.07|Windstorm Or Hail#1.07|Earthquake#0|Hurricane#0|Wildfire#0|Flood#0
5 | A,All Other Perils#1.01|Windstorm Or Hail#1.01|Earthquake#0|Hurricane#0|Wildfire#0|Flood#0
6 | A,All Other Perils#1.02|Windstorm Or Hail#1.02|Earthquake#0|Hurricane#0|Wildfire#0|Flood#0
7 | A,All Other Perils#1.07|Windstorm Or Hail#1.07|Earthquake#0|Hurricane#0|Wildfire#0|Flood#0
8 | A,All Other Perils#1.02|Windstorm Or Hail#1.02|Earthquake#0|Hurricane#0|Wildfire#0|Flood#0
9 | A,All Other Perils#1.02|Windstorm Or Hail#1.02|Earthquake#0|Hurricane#0|Wildfire#0|Flood#0
10 | A,All Other Perils#1.01|Windstorm Or Hail#1.01|Earthquake#0|Hurricane#0|Wildfire#0|Flood#0
11 | A,All Other Perils#1.02|Windstorm Or Hail#1.02|Earthquake#0|Hurricane#0|Wildfire#0|Flood#0
12 | A,All Other Perils#1.13|Windstorm Or Hail#1.13|Earthquake#0|Hurricane#0|Wildfire#0|Flood#0
13 | A,All Other Perils#1.17|Windstorm Or Hail#1.17|Earthquake#0|Hurricane#0|Wildfire#0|Flood#0
14 | A,All Other Perils#1.15|Windstorm Or Hail#1.15|Earthquake#0|Hurricane#0|Wildfire#0|Flood#0
15 | A,All Other Perils#1.15|Windstorm Or Hail#1.15|Earthquake#0|Hurricane#0|Wildfire#0|Flood#0
16 | A,All Other Perils#1.23|Windstorm Or Hail#1.23|Earthquake#0|Hurricane#0|Wildfire#0|Flood#0
17 | A,All Other Perils#1.2|Windstorm Or Hail#1.2|Earthquake#0|Hurricane#0|Wildfire#0|Flood#0
18 | A,All Other Perils#1.2|Windstorm Or Hail#1.2|Earthquake#0|Hurricane#0|Wildfire#0|Flood#0
19 | A,All Other Perils#1.3|Windstorm Or Hail#1.3|Earthquake#0|Hurricane#0|Wildfire#0|Flood#0
20 | A,All Other Perils#1.28|Windstorm Or Hail#1.28|Earthquake#0|Hurricane#0|Wildfire#0|Flood#0
21 | A,All Other Perils#1.15|Windstorm Or Hail#1.15|Earthquake#1.5264|Hurricane#0|Wildfire#0|Flood#0
22 | A,All Other Perils#1.11|Windstorm Or Hail#1.11|Earthquake#1|Hurricane#0|Wildfire#0|Flood#0
23 | A,All Other Perils#1.01|Windstorm Or Hail#1.01|Earthquake#0.2632|Hurricane#0|Wildfire#0|Flood#0
24 | A,All Other Perils#0.97|Windstorm Or Hail#0.97|Earthquake#0|Hurricane#0|Wildfire#0|Flood#0
25 | A,All Other Perils#1.14|Windstorm Or Hail#1.14|Earthquake#0|Hurricane#0|Wildfire#0|Flood#0
26 | A,All Other Perils#1.08|Windstorm Or Hail#1.08|Earthquake#0|Hurricane#0|Wildfire#0|Flood#0
27 | A,All Other Perils#1.28|Windstorm Or Hail#1.28|Earthquake#0|Hurricane#0|Wildfire#0|Flood#0
28 | A,All Other Perils#1.01|Windstorm Or Hail#1.01|Earthquake#0|Hurricane#0|Wildfire#0|Flood#0
29 | A,All Other Perils#1.08|Windstorm Or Hail#1.08|Earthquake#0|Hurricane#0|Wildfire#0|Flood#0
30 | A,All Other Perils#1.15|Windstorm Or Hail#1.15|Earthquake#0|Hurricane#0|Wildfire#0|Flood#0
31 | A,All Other Perils#1.2|Windstorm Or Hail#1.2|Earthquake#0|Hurricane#0|Wildfire#0|Flood#0
32 | A,All Other Perils#1.23|Windstorm Or Hail#1.23|Earthquake#0|Hurricane#0|Wildfire#0|Flood#0
1 | B,All Other Perils#0.97|Windstorm Or Hail#0.97|Earthquake#0|Hurricane#0|Wildfire#0|Flood#0
2 | B,All Other Perils#1.01|Windstorm Or Hail#1.01|Earthquake#0|Hurricane#0|Wildfire#0|Flood#0
3 | B,All Other Perils#1.05|Windstorm Or Hail#1.05|Earthquake#0|Hurricane#0|Wildfire#0|Flood#0
4 | B,All Other Perils#1.07|Windstorm Or Hail#1.07|Earthquake#0|Hurricane#0|Wildfire#0|Flood#0
5 | B,All Other Perils#1.01|Windstorm Or Hail#1.01|Earthquake#0|Hurricane#0|Wildfire#0|Flood#0
6 | B,All Other Perils#1.02|Windstorm Or Hail#1.02|Earthquake#0|Hurricane#0|Wildfire#0|Flood#0
7 | B,All Other Perils#1.07|Windstorm Or Hail#1.07|Earthquake#0|Hurricane#0|Wildfire#0|Flood#0
8 | B,All Other Perils#1.02|Windstorm Or Hail#1.02|Earthquake#0|Hurricane#0|Wildfire#0|Flood#0
9 | B,All Other Perils#1.02|Windstorm Or Hail#1.02|Earthquake#0|Hurricane#0|Wildfire#0|Flood#0
10 | B,All Other Perils#1.01|Windstorm Or Hail#1.01|Earthquake#0|Hurricane#0|Wildfire#0|Flood#0
11 | B,All Other Perils#1.02|Windstorm Or Hail#1.02|Earthquake#0|Hurricane#0|Wildfire#0|Flood#0
12 | B,All Other Perils#1.13|Windstorm Or Hail#1.13|Earthquake#0|Hurricane#0|Wildfire#0|Flood#0
13 | B,All Other Perils#1.17|Windstorm Or Hail#1.17|Earthquake#0|Hurricane#0|Wildfire#0|Flood#0
14 | B,All Other Perils#1.15|Windstorm Or Hail#1.15|Earthquake#0|Hurricane#0|Wildfire#0|Flood#0
15 | B,All Other Perils#1.15|Windstorm Or Hail#1.15|Earthquake#0|Hurricane#0|Wildfire#0|Flood#0
16 | B,All Other Perils#1.23|Windstorm Or Hail#1.23|Earthquake#0|Hurricane#0|Wildfire#0|Flood#0
17 | B,All Other Perils#1.2|Windstorm Or Hail#1.2|Earthquake#0|Hurricane#0|Wildfire#0|Flood#0
18 | B,All Other Perils#1.2|Windstorm Or Hail#1.2|Earthquake#0|Hurricane#0|Wildfire#0|Flood#0
19 | B,All Other Perils#1.3|Windstorm Or Hail#1.3|Earthquake#0|Hurricane#0|Wildfire#0|Flood#0
20 | B,All Other Perils#1.28|Windstorm Or Hail#1.28|Earthquake#0|Hurricane#0|Wildfire#0|Flood#0
21 | B,All Other Perils#1.15|Windstorm Or Hail#1.15|Earthquake#1.5264|Hurricane#0|Wildfire#0|Flood#0
22 | B,All Other Perils#1.11|Windstorm Or Hail#1.11|Earthquake#1|Hurricane#0|Wildfire#0|Flood#0
23 | B,All Other Perils#1.01|Windstorm Or Hail#1.01|Earthquake#0.3157|Hurricane#0|Wildfire#0|Flood#0
24 | B,All Other Perils#0.97|Windstorm Or Hail#0.97|Earthquake#0|Hurricane#0|Wildfire#0|Flood#0
25 | B,All Other Perils#1.14|Windstorm Or Hail#1.14|Earthquake#0|Hurricane#0|Wildfire#0|Flood#0
26 | B,All Other Perils#1.08|Windstorm Or Hail#1.08|Earthquake#0|Hurricane#0|Wildfire#0|Flood#0
27 | B,All Other Perils#1.28|Windstorm Or Hail#1.28|Earthquake#0|Hurricane#0|Wildfire#0|Flood#0
28 | B,All Other Perils#1.01|Windstorm Or Hail#1.01|Earthquake#0|Hurricane#0|Wildfire#0|Flood#0
29 | B,All Other Perils#1.08|Windstorm Or Hail#1.08|Earthquake#0|Hurricane#0|Wildfire#0|Flood#0
30 | B,All Other Perils#1.15|Windstorm Or Hail#1.15|Earthquake#0|Hurricane#0|Wildfire#0|Flood#0
31 | B,All Other Perils#1.2|Windstorm Or Hail#1.2|Earthquake#0|Hurricane#0|Wildfire#0|Flood#0
32 | B,All Other Perils#1.23|Windstorm Or Hail#1.23|Earthquake#0|Hurricane#0|Wildfire#0|Flood#0
1 | C,All Other Perils#0.97|Windstorm Or Hail#0.97|Earthquake#0|Hurricane#0|Wildfire#0|Flood#0
2 | C,All Other Perils#1.01|Windstorm Or Hail#1.01|Earthquake#0|Hurricane#0|Wildfire#0|Flood#0
3 | C,All Other Perils#1.05|Windstorm Or Hail#1.05|Earthquake#0|Hurricane#0|Wildfire#0|Flood#0
4 | C,All Other Perils#1.07|Windstorm Or Hail#1.07|Earthquake#0|Hurricane#0|Wildfire#0|Flood#0
5 | C,All Other Perils#1.01|Windstorm Or Hail#1.01|Earthquake#0|Hurricane#0|Wildfire#0|Flood#0
6 | C,All Other Perils#1.02|Windstorm Or Hail#1.02|Earthquake#0|Hurricane#0|Wildfire#0|Flood#0
7 | C,All Other Perils#1.07|Windstorm Or Hail#1.07|Earthquake#0|Hurricane#0|Wildfire#0|Flood#0
8 | C,All Other Perils#1.02|Windstorm Or Hail#1.02|Earthquake#0|Hurricane#0|Wildfire#0|Flood#0
9 | C,All Other Perils#1.02|Windstorm Or Hail#1.02|Earthquake#0|Hurricane#0|Wildfire#0|Flood#0
10 | C,All Other Perils#1.01|Windstorm Or Hail#1.01|Earthquake#0|Hurricane#0|Wildfire#0|Flood#0
11 | C,All Other Perils#1.02|Windstorm Or Hail#1.02|Earthquake#0|Hurricane#0|Wildfire#0|Flood#0
12 | C,All Other Perils#1.13|Windstorm Or Hail#1.13|Earthquake#0|Hurricane#0|Wildfire#0|Flood#0
13 | C,All Other Perils#1.17|Windstorm Or Hail#1.17|Earthquake#0|Hurricane#0|Wildfire#0|Flood#0
14 | C,All Other Perils#1.15|Windstorm Or Hail#1.15|Earthquake#0|Hurricane#0|Wildfire#0|Flood#0
15 | C,All Other Perils#1.15|Windstorm Or Hail#1.15|Earthquake#0|Hurricane#0|Wildfire#0|Flood#0
16 | C,All Other Perils#1.23|Windstorm Or Hail#1.23|Earthquake#0|Hurricane#0|Wildfire#0|Flood#0
17 | C,All Other Perils#1.2|Windstorm Or Hail#1.2|Earthquake#0|Hurricane#0|Wildfire#0|Flood#0
18 | C,All Other Perils#1.2|Windstorm Or Hail#1.2|Earthquake#0|Hurricane#0|Wildfire#0|Flood#0
19 | C,All Other Perils#1.3|Windstorm Or Hail#1.3|Earthquake#0|Hurricane#0|Wildfire#0|Flood#0
20 | C,All Other Perils#1.28|Windstorm Or Hail#1.28|Earthquake#0|Hurricane#0|Wildfire#0|Flood#0
21 | C,All Other Perils#1.15|Windstorm Or Hail#1.15|Earthquake#1.5453|Hurricane#0|Wildfire#0|Flood#0
22 | C,All Other Perils#1.11|Windstorm Or Hail#1.11|Earthquake#1|Hurricane#0|Wildfire#0|Flood#0
23 | C,All Other Perils#1.01|Windstorm Or Hail#1.01|Earthquake#0.2273|Hurricane#0|Wildfire#0|Flood#0
24 | C,All Other Perils#0.97|Windstorm Or Hail#0.97|Earthquake#0|Hurricane#0|Wildfire#0|Flood#0
25 | C,All Other Perils#1.14|Windstorm Or Hail#1.14|Earthquake#0|Hurricane#0|Wildfire#0|Flood#0
26 | C,All Other Perils#1.08|Windstorm Or Hail#1.08|Earthquake#0|Hurricane#0|Wildfire#0|Flood#0
27 | C,All Other Perils#1.28|Windstorm Or Hail#1.28|Earthquake#0|Hurricane#0|Wildfire#0|Flood#0
28 | C,All Other Perils#1.01|Windstorm Or Hail#1.01|Earthquake#0|Hurricane#0|Wildfire#0|Flood#0
29 | C,All Other Perils#1.08|Windstorm Or Hail#1.08|Earthquake#0|Hurricane#0|Wildfire#0|Flood#0
30 | C,All Other Perils#1.15|Windstorm Or Hail#1.15|Earthquake#0|Hurricane#0|Wildfire#0|Flood#0
31 | C,All Other Perils#1.2|Windstorm Or Hail#1.2|Earthquake#0|Hurricane#0|Wildfire#0|Flood#0
32 | C,All Other Perils#1.23|Windstorm Or Hail#1.23|Earthquake#0|Hurricane#0|Wildfire#0|Flood#0
21 | D,All Other Perils#0|Windstorm Or Hail#0|Earthquake#1.1903|Hurricane#0|Wildfire#0|Flood#0
22 | D,All Other Perils#0|Windstorm Or Hail#0|Earthquake#1|Hurricane#0|Wildfire#0|Flood#0
23 | D,All Other Perils#0|Windstorm Or Hail#0|Earthquake#0.2856|Hurricane#0|Wildfire#0|Flood#0