key,value
Owner | N/A | 0 | A,All Other Perils#1|Windstorm Or Hail#1|Earthquake#0|Hurricane#0|Wildfire#0
Owner | N/A | 1 | A,All Other Perils#1|Windstorm Or Hail#1|Earthquake#0|Hurricane#0|Wildfire#0
Owner | N/A | 2 | A,All Other Perils#1.3|Windstorm Or Hail#1.3|Earthquake#0|Hurricane#0|Wildfire#0
Owner | N/A | 3 | A,All Other Perils#1.7|Windstorm Or Hail#1.7|Earthquake#0|Hurricane#0|Wildfire#0
Owner | N/A | 4 | A,All Other Perils#2.1|Windstorm Or Hail#2.1|Earthquake#0|Hurricane#0|Wildfire#0
Seasonal | N/A | 0 | A,All Other Perils#1|Windstorm Or Hail#1|Earthquake#0|Hurricane#0|Wildfire#0
Seasonal | N/A | 1 | A,All Other Perils#1|Windstorm Or Hail#1|Earthquake#0|Hurricane#0|Wildfire#0
Seasonal | N/A | 2 | A,All Other Perils#1.3|Windstorm Or Hail#1.3|Earthquake#0|Hurricane#0|Wildfire#0
Seasonal | N/A | 3 | A,All Other Perils#1.7|Windstorm Or Hail#1.7|Earthquake#0|Hurricane#0|Wildfire#0
Seasonal | N/A | 4 | A,All Other Perils#2.1|Windstorm Or Hail#2.1|Earthquake#0|Hurricane#0|Wildfire#0
Rental | N/A | 0 | A,All Other Perils#1|Windstorm Or Hail#1|Earthquake#0|Hurricane#0|Wildfire#0
Rental | N/A | 1 | A,All Other Perils#1|Windstorm Or Hail#1|Earthquake#0|Hurricane#0|Wildfire#0
Rental | N/A | 2 | A,All Other Perils#1|Windstorm Or Hail#1|Earthquake#0|Hurricane#0|Wildfire#0
Rental | N/A | 3 | A,All Other Perils#1|Windstorm Or Hail#1|Earthquake#0|Hurricane#0|Wildfire#0
Rental | N/A | 4 | A,All Other Perils#1|Windstorm Or Hail#1|Earthquake#0|Hurricane#0|Wildfire#0
Vacant | Yes | 0 | A,All Other Perils#1|Windstorm Or Hail#1|Earthquake#0|Hurricane#0|Wildfire#0
Vacant | Yes | 1 | A,All Other Perils#1|Windstorm Or Hail#1|Earthquake#0|Hurricane#0|Wildfire#0
Vacant | Yes | 2 | A,All Other Perils#1|Windstorm Or Hail#1|Earthquake#0|Hurricane#0|Wildfire#0
Vacant | Yes | 3 | A,All Other Perils#1|Windstorm Or Hail#1|Earthquake#0|Hurricane#0|Wildfire#0
Vacant | Yes | 4 | A,All Other Perils#1|Windstorm Or Hail#1|Earthquake#0|Hurricane#0|Wildfire#0
Vacant | No | 0 | A,All Other Perils#1|Windstorm Or Hail#1|Earthquake#0|Hurricane#0|Wildfire#0
Vacant | No | 1 | A,All Other Perils#1|Windstorm Or Hail#1|Earthquake#0|Hurricane#0|Wildfire#0
Vacant | No | 2 | A,All Other Perils#1.3|Windstorm Or Hail#1.3|Earthquake#0|Hurricane#0|Wildfire#0
Vacant | No | 3 | A,All Other Perils#1.7|Windstorm Or Hail#1.7|Earthquake#0|Hurricane#0|Wildfire#0
Vacant | No | 4 | A,All Other Perils#2.1|Windstorm Or Hail#2.1|Earthquake#0|Hurricane#0|Wildfire#0
Owner | N/A | 0 | B,All Other Perils#1|Windstorm Or Hail#1|Earthquake#0|Hurricane#0|Wildfire#0
Owner | N/A | 1 | B,All Other Perils#1|Windstorm Or Hail#1|Earthquake#0|Hurricane#0|Wildfire#0
Owner | N/A | 2 | B,All Other Perils#1.3|Windstorm Or Hail#1.3|Earthquake#0|Hurricane#0|Wildfire#0
Owner | N/A | 3 | B,All Other Perils#1.7|Windstorm Or Hail#1.7|Earthquake#0|Hurricane#0|Wildfire#0
Owner | N/A | 4 | B,All Other Perils#2.1|Windstorm Or Hail#2.1|Earthquake#0|Hurricane#0|Wildfire#0
Seasonal | N/A | 0 | B,All Other Perils#1|Windstorm Or Hail#1|Earthquake#0|Hurricane#0|Wildfire#0
Seasonal | N/A | 1 | B,All Other Perils#1|Windstorm Or Hail#1|Earthquake#0|Hurricane#0|Wildfire#0
Seasonal | N/A | 2 | B,All Other Perils#1.3|Windstorm Or Hail#1.3|Earthquake#0|Hurricane#0|Wildfire#0
Seasonal | N/A | 3 | B,All Other Perils#1.7|Windstorm Or Hail#1.7|Earthquake#0|Hurricane#0|Wildfire#0
Seasonal | N/A | 4 | B,All Other Perils#2.1|Windstorm Or Hail#2.1|Earthquake#0|Hurricane#0|Wildfire#0
Rental | N/A | 0 | B,All Other Perils#1|Windstorm Or Hail#1|Earthquake#0|Hurricane#0|Wildfire#0
Rental | N/A | 1 | B,All Other Perils#1|Windstorm Or Hail#1|Earthquake#0|Hurricane#0|Wildfire#0
Rental | N/A | 2 | B,All Other Perils#1|Windstorm Or Hail#1|Earthquake#0|Hurricane#0|Wildfire#0
Rental | N/A | 3 | B,All Other Perils#1|Windstorm Or Hail#1|Earthquake#0|Hurricane#0|Wildfire#0
Rental | N/A | 4 | B,All Other Perils#1|Windstorm Or Hail#1|Earthquake#0|Hurricane#0|Wildfire#0
Vacant | Yes | 0 | B,All Other Perils#1|Windstorm Or Hail#1|Earthquake#0|Hurricane#0|Wildfire#0
Vacant | Yes | 1 | B,All Other Perils#1|Windstorm Or Hail#1|Earthquake#0|Hurricane#0|Wildfire#0
Vacant | Yes | 2 | B,All Other Perils#1|Windstorm Or Hail#1|Earthquake#0|Hurricane#0|Wildfire#0
Vacant | Yes | 3 | B,All Other Perils#1|Windstorm Or Hail#1|Earthquake#0|Hurricane#0|Wildfire#0
Vacant | Yes | 4 | B,All Other Perils#1|Windstorm Or Hail#1|Earthquake#0|Hurricane#0|Wildfire#0
Vacant | No | 0 | B,All Other Perils#1|Windstorm Or Hail#1|Earthquake#0|Hurricane#0|Wildfire#0
Vacant | No | 1 | B,All Other Perils#1|Windstorm Or Hail#1|Earthquake#0|Hurricane#0|Wildfire#0
Vacant | No | 2 | B,All Other Perils#1.3|Windstorm Or Hail#1.3|Earthquake#0|Hurricane#0|Wildfire#0
Vacant | No | 3 | B,All Other Perils#1.7|Windstorm Or Hail#1.7|Earthquake#0|Hurricane#0|Wildfire#0
Vacant | No | 4 | B,All Other Perils#2.1|Windstorm Or Hail#2.1|Earthquake#0|Hurricane#0|Wildfire#0
Owner | N/A | 0 | C,All Other Perils#1|Windstorm Or Hail#1|Earthquake#0|Hurricane#0|Wildfire#0
Owner | N/A | 1 | C,All Other Perils#1|Windstorm Or Hail#1|Earthquake#0|Hurricane#0|Wildfire#0
Owner | N/A | 2 | C,All Other Perils#1.3|Windstorm Or Hail#1.3|Earthquake#0|Hurricane#0|Wildfire#0
Owner | N/A | 3 | C,All Other Perils#1.7|Windstorm Or Hail#1.7|Earthquake#0|Hurricane#0|Wildfire#0
Owner | N/A | 4 | C,All Other Perils#2.1|Windstorm Or Hail#2.1|Earthquake#0|Hurricane#0|Wildfire#0
Seasonal | N/A | 0 | C,All Other Perils#1|Windstorm Or Hail#1|Earthquake#0|Hurricane#0|Wildfire#0
Seasonal | N/A | 1 | C,All Other Perils#1|Windstorm Or Hail#1|Earthquake#0|Hurricane#0|Wildfire#0
Seasonal | N/A | 2 | C,All Other Perils#1.3|Windstorm Or Hail#1.3|Earthquake#0|Hurricane#0|Wildfire#0
Seasonal | N/A | 3 | C,All Other Perils#1.7|Windstorm Or Hail#1.7|Earthquake#0|Hurricane#0|Wildfire#0
Seasonal | N/A | 4 | C,All Other Perils#2.1|Windstorm Or Hail#2.1|Earthquake#0|Hurricane#0|Wildfire#0
Rental | N/A | 0 | C,All Other Perils#1|Windstorm Or Hail#1|Earthquake#0|Hurricane#0|Wildfire#0
Rental | N/A | 1 | C,All Other Perils#1|Windstorm Or Hail#1|Earthquake#0|Hurricane#0|Wildfire#0
Rental | N/A | 2 | C,All Other Perils#1|Windstorm Or Hail#1|Earthquake#0|Hurricane#0|Wildfire#0
Rental | N/A | 3 | C,All Other Perils#1|Windstorm Or Hail#1|Earthquake#0|Hurricane#0|Wildfire#0
Rental | N/A | 4 | C,All Other Perils#1|Windstorm Or Hail#1|Earthquake#0|Hurricane#0|Wildfire#0
Vacant | Yes | 0 | C,All Other Perils#1|Windstorm Or Hail#1|Earthquake#0|Hurricane#0|Wildfire#0
Vacant | Yes | 1 | C,All Other Perils#1|Windstorm Or Hail#1|Earthquake#0|Hurricane#0|Wildfire#0
Vacant | Yes | 2 | C,All Other Perils#1|Windstorm Or Hail#1|Earthquake#0|Hurricane#0|Wildfire#0
Vacant | Yes | 3 | C,All Other Perils#1|Windstorm Or Hail#1|Earthquake#0|Hurricane#0|Wildfire#0
Vacant | Yes | 4 | C,All Other Perils#1|Windstorm Or Hail#1|Earthquake#0|Hurricane#0|Wildfire#0
Vacant | No | 0 | C,All Other Perils#1|Windstorm Or Hail#1|Earthquake#0|Hurricane#0|Wildfire#0
Vacant | No | 1 | C,All Other Perils#1|Windstorm Or Hail#1|Earthquake#0|Hurricane#0|Wildfire#0
Vacant | No | 2 | C,All Other Perils#1.3|Windstorm Or Hail#1.3|Earthquake#0|Hurricane#0|Wildfire#0
Vacant | No | 3 | C,All Other Perils#1.7|Windstorm Or Hail#1.7|Earthquake#0|Hurricane#0|Wildfire#0
Vacant | No | 4 | C,All Other Perils#2.1|Windstorm Or Hail#2.1|Earthquake#0|Hurricane#0|Wildfire#0
Tenant | N/A | 0 | C,All Other Perils#1|Windstorm Or Hail#1|Earthquake#0|Hurricane#0|Wildfire#0
Tenant | N/A | 1 | C,All Other Perils#1|Windstorm Or Hail#1|Earthquake#0|Hurricane#0|Wildfire#0
Tenant | N/A | 2 | C,All Other Perils#1.3|Windstorm Or Hail#1.3|Earthquake#0|Hurricane#0|Wildfire#0
Tenant | N/A | 3 | C,All Other Perils#1.7|Windstorm Or Hail#1.7|Earthquake#0|Hurricane#0|Wildfire#0
Tenant | N/A | 4 | C,All Other Perils#2.1|Windstorm Or Hail#2.1|Earthquake#0|Hurricane#0|Wildfire#0
