key,value
Owner | A,All Other Perils#1|Windstorm Or Hail#1|Earthquake#0|Hurricane#0|Wildfire#0|Flood#0
Rental | A,All Other Perils#1.16|Windstorm Or Hail#1.16|Earthquake#0|Hurricane#0|Wildfire#0|Flood#0
Seasonal | A,All Other Perils#1.12|Windstorm Or Hail#1.12|Earthquake#0|Hurricane#0|Wildfire#0|Flood#0
Vacant | A,All Other Perils#1.25|Windstorm Or Hail#1.25|Earthquake#0|Hurricane#0|Wildfire#0|Flood#0
Owner | B,All Other Perils#1|Windstorm Or Hail#1|Earthquake#0|Hurricane#0|Wildfire#0|Flood#0
Rental | B,All Other Perils#1.66|Windstorm Or Hail#1.66|Earthquake#0|Hurricane#0|Wildfire#0|Flood#0
Seasonal | B,All Other Perils#1.07|Windstorm Or Hail#1.07|Earthquake#0|Hurricane#0|Wildfire#0|Flood#0
Vacant | B,All Other Perils#1.5|Windstorm Or Hail#1.5|Earthquake#0|Hurricane#0|Wildfire#0|Flood#0
Owner | C,All Other Perils#1|Windstorm Or Hail#1|Earthquake#0|Hurricane#0|Wildfire#0|Flood#0
Rental | C,All Other Perils#1.49|Windstorm Or Hail#1.49|Earthquake#0|Hurricane#0|Wildfire#0|Flood#0
Seasonal | C,All Other Perils#1.07|Windstorm Or Hail#1.07|Earthquake#0|Hurricane#0|Wildfire#0|Flood#0
Vacant | C,All Other Perils#1.35|Windstorm Or Hail#1.35|Earthquake#0|Hurricane#0|Wildfire#0|Flood#0
Tenant | C,All Other Perils#7.5|Windstorm Or Hail#7.5|Earthquake#0|Hurricane#0|Wildfire#0|Flood#0
