key,value
1 | A,All Other Perils#1|Windstorm Or Hail#1|Earthquake#0
2 | A,All Other Perils#1.02|Windstorm Or Hail#1.02|Earthquake#0
3 | A,All Other Perils#1.18|Windstorm Or Hail#1.18|Earthquake#0
4 | A,All Other Perils#1.13|Windstorm Or Hail#1.13|Earthquake#0
5 | A,All Other Perils#1.01|Windstorm Or Hail#1.01|Earthquake#0
6 | A,All Other Perils#1.16|Windstorm Or Hail#1.16|Earthquake#0
7 | A,All Other Perils#1.18|Windstorm Or Hail#1.18|Earthquake#0
8 | A,All Other Perils#1.16|Windstorm Or Hail#1.16|Earthquake#0
9 | A,All Other Perils#1.14|Windstorm Or Hail#1.14|Earthquake#0
10 | A,All Other Perils#1.17|Windstorm Or Hail#1.17|Earthquake#0
11 | A,All Other Perils#1.15|Windstorm Or Hail#1.15|Earthquake#0
12 | A,All Other Perils#1.17|Windstorm Or Hail#1.17|Earthquake#0
13 | A,All Other Perils#1.38|Windstorm Or Hail#1.38|Earthquake#0
14 | A,All Other Perils#1.14|Windstorm Or Hail#1.14|Earthquake#0
15 | A,All Other Perils#1.38|Windstorm Or Hail#1.38|Earthquake#0
16 | A,All Other Perils#1.18|Windstorm Or Hail#1.18|Earthquake#0
17 | A,All Other Perils#1.02|Windstorm Or Hail#1.02|Earthquake#0
18 | A,All Other Perils#1.02|Windstorm Or Hail#1.02|Earthquake#0
19 | A,All Other Perils#1.38|Windstorm Or Hail#1.38|Earthquake#0
20 | A,All Other Perils#1.02|Windstorm Or Hail#1.02|Earthquake#0
21 | A,All Other Perils#1.02|Windstorm Or Hail#1.02|Earthquake#1
22 | A,All Other Perils#1.17|Windstorm Or Hail#1.17|Earthquake#0.8827
23 | A,All Other Perils#1.18|Windstorm Or Hail#1.18|Earthquake#0.5882
24 | A,All Other Perils#1.38|Windstorm Or Hail#1.38|Earthquake#0.2355
25 | A,All Other Perils#1.14|Windstorm Or Hail#1.14|Earthquake#0
26 | A,All Other Perils#1.38|Windstorm Or Hail#1.38|Earthquake#0
27 | A,All Other Perils#1.02|Windstorm Or Hail#1.02|Earthquake#0
28 | A,All Other Perils#1.16|Windstorm Or Hail#1.16|Earthquake#0
29 | A,All Other Perils#1.16|Windstorm Or Hail#1.16|Earthquake#0
30 | A,All Other Perils#1.16|Windstorm Or Hail#1.16|Earthquake#0
31 | A,All Other Perils#1.4|Windstorm Or Hail#1.4|Earthquake#0
32 | A,All Other Perils#1.24|Windstorm Or Hail#1.24|Earthquake#0
33 | A,All Other Perils#1.03|Windstorm Or Hail#1.03|Earthquake#0
34 | A,All Other Perils#1.16|Windstorm Or Hail#1.16|Earthquake#0
35 | A,All Other Perils#1.02|Windstorm Or Hail#1.02|Earthquake#0
36 | A,All Other Perils#1.38|Windstorm Or Hail#1.38|Earthquake#0
37 | A,All Other Perils#1.17|Windstorm Or Hail#1.17|Earthquake#0
38 | A,All Other Perils#1.01|Windstorm Or Hail#1.01|Earthquake#0
39 | A,All Other Perils#1.15|Windstorm Or Hail#1.15|Earthquake#0
40 | A,All Other Perils#1.34|Windstorm Or Hail#1.34|Earthquake#0
41 | A,All Other Perils#1.24|Windstorm Or Hail#1.24|Earthquake#0
42 | A,All Other Perils#1.14|Windstorm Or Hail#1.14|Earthquake#0
43 | A,All Other Perils#1.01|Windstorm Or Hail#1.01|Earthquake#0
44 | A,All Other Perils#1.02|Windstorm Or Hail#1.02|Earthquake#0
45 | A,All Other Perils#1.15|Windstorm Or Hail#1.15|Earthquake#0
46 | A,All Other Perils#1.16|Windstorm Or Hail#1.16|Earthquake#0
47 | A,All Other Perils#1.16|Windstorm Or Hail#1.16|Earthquake#0
48 | A,All Other Perils#1.02|Windstorm Or Hail#1.02|Earthquake#0
49 | A,All Other Perils#1.16|Windstorm Or Hail#1.16|Earthquake#0
50 | A,All Other Perils#1.15|Windstorm Or Hail#1.15|Earthquake#0
51 | A,All Other Perils#1.17|Windstorm Or Hail#1.17|Earthquake#0
52 | A,All Other Perils#1.16|Windstorm Or Hail#1.16|Earthquake#0
53 | A,All Other Perils#1.2|Windstorm Or Hail#1.2|Earthquake#0
54 | A,All Other Perils#1.18|Windstorm Or Hail#1.18|Earthquake#0
55 | A,All Other Perils#1.24|Windstorm Or Hail#1.24|Earthquake#0
56 | A,All Other Perils#1.17|Windstorm Or Hail#1.17|Earthquake#0
57 | A,All Other Perils#1.01|Windstorm Or Hail#1.01|Earthquake#0
58 | A,All Other Perils#1.38|Windstorm Or Hail#1.38|Earthquake#0
59 | A,All Other Perils#1.38|Windstorm Or Hail#1.38|Earthquake#0
60 | A,All Other Perils#1.15|Windstorm Or Hail#1.15|Earthquake#0
61 | A,All Other Perils#1.2|Windstorm Or Hail#1.2|Earthquake#0
62 | A,All Other Perils#1.38|Windstorm Or Hail#1.38|Earthquake#0
63 | A,All Other Perils#1.38|Windstorm Or Hail#1.38|Earthquake#0
64 | A,All Other Perils#1.15|Windstorm Or Hail#1.15|Earthquake#0
65 | A,All Other Perils#1.38|Windstorm Or Hail#1.38|Earthquake#0
66 | A,All Other Perils#1.17|Windstorm Or Hail#1.17|Earthquake#0
67 | A,All Other Perils#1.22|Windstorm Or Hail#1.22|Earthquake#0
68 | A,All Other Perils#1.01|Windstorm Or Hail#1.01|Earthquake#0
69 | A,All Other Perils#1.38|Windstorm Or Hail#1.38|Earthquake#0
70 | A,All Other Perils#1.01|Windstorm Or Hail#1.01|Earthquake#0
71 | A,All Other Perils#1.01|Windstorm Or Hail#1.01|Earthquake#0
72 | A,All Other Perils#1.38|Windstorm Or Hail#1.38|Earthquake#0
73 | A,All Other Perils#1.24|Windstorm Or Hail#1.24|Earthquake#0
74 | A,All Other Perils#1.38|Windstorm Or Hail#1.38|Earthquake#0
75 | A,All Other Perils#1.17|Windstorm Or Hail#1.17|Earthquake#0
76 | A,All Other Perils#1.02|Windstorm Or Hail#1.02|Earthquake#0
77 | A,All Other Perils#1.16|Windstorm Or Hail#1.16|Earthquake#0
78 | A,All Other Perils#1.38|Windstorm Or Hail#1.38|Earthquake#0
79 | A,All Other Perils#1.17|Windstorm Or Hail#1.17|Earthquake#0
80 | A,All Other Perils#1.16|Windstorm Or Hail#1.16|Earthquake#0
81 | A,All Other Perils#1.02|Windstorm Or Hail#1.02|Earthquake#0
82 | A,All Other Perils#1.17|Windstorm Or Hail#1.17|Earthquake#0
83 | A,All Other Perils#1.2|Windstorm Or Hail#1.2|Earthquake#0
84 | A,All Other Perils#1.16|Windstorm Or Hail#1.16|Earthquake#0
85 | A,All Other Perils#1.02|Windstorm Or Hail#1.02|Earthquake#0
86 | A,All Other Perils#1.17|Windstorm Or Hail#1.17|Earthquake#0
87 | A,All Other Perils#1.16|Windstorm Or Hail#1.16|Earthquake#0
88 | A,All Other Perils#1.38|Windstorm Or Hail#1.38|Earthquake#0
89 | A,All Other Perils#1.01|Windstorm Or Hail#1.01|Earthquake#0
90 | A,All Other Perils#1.01|Windstorm Or Hail#1.01|Earthquake#0
91 | A,All Other Perils#1.17|Windstorm Or Hail#1.17|Earthquake#0
92 | A,All Other Perils#1.01|Windstorm Or Hail#1.01|Earthquake#0
1 | B,All Other Perils#1|Windstorm Or Hail#1|Earthquake#0
2 | B,All Other Perils#1.02|Windstorm Or Hail#1.02|Earthquake#0
3 | B,All Other Perils#1.18|Windstorm Or Hail#1.18|Earthquake#0
4 | B,All Other Perils#1.13|Windstorm Or Hail#1.13|Earthquake#0
5 | B,All Other Perils#1.01|Windstorm Or Hail#1.01|Earthquake#0
6 | B,All Other Perils#1.16|Windstorm Or Hail#1.16|Earthquake#0
7 | B,All Other Perils#1.18|Windstorm Or Hail#1.18|Earthquake#0
8 | B,All Other Perils#1.16|Windstorm Or Hail#1.16|Earthquake#0
9 | B,All Other Perils#1.14|Windstorm Or Hail#1.14|Earthquake#0
10 | B,All Other Perils#1.17|Windstorm Or Hail#1.17|Earthquake#0
11 | B,All Other Perils#1.15|Windstorm Or Hail#1.15|Earthquake#0
12 | B,All Other Perils#1.17|Windstorm Or Hail#1.17|Earthquake#0
13 | B,All Other Perils#1.38|Windstorm Or Hail#1.38|Earthquake#0
14 | B,All Other Perils#1.14|Windstorm Or Hail#1.14|Earthquake#0
15 | B,All Other Perils#1.38|Windstorm Or Hail#1.38|Earthquake#0
16 | B,All Other Perils#1.18|Windstorm Or Hail#1.18|Earthquake#0
17 | B,All Other Perils#1.02|Windstorm Or Hail#1.02|Earthquake#0
18 | B,All Other Perils#1.02|Windstorm Or Hail#1.02|Earthquake#0
19 | B,All Other Perils#1.38|Windstorm Or Hail#1.38|Earthquake#0
20 | B,All Other Perils#1.02|Windstorm Or Hail#1.02|Earthquake#0
21 | B,All Other Perils#1.02|Windstorm Or Hail#1.02|Earthquake#1
22 | B,All Other Perils#1.17|Windstorm Or Hail#1.17|Earthquake#0.9169
23 | B,All Other Perils#1.18|Windstorm Or Hail#1.18|Earthquake#0.5834
24 | B,All Other Perils#1.38|Windstorm Or Hail#1.38|Earthquake#0.2498
25 | B,All Other Perils#1.14|Windstorm Or Hail#1.14|Earthquake#0
26 | B,All Other Perils#1.38|Windstorm Or Hail#1.38|Earthquake#0
27 | B,All Other Perils#1.02|Windstorm Or Hail#1.02|Earthquake#0
28 | B,All Other Perils#1.16|Windstorm Or Hail#1.16|Earthquake#0
29 | B,All Other Perils#1.16|Windstorm Or Hail#1.16|Earthquake#0
30 | B,All Other Perils#1.16|Windstorm Or Hail#1.16|Earthquake#0
31 | B,All Other Perils#1.4|Windstorm Or Hail#1.4|Earthquake#0
32 | B,All Other Perils#1.24|Windstorm Or Hail#1.24|Earthquake#0
33 | B,All Other Perils#1.03|Windstorm Or Hail#1.03|Earthquake#0
34 | B,All Other Perils#1.16|Windstorm Or Hail#1.16|Earthquake#0
35 | B,All Other Perils#1.02|Windstorm Or Hail#1.02|Earthquake#0
36 | B,All Other Perils#1.38|Windstorm Or Hail#1.38|Earthquake#0
37 | B,All Other Perils#1.17|Windstorm Or Hail#1.17|Earthquake#0
38 | B,All Other Perils#1.01|Windstorm Or Hail#1.01|Earthquake#0
39 | B,All Other Perils#1.15|Windstorm Or Hail#1.15|Earthquake#0
40 | B,All Other Perils#1.34|Windstorm Or Hail#1.34|Earthquake#0
41 | B,All Other Perils#1.24|Windstorm Or Hail#1.24|Earthquake#0
42 | B,All Other Perils#1.14|Windstorm Or Hail#1.14|Earthquake#0
43 | B,All Other Perils#1.01|Windstorm Or Hail#1.01|Earthquake#0
44 | B,All Other Perils#1.02|Windstorm Or Hail#1.02|Earthquake#0
45 | B,All Other Perils#1.15|Windstorm Or Hail#1.15|Earthquake#0
46 | B,All Other Perils#1.16|Windstorm Or Hail#1.16|Earthquake#0
47 | B,All Other Perils#1.16|Windstorm Or Hail#1.16|Earthquake#0
48 | B,All Other Perils#1.02|Windstorm Or Hail#1.02|Earthquake#0
49 | B,All Other Perils#1.16|Windstorm Or Hail#1.16|Earthquake#0
50 | B,All Other Perils#1.15|Windstorm Or Hail#1.15|Earthquake#0
51 | B,All Other Perils#1.17|Windstorm Or Hail#1.17|Earthquake#0
52 | B,All Other Perils#1.16|Windstorm Or Hail#1.16|Earthquake#0
53 | B,All Other Perils#1.2|Windstorm Or Hail#1.2|Earthquake#0
54 | B,All Other Perils#1.18|Windstorm Or Hail#1.18|Earthquake#0
55 | B,All Other Perils#1.24|Windstorm Or Hail#1.24|Earthquake#0
56 | B,All Other Perils#1.17|Windstorm Or Hail#1.17|Earthquake#0
57 | B,All Other Perils#1.01|Windstorm Or Hail#1.01|Earthquake#0
58 | B,All Other Perils#1.38|Windstorm Or Hail#1.38|Earthquake#0
59 | B,All Other Perils#1.38|Windstorm Or Hail#1.38|Earthquake#0
60 | B,All Other Perils#1.15|Windstorm Or Hail#1.15|Earthquake#0
61 | B,All Other Perils#1.2|Windstorm Or Hail#1.2|Earthquake#0
62 | B,All Other Perils#1.38|Windstorm Or Hail#1.38|Earthquake#0
63 | B,All Other Perils#1.38|Windstorm Or Hail#1.38|Earthquake#0
64 | B,All Other Perils#1.15|Windstorm Or Hail#1.15|Earthquake#0
65 | B,All Other Perils#1.38|Windstorm Or Hail#1.38|Earthquake#0
66 | B,All Other Perils#1.17|Windstorm Or Hail#1.17|Earthquake#0
67 | B,All Other Perils#1.22|Windstorm Or Hail#1.22|Earthquake#0
68 | B,All Other Perils#1.01|Windstorm Or Hail#1.01|Earthquake#0
69 | B,All Other Perils#1.38|Windstorm Or Hail#1.38|Earthquake#0
70 | B,All Other Perils#1.01|Windstorm Or Hail#1.01|Earthquake#0
71 | B,All Other Perils#1.01|Windstorm Or Hail#1.01|Earthquake#0
72 | B,All Other Perils#1.38|Windstorm Or Hail#1.38|Earthquake#0
73 | B,All Other Perils#1.24|Windstorm Or Hail#1.24|Earthquake#0
74 | B,All Other Perils#1.38|Windstorm Or Hail#1.38|Earthquake#0
75 | B,All Other Perils#1.17|Windstorm Or Hail#1.17|Earthquake#0
76 | B,All Other Perils#1.02|Windstorm Or Hail#1.02|Earthquake#0
77 | B,All Other Perils#1.16|Windstorm Or Hail#1.16|Earthquake#0
78 | B,All Other Perils#1.38|Windstorm Or Hail#1.38|Earthquake#0
79 | B,All Other Perils#1.17|Windstorm Or Hail#1.17|Earthquake#0
80 | B,All Other Perils#1.16|Windstorm Or Hail#1.16|Earthquake#0
81 | B,All Other Perils#1.02|Windstorm Or Hail#1.02|Earthquake#0
82 | B,All Other Perils#1.17|Windstorm Or Hail#1.17|Earthquake#0
83 | B,All Other Perils#1.2|Windstorm Or Hail#1.2|Earthquake#0
84 | B,All Other Perils#1.16|Windstorm Or Hail#1.16|Earthquake#0
85 | B,All Other Perils#1.02|Windstorm Or Hail#1.02|Earthquake#0
86 | B,All Other Perils#1.17|Windstorm Or Hail#1.17|Earthquake#0
87 | B,All Other Perils#1.16|Windstorm Or Hail#1.16|Earthquake#0
88 | B,All Other Perils#1.38|Windstorm Or Hail#1.38|Earthquake#0
89 | B,All Other Perils#1.01|Windstorm Or Hail#1.01|Earthquake#0
90 | B,All Other Perils#1.01|Windstorm Or Hail#1.01|Earthquake#0
91 | B,All Other Perils#1.17|Windstorm Or Hail#1.17|Earthquake#0
92 | B,All Other Perils#1.01|Windstorm Or Hail#1.01|Earthquake#0
1 | C,All Other Perils#1|Windstorm Or Hail#1|Earthquake#0
2 | C,All Other Perils#1.02|Windstorm Or Hail#1.02|Earthquake#0
3 | C,All Other Perils#1.18|Windstorm Or Hail#1.18|Earthquake#0
4 | C,All Other Perils#1.13|Windstorm Or Hail#1.13|Earthquake#0
5 | C,All Other Perils#1.01|Windstorm Or Hail#1.01|Earthquake#0
6 | C,All Other Perils#1.16|Windstorm Or Hail#1.16|Earthquake#0
7 | C,All Other Perils#1.18|Windstorm Or Hail#1.18|Earthquake#0
8 | C,All Other Perils#1.16|Windstorm Or Hail#1.16|Earthquake#0
9 | C,All Other Perils#1.14|Windstorm Or Hail#1.14|Earthquake#0
10 | C,All Other Perils#1.17|Windstorm Or Hail#1.17|Earthquake#0
11 | C,All Other Perils#1.15|Windstorm Or Hail#1.15|Earthquake#0
12 | C,All Other Perils#1.17|Windstorm Or Hail#1.17|Earthquake#0
13 | C,All Other Perils#1.38|Windstorm Or Hail#1.38|Earthquake#0
14 | C,All Other Perils#1.14|Windstorm Or Hail#1.14|Earthquake#0
15 | C,All Other Perils#1.38|Windstorm Or Hail#1.38|Earthquake#0
16 | C,All Other Perils#1.18|Windstorm Or Hail#1.18|Earthquake#0
17 | C,All Other Perils#1.02|Windstorm Or Hail#1.02|Earthquake#0
18 | C,All Other Perils#1.02|Windstorm Or Hail#1.02|Earthquake#0
19 | C,All Other Perils#1.38|Windstorm Or Hail#1.38|Earthquake#0
20 | C,All Other Perils#1.02|Windstorm Or Hail#1.02|Earthquake#0
21 | C,All Other Perils#1.02|Windstorm Or Hail#1.02|Earthquake#1
22 | C,All Other Perils#1.17|Windstorm Or Hail#1.17|Earthquake#0.8422
23 | C,All Other Perils#1.18|Windstorm Or Hail#1.18|Earthquake#0.6316
24 | C,All Other Perils#1.38|Windstorm Or Hail#1.38|Earthquake#0.2107
25 | C,All Other Perils#1.14|Windstorm Or Hail#1.14|Earthquake#0
26 | C,All Other Perils#1.38|Windstorm Or Hail#1.38|Earthquake#0
27 | C,All Other Perils#1.02|Windstorm Or Hail#1.02|Earthquake#0
28 | C,All Other Perils#1.16|Windstorm Or Hail#1.16|Earthquake#0
29 | C,All Other Perils#1.16|Windstorm Or Hail#1.16|Earthquake#0
30 | C,All Other Perils#1.16|Windstorm Or Hail#1.16|Earthquake#0
31 | C,All Other Perils#1.4|Windstorm Or Hail#1.4|Earthquake#0
32 | C,All Other Perils#1.24|Windstorm Or Hail#1.24|Earthquake#0
33 | C,All Other Perils#1.03|Windstorm Or Hail#1.03|Earthquake#0
34 | C,All Other Perils#1.16|Windstorm Or Hail#1.16|Earthquake#0
35 | C,All Other Perils#1.02|Windstorm Or Hail#1.02|Earthquake#0
36 | C,All Other Perils#1.38|Windstorm Or Hail#1.38|Earthquake#0
37 | C,All Other Perils#1.17|Windstorm Or Hail#1.17|Earthquake#0
38 | C,All Other Perils#1.01|Windstorm Or Hail#1.01|Earthquake#0
39 | C,All Other Perils#1.15|Windstorm Or Hail#1.15|Earthquake#0
40 | C,All Other Perils#1.34|Windstorm Or Hail#1.34|Earthquake#0
41 | C,All Other Perils#1.24|Windstorm Or Hail#1.24|Earthquake#0
42 | C,All Other Perils#1.14|Windstorm Or Hail#1.14|Earthquake#0
43 | C,All Other Perils#1.01|Windstorm Or Hail#1.01|Earthquake#0
44 | C,All Other Perils#1.02|Windstorm Or Hail#1.02|Earthquake#0
45 | C,All Other Perils#1.15|Windstorm Or Hail#1.15|Earthquake#0
46 | C,All Other Perils#1.16|Windstorm Or Hail#1.16|Earthquake#0
47 | C,All Other Perils#1.16|Windstorm Or Hail#1.16|Earthquake#0
48 | C,All Other Perils#1.02|Windstorm Or Hail#1.02|Earthquake#0
49 | C,All Other Perils#1.16|Windstorm Or Hail#1.16|Earthquake#0
50 | C,All Other Perils#1.15|Windstorm Or Hail#1.15|Earthquake#0
51 | C,All Other Perils#1.17|Windstorm Or Hail#1.17|Earthquake#0
52 | C,All Other Perils#1.16|Windstorm Or Hail#1.16|Earthquake#0
53 | C,All Other Perils#1.2|Windstorm Or Hail#1.2|Earthquake#0
54 | C,All Other Perils#1.18|Windstorm Or Hail#1.18|Earthquake#0
55 | C,All Other Perils#1.24|Windstorm Or Hail#1.24|Earthquake#0
56 | C,All Other Perils#1.17|Windstorm Or Hail#1.17|Earthquake#0
57 | C,All Other Perils#1.01|Windstorm Or Hail#1.01|Earthquake#0
58 | C,All Other Perils#1.38|Windstorm Or Hail#1.38|Earthquake#0
59 | C,All Other Perils#1.38|Windstorm Or Hail#1.38|Earthquake#0
60 | C,All Other Perils#1.15|Windstorm Or Hail#1.15|Earthquake#0
61 | C,All Other Perils#1.2|Windstorm Or Hail#1.2|Earthquake#0
62 | C,All Other Perils#1.38|Windstorm Or Hail#1.38|Earthquake#0
63 | C,All Other Perils#1.38|Windstorm Or Hail#1.38|Earthquake#0
64 | C,All Other Perils#1.15|Windstorm Or Hail#1.15|Earthquake#0
65 | C,All Other Perils#1.38|Windstorm Or Hail#1.38|Earthquake#0
66 | C,All Other Perils#1.17|Windstorm Or Hail#1.17|Earthquake#0
67 | C,All Other Perils#1.22|Windstorm Or Hail#1.22|Earthquake#0
68 | C,All Other Perils#1.01|Windstorm Or Hail#1.01|Earthquake#0
69 | C,All Other Perils#1.38|Windstorm Or Hail#1.38|Earthquake#0
70 | C,All Other Perils#1.01|Windstorm Or Hail#1.01|Earthquake#0
71 | C,All Other Perils#1.01|Windstorm Or Hail#1.01|Earthquake#0
72 | C,All Other Perils#1.38|Windstorm Or Hail#1.38|Earthquake#0
73 | C,All Other Perils#1.24|Windstorm Or Hail#1.24|Earthquake#0
74 | C,All Other Perils#1.38|Windstorm Or Hail#1.38|Earthquake#0
75 | C,All Other Perils#1.17|Windstorm Or Hail#1.17|Earthquake#0
76 | C,All Other Perils#1.02|Windstorm Or Hail#1.02|Earthquake#0
77 | C,All Other Perils#1.16|Windstorm Or Hail#1.16|Earthquake#0
78 | C,All Other Perils#1.38|Windstorm Or Hail#1.38|Earthquake#0
79 | C,All Other Perils#1.17|Windstorm Or Hail#1.17|Earthquake#0
80 | C,All Other Perils#1.16|Windstorm Or Hail#1.16|Earthquake#0
81 | C,All Other Perils#1.02|Windstorm Or Hail#1.02|Earthquake#0
82 | C,All Other Perils#1.17|Windstorm Or Hail#1.17|Earthquake#0
83 | C,All Other Perils#1.2|Windstorm Or Hail#1.2|Earthquake#0
84 | C,All Other Perils#1.16|Windstorm Or Hail#1.16|Earthquake#0
85 | C,All Other Perils#1.02|Windstorm Or Hail#1.02|Earthquake#0
86 | C,All Other Perils#1.17|Windstorm Or Hail#1.17|Earthquake#0
87 | C,All Other Perils#1.16|Windstorm Or Hail#1.16|Earthquake#0
88 | C,All Other Perils#1.38|Windstorm Or Hail#1.38|Earthquake#0
89 | C,All Other Perils#1.01|Windstorm Or Hail#1.01|Earthquake#0
90 | C,All Other Perils#1.01|Windstorm Or Hail#1.01|Earthquake#0
91 | C,All Other Perils#1.17|Windstorm Or Hail#1.17|Earthquake#0
92 | C,All Other Perils#1.01|Windstorm Or Hail#1.01|Earthquake#0
21 | D,All Other Perils#0|Windstorm Or Hail#0|Earthquake#1
22 | D,All Other Perils#0|Windstorm Or Hail#0|Earthquake#0.8236
23 | D,All Other Perils#0|Windstorm Or Hail#0|Earthquake#0.5882
24 | D,All Other Perils#0|Windstorm Or Hail#0|Earthquake#0.2355
