key,value
0.1 | A,All Other Perils#-0.174|Windstorm Or Hail#-0.174|Earthquake#0|Hurricane#0|Wildfire#0|Flood#0
0.25 | A,All Other Perils#-0.13|Windstorm Or Hail#-0.13|Earthquake#0|Hurricane#0|Wildfire#0|Flood#0
0.5 | A,All Other Perils#-0.05|Windstorm Or Hail#-0.05|Earthquake#0|Hurricane#0|Wildfire#0|Flood#0
1 | A,All Other Perils#0|Windstorm Or Hail#0|Earthquake#0|Hurricane#0|Wildfire#0|Flood#0
0.1 | B,All Other Perils#-0.174|Windstorm Or Hail#-0.174|Earthquake#0|Hurricane#0|Wildfire#0|Flood#0
0.25 | B,All Other Perils#-0.13|Windstorm Or Hail#-0.13|Earthquake#0|Hurricane#0|Wildfire#0|Flood#0
0.5 | B,All Other Perils#-0.05|Windstorm Or Hail#-0.05|Earthquake#0|Hurricane#0|Wildfire#0|Flood#0
1 | B,All Other Perils#0|Windstorm Or Hail#0|Earthquake#0|Hurricane#0|Wildfire#0|Flood#0
0.1 | C,All Other Perils#-0.174|Windstorm Or Hail#-0.174|Earthquake#0|Hurricane#0|Wildfire#0|Flood#0
0.25 | C,All Other Perils#-0.13|Windstorm Or Hail#-0.13|Earthquake#0|Hurricane#0|Wildfire#0|Flood#0
0.5 | C,All Other Perils#-0.05|Windstorm Or Hail#-0.05|Earthquake#0|Hurricane#0|Wildfire#0|Flood#0
1 | C,All Other Perils#0|Windstorm Or Hail#0|Earthquake#0|Hurricane#0|Wildfire#0|Flood#0
