key,value
Adventure Homes,1
American Homestar Corp,1
Cappaert Mfg Housing,1
Cavco Ind,1
Champion,1
Chandeleur Homes Inc,1
Clayton Homes Inc,1
Coachmen Homes,1
Commodore,1
Deer Valley Home Builders,1
Destiny Industries Llc,1
Eagle River Homes,1
Fairmont Homes,1
Fleetwood,1
Franklin Homes,1
Giles,1
Hallmark-Southwest Corp,1
Homark Co Inc,1
Jacobsen,1
Kabco Builders,1
Kit,1
Kropf,1
Legacy Housing Ltd,1
Liberty,1
Manufactured Housing Ent,1
New Style Homes,1
Nobility Homes,1
Oak Creek Homes Inc,1
Palm Harbor,1
Pine Grove Homes,1
Ritz-Craft Corp,1
Riverview Homes Inc,1
Schult,1
Scotbilt Homes Inc,1
Silvercrest,1
Skyline,1
Southern Energy Homes,1
Sunshine Homes,1
21St Century Homes,2
3-Dimensional Inc,2
A B C Coach Company,2
Aaa Mobile Home Mfg,2
Aabco,2
Aaron Homes Inc,2
Abercrombie Builders Inc,2
Ace Leasing Inc,2
Acf Industries Inc,2
Acorn Structures Inc,2
Action Enterprises Inc,2
Action Ind,2
Active Homes Corp,2
Acton Industries Inc,2
Ad Space Inc,2
Adair Homes Inc,2
Addison Ind,2
Add-More Corp,2
Addon Inc,2
Admiration Homes,2
Adr Industries Inc,2
Adrian Homes,2
Adrian Housing Corp,2
Advance Beauty Mark Homes,2
Advance Ind,2
Advance Structures,2
Aero Bilt Portable Bldg Co,2
Affordable Luxury Homes Inc,2
Ahern Enterprises Inc,2
Airflo Mfg Co,2
Airland System Inc,2
Airline Home Corp,2
Airstream Trailers Inc,2
Akin Ind Inc,2
Akinaire Homes,2
Aladdin Homes Of The South,2
Aladin,2
Alan Pre-Fab Bldg Corp,2
Alanwood Homes,2
Albany Ind,2
Albee Homes Inc,2
Albemarle Homes Inc,2
Albers Mfg Co,2
Alco Universal Government House,2
Alcoa Construction Systems Inc,2
Alexandria,2
All American Homes,2
All American Of Ashburn,2
All Rite Ind,2
All Season Ind Inc,2
All South Homes,2
All Star Coach Inc,2
All Star Homes,2
All States Trailer Co,2
All Type Trailers Inc,2
Allen Homes,2
Allen Mfg Co Inc,2
Allgood Mobile Homes,2
Allied Builders Corp,2
Allied Homes,2
Allied Mfg,2
Alma Inc,2
Alseaco,2
Alta Industries Ltd,2
Altair Homes,2
Altura Inc,2
Amb Portable Structures,2
Ambassador Homes,2
Ambeinte International,2
Amc Inc,2
American Classic Homes,2
American Classic Ind,2
American Coachanddetroiter,2
American Eagle Homes,2
American Family Homes,2
American Fidelity Corp,2
American Group Inc,2
American Heritage Relocatable,2
American Home Industries Corp,2
American Homes,2
American Housing Corp,2
American Industries Inc,2
American Living Systems,2
American Modular Communities,2
American Modular Homes Inc,2
American Modular Technology,2
American Pioneer Bldgs Inc,2
American Pride Homes,2
American Redi-Bilt Inc,2
American Shelter Systems,2
American Superior Inc,2
American System Bldg,2
American Trailer Corp,2
American Urban Corp,2
American Way Homes,2
American Woodmark Corp,2
Americana Homes Inc,2
Americana Mobile Homes,2
Amish Land Homes Inc,2
Ampco Homes,2
Amtex Corp,2
Amwood Custom Homes,2
Anaco Homes,2
Anchor Homes Inc,2
Anchor Ind,2
Ander-Ette Inc,2
Anderson Homes Mfg Co,2
Andrew-Gaddy Industries Inc,2
Andrews Enterprises Inc,2
Andycraft,2
Angelus,2
Anthony Instant Homes Inc,2
Anvan Corp,2
Anvil Homes Corp,2
Apache Homes,2
Apeco Corp,2
Aquarian Homes,2
Aquarius Homes,2
Arabi Homes,2
Arbor Homes Inc,2
Arbuckle,2
Archer,2
Architechural Modules Inc,2
Architectural Specialties Inc,2
Arctic Homes Corp,2
Arel Homes,2
Argus,2
Aristocrat Homes Inc,2
Arizona Office Mfg,2
Armor Homes Inc,2
Armor Mobile Homes,2
Armstrong Housing Inc,2
Arnaudville Ind Inc,2
Aronev Construction Co Inc,2
Artcraft Homes,2
Artic Mobile Homes,2
Article Mobile Homes,2
Artline,2
Arvada Homes,2
Ashridge Homes,2
Asi,2
Asm Industries,2
Astin-America Homes,2
Astro Mfg,2
Atco Homes,2
Athens Park Homes,2
Atlantic Development Corp,2
Atlantis Industries,2
Atlas Homes,2
Atlas Portable Bldg Co,2
Auburn Homes,2
Aurora,2
Aurora Building Complexes,2
Aurora Mobile Homes Inc,2
Authentic Homes Corp,2
Automated Building Co,2
Automated Construction Ind Inc,2
Autumn Homes,2
Avalon Homes Inc,2
Avco Modular Homes,2
Avid Corp,2
Avtek,2
Award,2
Azalea Homes Inc,2
Aztec Homes,2
B And B Homes,2
B And L Mobile Homes Inc,2
B M H Corporation,2
B.I.G. Enterprises,2
Banner Homes Corp,2
Barber And Ross Inc,2
Barcraft Homes,2
Bar-Crest Homes,2
Barnes Inc,2
Barnes Industries Inc,2
Baron Homes Inc,2
Barrows Inc,2
Barry Berkus And Assoc,2
Basic Mobile Home,2
Bayshore Homes Of Ca Inc,2
Beachcomber Homes,2
Beachwood Homes Inc,2
Beard Ind,2
Beatrice Foods,2
Beaver Enterprises,2
Bechtel Corp,2
Beechcraft Home Mfg Co,2
Bella Homes Inc,2
Bellaire Products,2
Bellcrest Homes,2
Belle Meade Homes,2
Belmond Homes Inc,2
Belmont Homes Inc,2
Belvedere,2
Bench-Mark Homes Inc,2
Bendix,2
Bendix-Boise Cascade,2
Bengal Homes,2
Bennet Homes Inc,2
Benton Construction Co,2
Benton Homes,2
Berkley Homes Inc,2
Best Homes Inc,2
Better Living Inc,2
Bickford Co Inc,2
Big G Homes,2
Big Sky Homes,2
Big Valley,2
Bigelow Mfg,2
Bigelow Sanford Inc,2
Blackstock Homes,2
Blakely Homes Inc,2
Blakeney,2
Blaze Homes,2
Blazon Homes Corp,2
Blount Homes,2
Blue Ribbon Homes,2
Blue Ridge Homes Inc,2
Blue Star Homes,2
Boaz Industries,2
Boles Mfg Co,2
Bolin Homes,2
Bombay Homes,2
Bond Home Inc,2
Bonnell Enterprises,2
Bonus Mfg,2
Boralane Homes Inc,2
Borco Inc,2
Boulder Inc,2
Bowen Mobile Homes,2
Braeswood,2
Breck Homes,2
Breman Coach And Cabinet Company,2
Bremont Enterprises Inc,2
Brentwood Mfg,2
Bridgewood Homes,2
Brigadier Ind,2
Briggs Mfg Co,2
Bright Leaf Corp,2
Brighton,2
Brilliant Homes Ltd,2
Brinkcraft,2
Bristol Homes,2
Brittany Homes,2
Brittany Homes Of Tn.,2
Broad Mountain Homes Inc,2
Broadlane Homes,2
Broadway,2
Brocca Mfg,2
Brockwood Homes,2
Broken Arrow Homes Mfg,2
Bronze Star Homes,2
Brookside Homes,2
Brown And Graves Door Co,2
Brown Homes Inc,2
Brukin Homes Corp,2
Bryant Homes,2
Bryson Mfg,2
Buccaneer Homes,2
Buckeye Coach And Mfg Co,2
Buck-N-Bray Inc,2
Budger Homes,2
Builders Home Inc,2
Builders Mart Inc,2
Building Block Inv Grp,2
Building Structures By Lenoir,2
Building Systems Inc,2
Builtmore,2
Bullock Company Inc,2
Bur-Kin Homes,2
Burlington Homes,2
Burlington Homes Of Maine,2
Busch,2
Buschlen Ind,2
Bussell Construction Co,2
Butler Homes,2
Butterfield Homes Inc,2
Byerly Mfg Co,2
C And G,2
C And M Construction Co,2
C O Smith Inc,2
Caccaman Industries Inc,2
Cadillac,2
Calumet Coach Co Inc,2
Camelot Homes,2
Cameo Homes,2
Camino Villa Of America Inc,2
Can Anera Homes Ltd,2
Canterbury Properties,2
Canton Trailer Co,2
Capital Ind Inc,2
Caprice Homes Corp,2
Capricorn Mfg Homes,2
Cardinal Craft Homes,2
Cardinal Homes Inc,2
Career Homes,2
Cargo Master Inc,2
Carlynn Homes,2
Carmichael Mfg,2
Carolina International,2
Carper Ind,2
Carrollton Corp,2
Cary-Way Building Co,2
Casa Villa Inc,2
Castle Housing Of Pa,2
Castle Ind,2
Castle Mfg,2
Catalina Homes,2
Cathedralite,2
Cavalier Homes,2
Cedar Chalet,2
Cedar Ridge Homes,2
Cedarbrook Ind,2
Celebrity Homes,2
Celtic Corp,2
Centervilla Homes,2
Central Homes,2
Centurion Homes Corp,2
Century Concepts Inc,2
Century Homes Inc,2
Century Housing,2
Century Ind Inc,2
Century Mfg Inc,2
Century Modular Homes Inc,2
Certified Homes,2
Cfr Homes,2
Challenger Corp,2
Chamberlain Mfg Corp,2
Chaparrel Coaches Inc,2
Chardon Homes Inc,2
Chariot Eagle,2
Charming Castle/Signature Homes,2
Charter Homes,2
Charter Oaks Homes Inc,2
Chateau Mfg Co Inc,2
Checkmate Homes,2
Cherny And Watson Lumber Co,2
Cherokee Homes Inc,2
Cherry Creek Homes,2
Cheyenne River Corp,2
Chickasha,2
Chidress Homes Inc,2
Chief Ind,2
Chinle Manufacturing Co,2
Christiana Western Structures,2
Circle Square Mfg Co,2
Clairmar Homes Inc,2
Clarion Homes,2
Clark Bilt Inc,2
Clark Mfg Co,2
Clary Corp,2
Classic,2
Classic Housing,2
Clearfield Homes Inc,2
Clearlake Homes Mfg,2
Cliff Ind Inc,2
Clinton Mfg Corp,2
Clover Hill Mfg Co,2
Coachemo Homes Inc,2
Coastal,2
Coastal Mobile Corp,2
Coastal Modular Corporation,2
Coburn Ind,2
Coho Corp,2
Coker Builders,2
Coleman Homes Inc,2
Colonial Coach Mfg Inc,2
Colonial Custom,2
Colonial Fabricatores Inc,2
Columbia Homes Inc,2
Columbia Industries Inc,2
Columbus Homes Corp,2
Comanco Inc,2
Combi Mfg Inc,2
Commodity Resources Corp,2
Community Homes,2
Community Pride Inc,2
Community Technology Corp,2
Component Homes Inc,2
Concept Environment Inc,2
Conchemco,2
Conforti Mfg,2
Conjure Inc,2
Connell Industries Inc,2
Conner,2
Consolidated Ind Corp,2
Contemporary Building Systems,2
Contempori,2
Contessa Homes Inc,2
Continental Housing,2
Continental Mfg,2
Control Industries Inc,2
Conventry Homes Co,2
Corner Mfg Homes,2
Corona Coach Co Inc,2
Corsicana Homes Inc,2
Cotton State Homes,2
Country Enterprises Inc,2
Country Homes,2
Countryside Industries,2
Couvenir Enter,2
Coventry Homes Co,2
Cozy Industries Inc,2
Craft Wall,2
Craftec Building Systems Inc,2
Craftmade Homes,2
Craftmark Homes Inc,2
Craftsman Homes,2
Creative Buildings Inc,2
Creative Homes,2
Creative Living By Thomason,2
Crecent Mini Bldrs,2
Cree Coaches Inc,2
Crescendo Homes Inc,2
Crescent Ind,2
Crest Ridge Homes Inc,2
Crestline Homes Inc,2
Crestwood Homes,2
Crimson Industries,2
Crisp Mfg,2
Criterion Homes,2
Cross Hill Homes,2
Crossland Homes Inc,2
Crown Housing,2
Crown Pacific Homes,2
Crowne Homes By Premier Structures,2
Crownhaven Homes,2
Crown-Imperial Inc,2
Croydon,2
Crusader,2
Cubex Inc,2
Cullip Ind Inc,2
Cumberland Ind Inc,2
Curtis Wright Ind Inc,2
Custom Coach Co Inc,2
Custom Construction Components,2
Custom Craft Mobile Homes,2
Custom Homes,2
Cwh Mfg Corp,2
Cypress Homes,2
D And B Housing Inc,2
D And J Palmer Inc,2
D And M Modular Homes Co,2
D.G. Leisure Products,2
Dadco Modular,2
Dahll,2
Dal Homes,2
Dale Bellemah Corp,2
Damon Structures,2
Darian Homes Co,2
Darling,2
Darlington Ent Inc,2
Darlington Enterprises,2
Dave Hicks Co Inc,2
Davenport Homes Mfg,2
Dawson Homes,2
De Boer Building Systems Corp,2
De Rose,2
De Shano Development Corp,2
De Voe Ind Inc,2
Dean Industries Inc,2
Decade Homes Inc,2
Decatur Homes Inc,2
Deck House Inc,2
Dedco Mfg Co,2
Deep South Mobile,2
Deep South Of Ga,2
Dee'S Homes Inc,2
Dekco Mobile Mfg,2
Del Nero Homes Inc,2
Delaware Homes,2
Delbrook Homes Inc,2
Delcon Fabricators Inc,2
Delcrete Corp,2
Delight Ind,2
Delmarva Housing Corp,2
Delta Homes Inc,2
Delta Mobile Homes,2
Deltona Corp,2
Deltura Homes,2
Deluxe Quality Homes Inc,2
Dennis Mills Corp,2
Desert Aire Mfg Corp,2
Design Facilities,2
Design For Living Inc,2
Design Homes,2
Designaire Home Corp,2
Designaire Modular Homes Corp,2
Designer Homes,2
Destiny,2
De-Ti Corp,2
Diamond Mobile Systems,2
Dickinson Homes Inc,2
Dickman Homes,2
Digiorgio Homes,2
Diplomat Homes,2
Di-Sun Homes Inc,2
Divco Wayne,2
Diversa Inc,2
Diversified Structures Inc,2
Dixie Homes Inc,2
Dixie Royal Homes,2
Dixie Royal Homes Inc,2
Dmh,2
Dna Ent Ind,2
Dodco Mfg,2
Dodez And Derr,2
Dolan Corp,2
Dolphin Homes,2
Domino Homes Inc,2
Domus,2
Don Austin Mfg Inc,2
Don Beddoe,2
Don Coleman Homes,2
Don-A-Bell Homes Inc,2
Donn Building Systems Inc,2
Dora Lee Homes Inc,2
Double Wide Homes,2
Douglas Associates,2
Douglas Homes,2
Drexler Coach Inc,2
Driftwood Homes Corp,2
Dual Wide,2
Duke Homes,2
Dukor Ind Inc,2
Dukor Modular Systems Inc,2
Duline Ind,2
Dunwoody,2
Duo Coach Corp,2
Dupont,2
Dutch Housing Inc,2
Dynafab Corp,2
Dynamic Homes Inc,2
Dynamic Industries Inc,2
Dynamic Living Homes,2
E And E Mfg Co,2
E C I H I,2
E S Homes Inc,2
Eagle Co,2
Eagle Housing Inc,2
Earhart Homes,2
Eastern Modular Corp,2
Eastland Homes,2
Eaton Park,2
Econ-A-Room Corp,2
Econ-O-Line Homes,2
Edgetown Homes,2
Educational Industrial Fac,2
Educator Sales Inc,2
El Camino Homes Inc,2
Elaganza Homes,2
Elcona Homes,2
Elder Inc,2
Elder-Quinn And Mcgill Inc,2
Elk River Homes,2
Elkhart Mfgs,2
Elliott Mobile Homes,2
Ellis Mfg Co Inc,2
Embassy Homes,2
Empire,2
Empress Homes,2
Encom Building Systems Inc,2
Endure-A-Lifetime Products,2
Engineered Bldg Ind Inc,2
Enterprise Homes,2
Enviro Structure Inc,2
Envirohousing Inc,2
Environmental Comm,2
Environmental Development Corp,2
Eswood Homes Inc,2
Everglades,2
Evergreen Modular Homes Inc,2
Excel Homes,2
Expanso Mfg Co,2
E-Z Space Mfg,2
F B M Corp,2
F M Homes,2
Fabcon Inc,2
Factory Homes Corp,2
Fairlane Homes,2
Fair-Moore Corp,2
Fairway Homes,2
Falcon Coach Co,2
Falcon Luxury Homes,2
Fall Creek Housing Corp,2
Fallatin Homes,2
Falls Mfg Inc,2
Fantasy,2
Far West Homes,2
Farmington Homes,2
Fce-Tecon Pacific,2
Federal Homes Corp,2
Fema Disaster Homes,2
Fidelity,2
Field And Stream,2
Field Office Mfg Co,2
Fiesta Homes Of Ga,2
First American Coach Co,2
Fischer Homes,2
Fisher Corp,2
Five Star Homes,2
Flag Homes,2
Flagship Homes,2
Flair Homes,2
Flare Mfg,2
Fla-Ska Mfg Corp,2
Fleetline Homes,2
Fleetwing Homes,2
Fleming Homes,2
Flintstone,2
Flynn Ind,2
Fontaine Modular Structures,2
Fontana Homes,2
Fontenelle Homes Inc,2
Foremost Homes Inc,2
Forest River Housing,2
Fort Lupton Modular Builders,2
Fortress Homes,2
Fountain Home Co Inc,2
Fountain Industries Inc,2
Four Seasons Housing,2
Foxwood,2
Free State Homes,2
Freedom Industries,2
Fre-Par Moblie Homes,2
Fruehauf Buildings,2
Fuhrman Homes Inc,2
Fullview Homes,2
Fuqua Homes,2
Future Home Technology,2
Future Homes Of America Ltd,2
G And L Homes,2
G Davis Group Inc,2
G F Kennedy,2
G T Wolfe Homes Inc,2
Gain Inc,2
Galaxy Homes,2
Gallatin Homes,2
Gallery Homes,2
Garden Place Homes Inc,2
Gardenia Homes,2
Gardner Homes,2
Gary Doupnik Manufacturing Inc,2
Gateway Homes Div,2
Gateway Homes Inc,2
Gaucho Homes,2
Gbh Homes,2
Geer Co,2
Geiser Ind Inc,2
Gem Homes,2
Gemini Homes,2
General Homes Corp,2
General Housing Ind Inc,2
General Mfg Homes Inc,2
General Modular Corp,2
General Shelter Corp,2
Geneva Homes,2
Georgia Homes,2
Gerring Ind,2
Gi Gi Industries,2
Gibraltar Ind Inc,2
Gill Homes Inc,2
Gilmer Homes Inc,2
Gilroy Modular Building System,2
Glen Manor Homes,2
Glen River,2
Glendale Mobile Homes,2
Glider Trailer Company,2
Globe Ind,2
Globemaster,2
Globestar Ind Inc,2
Gloster Homes Co,2
Gm Homes,2
Gmc Homes Inc,2
Gold Mar Corp,2
Golden Heritage,2
Golden Key Homes,2
Golden State Homes,2
Golden West,2
Good Mfg,2
Gordo Homes,2
Gordonay Corp,2
Graham-Bradshaw,2
Grand American Homes Inc,2
Grand Manor Inc,2
Grand Mansion,2
Grand Western Homes,2
Grandeur Housing Ltd,2
Grat,2
Gray-Velle Homes Inc,2
Graywood Homes,2
Great Plains Homes,2
Great Southwest Corp,2
Great Texas Sectional Housing,2
Green Mt Homes Inc,2
Greencastle Coach Co Inc,2
Greenville Homes,2
Greenwood Homes,2
Gregory Mfg,2
Grimh'S Homes Inc,2
Grizzly Mfg,2
Grumman Allied Ind Inc,2
Grumman Mod Bldgs,2
Guerdon,2
Guerdon Enterprises Llc,2
H And T Ind Inc,2
H B Zachry Co,2
H C Upton And Sons,2
H E Carptenter Co,2
Hairgrove Ind,2
Hallamore Homes Inc,2
Hallet Homes Inc,2
Hallmark Homes,2
Hamill Homes Inc,2
Hamilton Homebuilders,2
Hampton Homes Inc,2
Hancock Coach Co Inc,2
Hanley Structures Inc,2
Harigrove Industries,2
Harlin Wall And Assoc,2
Harlow Manufactured Homes,2
Harmony Homes,2
Harrington Homes,2
Harrison Co,2
Hart Homes Inc,2
Hart Housing,2
Hartford Homes Inc,2
Haulmark Industries Inc,2
Hauser Homes,2
Havasu Construction Corp,2
Havelock Homes,2
Haven Homes,2
Hayes Homes,2
Hbos,2
Hearland Homes Corp,2
Heartland Homes Inc,2
Heartland Park Homes,2
Heckaman Ind Inc,2
Hed-Way Homes,2
Henderson Mfg Corp,2
Hendrich Building Systems,2
Henslee Mobile Homes,2
Hercoform Inc,2
Hercules Mfg Co,2
Heritage Hill,2
Heritage Mobile Homes,2
Hermitage Homes,2
Herndon Ind,2
Herrli,2
Heussner Home Bldrs,2
Hexagon Homes,2
Hexagon Mfg Systems,2
Hi Tech Housing,2
Hiawatha Homes,2
Hickerson Modular Components,2
Hicks Mfg,2
High Chaparral,2
Highland Mfg Co,2
Highlander Homes,2
Highlander Homes Inc,2
Hillcrest Homes,2
Hills Brothers Enterprises Inc,2
Hillsdale Homes Inc,2
Hillside Homes (Canada),2
Hilton,2
Hi-Rise Mobile Homes,2
Hi-Tech Housing,2
Hiwasse Homes Inc,2
Hmh Mfg Co,2
Hodgson House,2
Hojo Homes,2
Holan Engineering Company,2
Holder Homes,2
Holiday House Inc,2
Holiday Mansion,2
Holloway Ind,2
Holly Homes,2
Holly Industries,2
Holly Park Homes,2
Holly Park Inc,2
Holly Park Inc/Heritage Group,2
Holly Park/Indiana Bldng Sys,2
Hollybrook Homes,2
Hollymaker Homes,2
Hollywood Homes,2
Home Corp Inc,2
Home Systems Inc,2
Homebuilders Inc,2
Homebuilders Northwest Inc,2
Homemaker Homes,2
Homera,2
Homes By Dunhill,2
Homes By Fisher,2
Homes By Keystone Inc,2
Homes International Inc,2
Homes Of America,2
Homes Of Legend,2
Homes Of Merit,2
Homes Of Wellington,2
Homestead Homes Inc,2
Honorbuilt Trailer Mfg,2
Horizon Mobile Homes,2
Hornet Ind,2
Horton Homes Inc,2
Hospitality Homes,2
Houle Ind Inc,2
House Of Architecture,2
House Of Harmony,2
House Of Merrill Inc,2
Housing By Tiffany,2
Housing By Vogue,2
Housing Ind Of America Inc,2
Housing Systems Inc,2
Howard Johnson Homes,2
Howdan Mfg Co,2
Hurihom Inc,2
Huron Homes Inc,2
Huski-Bilt Inc,2
Hutcheson Homes Inc,2
Hyland Mfg Inc,2
Hylton Homes Inc,2
Ibc Homes,2
Ibec Housing International,2
Ideal Industries Inc,2
Idle Hours Coaches,2
Iii Investments,2
Imh Industries,2
Impala Homes,2
Imperial Homes,2
Imperial Homes,2
Imperial Homes Corp-Pa,2
Inco Homes,2
Indian Trailer Corp,2
Indies House,2
Ingroup Inc,2
Inland Homes,2
Inland Steel Corp,2
Inland Systems,2
Inland-Scholz Housing Systems,2
Insco Inc,2
Insta Housing Inc,2
Instant Housing Corp,2
Instant Modular Construction,2
Instant Modular Housing,2
Interdesign Inc,2
Intermodular Structures Inc,2
Intermodulex Ndh Corp,2
Intermountain Precision Blt,2
International Mob Hm,2
International Modular,2
International Shelters Inc,2
Interstate Homes,2
Interstate Housing Systems Inc,2
Interstate Structures Inc,2
Intra-America Homes,2
In-Vision,2
Ironwood Homes Inc,2
Isle Resources,2
J And R Products Inc,2
J C Smith Construction Inc,2
J K Parker Inc,2
J Vii Inc,2
J.C. Enterprises,2
J.S. Mobile Homes,2
Jackson And Harrington Ind,2
Jal-Donn Modular Building,2
Jamaica Homes,2
James River Homes,2
Jamison Homes,2
Jaysen Homes,2
Jen Sell,2
Jobsite Corp,2
John F O'Grady And Assoc.,2
John T Wydro Co,2
Jones And Laughlin Steel Corp,2
Jourdan Mfg,2
Joy Inc,2
Justus Cedar Homes,2
J'Ville Homes,2
K And J Palmer Inc,2
K And W,2
K J Homes,2
Kaiser Designed Facilities,2
Kaj'N Homes Inc,2
Kal Hawaiian Homes,2
Kal-Hawaiian Land Corp,2
Kalonial,2
Karson Homes,2
Karsten Company,2
Kaufman And Broad,2
Kay Ind,2
Keiser Homes Inc,2
Kelly Homes,2
Kemberly Homes,2
Kenilworth Homes,2
Kensington Homes,2
Kenskill Manufacturing Co,2
Kent Industries Inc,2
Kentland Homes,2
Kenton Homes,2
Kentone Homes,2
Kentwood,2
Kenwood Homes,2
Kenworth Homes,2
Keon Office Inc,2
Kerr Mfg Co,2
Kevin Gerring Inc,2
Keweenaw Industries Inc,2
Key,2
Key West Homes Inc,2
Keystone Homes,2
Keyway Homes,2
Keyway Modular Homes,2
Kherht Ind,2
Kiber Homes,2
King Craft Mfg Co,2
King George Homes,2
King Homes,2
Kings Point Housing Corp,2
Kings Trailer Co,2
Kingsberry Homes,2
Kingston Homes,2
Kingsway,2
Kingswood Homes Inc,2
Kirk Corp,2
K-Line Inc,2
Kmi Inc,2
Knight,2
Knight Schmidt Ltd,2
Knightwood Homes,2
Knob Hill Homes,2
Knox Homes Corp,2
Koronada Homes,2
Kullman Ind Inc,2
Kustom Kraft,2
L And M Manufacturing,2
L And M Trailer,2
L B Ind,2
L C Andrew Inc,2
L 'Islet Homes,2
La Casa Homes,2
La Gwen Homes Inc,2
La Salle Homes,2
Lake City Mfg Housing,2
Lakeland Homes Corp,2
Lakewood Ind,2
Lamanse Industries,2
Lancer,2
Lanchart Ind,2
Land Dynamics,2
Landmark,2
Landola Homes,2
Lane Wood Inc,2
Langston Homes,2
Langston D.A. Ent,2
Las Brisas Homes,2
Lasalle Homes,2
Laurel Creek Homes,2
Laurel Homes Inc,2
Lawndale Inc,2
Lawrence Construction,2
Lawrence Homes,2
Lca Modular,2
Le Bon Home Corp,2
Lear-Siegler Hawaiian Div,2
Lebanon Homes,2
Lee Ent,2
Leflore Industries Inc,2
Leisure Homes Inc,2
Lenawee Industries,2
Lenoir Industries Inc,2
Lesco Homes Of Nc,2
Letek Corp,2
Levcon Homes,2
Levitt Construction Sys,2
Lexington Homes,2
Lido,2
Lifestyle Homes,2
Lifetime Manufactured Homes,2
Lighthouse Trailer Company,2
Lil'Cat Inc,2
Lin Casa Homes,2
Lincoln Park,2
Lindal Bldg Components Inc,2
Lindal Cedar Homes Inc,2
Lintzcraft Trailer Mfg Co,2
Little Butler Homes,2
Live Oak Homes,2
Living Homes Inc,2
London Homes,2
Lone Star,2
Lonergan Corp,2
Longmark Mobile Homes Inc,2
Lord Ashley Homes Inc,2
Lord Ashley Modular Homes Inc,2
Loving Homes,2
Ludlow Corporation,2
Lustron (Steel) Home,2
Lutes Trailer Company,2
Luxor-Leffingwell,2
Lyons Homes,2
M C N Homes,2
M H E Housing,2
M Systems Inc,2
Mac Kay Homes,2
Madillion,2
Madison Homes,2
Madrid Homes Div,2
Madson Ind,2
Magic Homes Inc,2
Magnahome Inc,2
Magnolia Homes,2
Maine Building Systems,2
Majestic Ind,2
Mallard Coach Co,2
Malone Ind,2
Mana Modular Homes Inc,2
Manchester Homes Corp,2
Manis Custom Builders,2
Mankato Homes,2
Mann Ind,2
Mannino Properties Inc,2
Manorette Homes,2
Manorwood Corp,2
Mansfield Enterprises Inc,2
Mansion Homes,2
Manufactured Homes,2
Manufactured Housing Mfg,2
Map Homes,2
Maple Leaf Homes (Canada),2
Mardi Gras Homes,2
Marianna Homes,2
Marietta Homes,2
Mark,2
Mark Iv Homes,2
Mark X Homes,2
Markee Homes,2
Marker Homes,2
Markley Corporation,2
Markline Ind,2
Marl,2
Marlette Homes,2
Marlin Ind Inc,2
Marrietts,2
Marriott Homes Inc,2
Mar-Ro Industries Inc,2
Marshall Homes Inc,2
Martin Modules Inc,2
Mar-Val Ind Inc,2
Marville Dwyer Inc,2
Maryland Housing Corp,2
Mascot Homes,2
Mason Homes Inc,2
Master Homes,2
Masterbilt,2
Mastercraft Homes,2
Matador Homes Corp,2
Matkin-Hamric Inc,2
Maverick Mobile Homes,2
Mayflower,2
Mayhill Homes Corp,2
Mays And Hildebrandt Inc,2
Mays Ind,2
Mc Caleb Enterprises,2
Mc Cann Homes Inc,2
Mc Gee Home Systems,2
Mc Gregor Homes Inc,2
Mc Namee Homes Inc,2
Medallion Mfg Homes Corp,2
Medical Coaches Inc,2
Mediterranean Homes,2
Mefco Inc,2
Melba Homes,2
Melby Module Mfg,2
Melody Homes,2
Melrose Homes Corp,2
Memory Homes,2
Meneely Homes Inc,2
Merriway Inc,2
Merry Homes Inc,2
Metro Units,2
Mgm Homes Inc,2
Michigan Housing Corp,2
Mid America Homes,2
Midland Co,2
Mid-Low Corp,2
Midstates Corporation,2
Mighty Mobile Inc,2
Mi-Joy Homes,2
Mill Craft Housing Corp,2
Minden Housing,2
Mine And Smelter Ind,2
Minter Homes Corp,2
Minute Space Corp,2
Miracle Homes Inc,2
Miracle Modular Corp,2
Mo Con Ind Inc,2
Mobilage,2
Mobilcraft Ind Inc,2
Mobile American Home System,2
Mobile Chalet,2
Mobile Engineering,2
Mobile Enterprises Inc,2
Mobile Facility Engineering,2
Mobile Housing Inc,2
Mobile Ind,2
Mobile International,2
Mobile Living,2
Mobile Mfg Corp,2
Mobile Modular Ind Inc,2
Mobile Office Inc,2
Mobile Products Div,2
Mobile Structures Inc,2
Mobile Villas,2
Mobile Way Inc,2
Mobilecraft Ind,2
Mobiliner Mfg Inc,2
Mock Homes,2
Mocon Homes,2
Mod Inc,2
Modcomp Homes,2
Modenco Corp,2
Modern Diversified,2
Modern Homes Inc,2
Modern Homes Of Houston,2
Modern Ind,2
Modern Modules Inc,2
Modern Shelters Inc,2
Modernage,2
Modernistic Industries,2
Modufab Corp,2
Mod-U-Kraf Homes Inc,2
Modulage Homes,2
Modular Component Systems,2
Modular Concepts,2
Modular Constructions Inc,2
Modular Cores Inc,2
Modular Corp Of America Inc,2
Modular Designs,2
Modular Dimensions Inc,2
Modular General,2
Modular Homes,2
Modular Housing,2
Modular Ind,2
Modular Mfg Co,2
Modular Pacific Corp,2
Modular Services Inc,2
Modular Space Systems Inc,2
Modular Structures,2
Modular Systems Dynamics Inc,2
Modular Systems Inc,2
Modulars Inc,2
Module Corp,2
Modulex Enterprises Inc,2
Moduline Ind,2
Modulux Inc,2
Mod-U-Nique Ind Inc,2
Monarch,2
Monark Portable Buildings,2
Monark Unit Homes Inc,2
Monogram Homes,2
Monroe Mod Homes Inc,2
Montana Mfg,2
Montclair Mobile Homes Inc,2
Montego Homes Inc,2
Montegomery Homes,2
Monterey Homes Inc,2
Mooney Mfg,2
Moorepark Homes,2
More Ind Inc,2
Morgan Homes,2
Morgan Portable Bldgs Corp,2
Morris Homes,2
Morris Manufacturing,2
Moulton Ind,2
Mountain Valley Homes,2
Mountain Valley Inc,2
Movable Homes Inc,2
Movilla Inc,2
Multicon Modular Manufacturing,2
Multiport Inc,2
Muncy Homes,2
Munday Modular Homes Inc,2
Munro Industries Inc,2
Murray Ind,2
Myland Ind Inc,2
Namco Inc,2
Namretaw Manufacturing,2
Nanticoke Homes,2
Nashua Homes,2
Nashua Homes Of Idaho,2
National Homes,2
National Mob Dev Co,2
National Pre Built,2
Nationwide Homes Inc,2
Nationwide Mfrs Inc,2
Nci Mobile Homes Div,2
Nesco Ind,2
New Castle Homes,2
New Century Homes Inc,2
New Dimension,2
New Dominion Homes,2
New England Modular Homes,2
New Era Building Systems,2
New River Homes,2
New Royalty Homes Inc,2
New World Housing,2
New Yorker Homes,2
Newcor Homes Inc,2
Newport,2
Newport Homes Inc,2
Nomad,2
Non Pareil Homes,2
Nordic Homes,2
Norfolk Homestead Housing Inc,2
Norris Ind,2
North American Homes,2
North River Homes Inc,2
Northeast Housing,2
Northern Engineering Co,2
Northern Ind,2
Northern Star,2
Northernaire,2
Northland Camps Inc,2
Northland Homes Inc,2
Northwest Homes,2
Nuway Homes,2
Oak Creek Of Nc Inc,2
Oak Terrace Ind Inc,2
Oakmont Homes,2
Oakwood Homes Corp,2
Oberlin Inc,2
Ocilla Ind,2
Odessey Homes,2
Odyssey Homes,2
Office Trailer Inc,2
Ohio Valley Homes Inc,2
Oklahoma Modular Design Inc,2
Old Dominion Homes Inc,2
Old Orchard Homes,2
Oldsmar Ind,2
Olympia Four Seasons,2
Olympic Homes Inc,2
Omega,2
Omni Housing Systems Inc,2
Orange Valley Homes,2
Ord,2
Orlando Homes Inc,2
Otis International Inc,2
Ouachita Mfg Inc,2
Overland Mfg,2
Ownahome Inc,2
Owosso Coach Company,2
Oxford Homes,2
Ozark Homes,2
Pacemaker Trailer Co,2
Pacesetter Homes,2
Pacific Homes,2
Pacific Lvng Sys,2
Pacifica Homes Inc,2
Packer Homes Inc,2
Pageant Homes Corp,2
Palevsky Ind Inc,2
Palmetto Homes Of Laurens,2
Pan American,2
Panorama City,2
Panoramic Homes Inc,2
Pantek Corp,2
Paramount Homes Inc,2
Pareil Homes,2
Par-Ex Homes Inc,2
Park River Homes,2
Parkersburg Homes,2
Parkland Homes Inc,2
Parko Building Corp,2
Parkview Homes,2
Parkway Homes,2
Parkwood Homes,2
Partners Pride Corp,2
Patrician Homes Inc,2
Patriot Homes,2
Pausel Lumber,2
Pawnee Homes,2
PBR Inc,2
PDG Homes,2
Peach State Homes,2
Peachtree Homes,2
Pearson Arrow,2
Pease Company Inc,2
Pelican Homes,2
Pembroke Homes Inc,2
Pemtom Inc,2
Pennsylvania Homes,2
Penthouse Ind,2
Perma Porta Structures Inc,2
Perm-A-Dwell,2
Perry Building Systems Inc,2
Person And Person Inc,2
Peter Bilder Inc,2
Peyton Homes Inc,2
Pickwick Company,2
Piedmont Homes,2
Pine Haven Inc,2
Pinnacle Homes Inc,2
Pinnix Corp,2
Pioneer Housing Systems Inc,2
Pioneer Mobile Homes,2
Pittsville Homes Inc,2
Plainsman Homes Inc,2
Plantation Homes Ind,2
Platt Trailer Co,2
Play House Inc,2
Pleasant Valley Modular Homes,2
Polar Homes,2
Poloron,2
Pontiac Coach Company,2
Porta House Inc,2
Porta-Bilt Enterprises,2
Portable Structures Inc,2
Port-A-Build,2
Post Coach Inc,2
Prairie Ind Inc,2
Prairie Schooner Inc,2
Pre-Built Structures Inc,2
Precision Structures Inc,2
Premier Housing/Crestridge,2
Prestige Mfg Homes Corp,2
Price Meyers,2
Prince Charles Homes Inc,2
Princeton Homes Inc,2
Proctor Homes,2
Profile Structures,2
Progress Homes Inc,2
Prowswood Inc,2
Prudential Homes Inc,2
Puritan,2
Pyramid Homes Inc,2
Quadco Inc,2
Quadrant Corp,2
Qualicon Homes Inc,2
Quality Control Builders,2
Quality Homes Of The Pacific,2
R And W Custom Builders,2
R J Ind,2
R S Engineering And Mfg Co,2
Rainbow Homes Inc,2
Rainway Mfg Co,2
Raldon Corp,2
Ranchero Homes Inc,2
Randa Homes,2
R-Anell Homes,2
Raphael Homes,2
Rapides Homes Inc,2
Rawick Mfg Co Inc,2
Raymond Products Co Inc,2
Raymur Acceptance Corp,2
Raymur Corp,2
RBC Corp,2
RC Industries Inc,2
Ready Built Homes,2
Rebel Homes Inc,2
Red Arrow Co,2
Redi Housing Corp,2
Redlands Homes,2
Redman,2
Redwood Homes,2
Regal Homes Inc,2
Relco Corp,2
Reliable Homes Inc,2
Relocatable Housing,2
Rembrandt,2
Remic,2
Ren Fro Assocs,2
Republic,2
Republic Homes,2
Republic Modular Homes Inc,2
Republic-Henslee Inc,2
Resort Homes,2
Revere Homes Inc,2
Rex,2
Reynolds Mfg Co,2
Riaed Investment Co Inc,2
Rice Manufacturing,2
Rich Homes,2
Richardson,2
Richland Homes,2
Richmond Homes Inc,2
Ridgemont Homes Inc,2
Ringo Homes Inc,2
Rings Homes Inc,2
Rite-A-Way Ind Inc,2
Ritz Wood Inc,2
River Birch Homes,2
River Oaks Homes,2
Rivers And Horton,2
Riverside Homes,2
Riviera Mfg,2
Roadcraft,2
Roadcraft Mfg And Leasing Corp,2
Roadmaster Company,2
Roberts Homes,2
Roblin Homes Inc,2
Rochester Homes Inc,2
Rockland Homes,2
Rockwood Modular Ind Inc,2
Rocky Mountain Builders,2
Rod And Reel,2
Roda Corporation,2
Roebuck Homes Inc,2
Rogers Ind Inc,2
Roker,2
Roker Ind,2
Roll A Long Trailers,2
Rolling Home Ind,2
Rolling Home Ind Inc,2
Rollohome,2
Royal Ambassador Homes Inc,2
Royal Homes,2
Royal Homes Ltd (Canada),2
Royalty Homes,2
Royalty Homes Inc,2
Roycraft Coach,2
Royse Homes,2
Rsw East,2
Ruby Enterprises Ind,2
Rushmore Homes,2
Rustic Structures,2
Ryan Homes,2
Rycenga Homes Inc,2
S And S Steel,2
S B C Corp,2
Sa Enterprises Inc,2
Sahara Homes Inc,2
Salem Homes Inc,2
Sam Industries,2
Sandler Bilt Homes,2
Sanford Co Inc,2
Sanford Enterprises Inc,2
Santa Anita,2
Saturn Housing,2
Savannah Homes,2
Save On Homes,2
Savina Home Industries Inc,2
Schenkel Bros Mfg Co,2
Schevelle Homes,2
Scholz Homes Inc,2
Schramke Arthur E,2
Scotian Mfg Co,2
Scotsman Homes,2
Scott Craft Homes,2
Scott Housing System,2
Scott Rich Co,2
Scotty'S Homes Inc,2
Sears Mfg Co,2
Sectional Housing Systems Inc,2
Security Home Mfg Inc,2
Select Homes Inc,2
Seminole,2
Senator Homes Inc,2
Serendipity Homes Inc,2
Service Technology Corp,2
Shaffer Mfg Inc,2
Shakespeare Ind,2
Shamrock Homes,2
Shar Lo Homes,2
Shawnee Homes,2
Sheffield Homes Co,2
Shelby Homes Corp,2
Sheller Globe,2
Shelter Corp,2
Shelter Homes Corp,2
Shelter Modular Corp,2
Shelter Resources Corp,2
Shelter Systems,2
Sheltercraft Homes,2
Shelterex Corp,2
Sheridan Homes,2
Sherway,2
Sherwood Homes,2
Shevelle Homes,2
Shiloh Homes,2
Shipkron Mfg Co Inc,2
Shipp-Ette Homes,2
Showcase Homes Inc,2
Siegfried Structures,2
Siesta Ind Inc,2
Sigma Industries Inc,2
Signal Homes,2
Sil'S Modular Housing Mfg Inc,2
Silver Creek,2
Silver Dome Company,2
Silver Hills,2
Silver Oaks Homes,2
Simplex Ind Inc,2
Sinclair Homes,2
Sioux Falls Structures Inc,2
Skidmore Carter Corp,2
Skidmore Homes Inc,2
Skylark Homes Inc,2
Skyview,2
Slaughter Ind Inc,2
Smith Co,2
Solar Homes Inc,2
Solar/Sonic Homes,2
Solora Homes,2
South Eastern Shelter Ind,2
Southern Industries,2
Southern Manor,2
Southern Pride,2
Southerton Corp,2
Southland American Housing,2
Southseas Homes,2
Southwest Modular Housing Inc,2
Southwind Homes,2
Southwood Homes,2
Souvenir Ent,2
Sovereign Homes,2
Spa,2
Space Assemblies Inc,2
Space Homes,2
Space Setters Inc,2
Spacemaster Homes,2
Spaniard Homes,2
Sparkton Ind,2
Sparrowhawk Mfg Inc,2
Sparton Aircraft Corp,2
Spaugh Homes,2
Spectator Ent,2
Spector Homes,2
Speedspace Corp,2
Spencer Sports Products Inc,2
Spiral Ind Inc,2
Spirit Homes Inc,2
Sportcraft Homes,2
Spring Hills Homes,2
Springbrook Homes,2
Squire Homes Inc,2
Stahl Industries Inc,2
Stahmann Structures,2
Stan Craft Homes,2
Stancraft,2
Standard,2
Standard Homes,2
Stanford Homes,2
Starcraft Homes,2
Star-Fire Homes,2
Starfleet Trailer Mfg Co,2
Starlite Homes,2
Starr Homes,2
Starrett Modular Construction,2
State Building Co Inc,2
Statesman Homes,2
Statewide Inc,2
Statler Homes,2
Steele And Haurbergh Building,2
Sterling Corp,2
Stew Gar Inc,2
Steward Coach Ind Inc,2
Stewart Homes,2
Stiegler Homes,2
Stiles-Hatton Inc,2
Strahan Mfg,2
Stratford Homes,2
Strattan House Inc,2
Streamlite Trailer Company,2
Stressed Structures Inc,2
Stuart Homes Inc,2
Studebaker Southern Inc,2
Sturdi-Bilt Homes,2
Sturgis,2
Style Mar Homes,2
Stylemaster Homes Inc,2
Stylex Homes Inc,2
Stylhomes Inc,2
Suburban Homes Corp,2
Sullivan Homes Inc,2
Sumco Commercial Structures,2
Summerset Homes,2
Summerset Homes Inc,2
Summy Building Systems Inc,2
Sumter Industries Inc,2
Sun Air Mfg Co,2
Sun Belt Inc,2
Sun Dancer Homes,2
Sun Villa Homes,2
Suncoaster,2
Suncraft Homes,2
Sundown Homes,2
Sundowner Homes,2
Sunflower Homes,2
Sunhome,2
Sunliner Homes,2
Sunrise Inc,2
Sunrizon Homes Inc,2
Sunstate,2
Sunstate Mfg Homes,2
Superior Builders,2
Superior Homes Llc,2
Superior Modular Homes Inc,2
Supreme Homes,2
Supreme Victor Mobile Homes,2
Surburban Homes Corp,2
Surf-Rider Ind,2
Swan Industries,2
Sweetbriar Homes,2
Sweetwater Homes,2
Swift Homes,2
Swift Ind Inc,2
Swinger Homes,2
Sylvan Homes Inc,2
Systems Housing Division,2
T And R Custom Inc,2
T.B.R.,2
Tall Oaks Homes,2
Talokas Homes,2
Tam Homes,2
Tanglewood Mfg Co,2
Tara Products Inc,2
Target Construction Co,2
Tarrant Homes,2
Task Force Homes Inc,2
Tayco Homes,2
Taylor Homes,2
Techbuilt,2
Technical Dimensions Inc,2
Techni-Fab Inc,2
Tek Homes,2
Tellus Corp,2
Temple Ind,2
Tempo Homes Inc,2
Tennessee Supply,2
Tension Structures Inc,2
Terrace Homes,2
Terra-Marine,2
Terrell Community Homes Inc,2
Terry Coach Industries,2
Texana Homes,2
Texas Ann Mfg,2
Thomasville Homes,2
Thoroughbred Homes,2
Thrift Homes Corp,2
Thrifty Portalbe Buildings,2
Tidwell,2
Tiffany Homes,2
Timbercraft Homes Inc,2
Timberline,2
Timely Corp,2
Timpte Ind,2
Tipton Building Co Inc,2
Topaz,2
Topper,2
Topper Homes Inc,2
Tora Homes,2
Torch,2
Torino Homes,2
Touchton Homes,2
Tourite Homes,2
Tower Homes Inc,2
Tower Terrace,2
Town And Country,2
Town Homes,2
Towncraft Homes Inc,2
Townehouse Homes,2
Townhomes Llc,2
Tracy Homes,2
Trade Winds Homes Mfg,2
Trademark Homes Inc,2
Tradewinds,2
Traditional Homes,2
Traditional Living Inc,2
Trailblazer Homes,2
Trailorama,2
Trans Texas Corp,2
Transamerica Homes,2
Transponents Ltd,2
Trans-Spectra Inc,2
Transworld Housing Inc,2
Travel Equipment,2
Traveleer Trailer Co,2
Traveleze Trailer Co,2
Travelhome Company Of America,2
Travelite Trailer Co Of Tx,2
Travel-Line Enterprises,2
Travelmaster Coach Corp,2
Travelo Homes,2
Treasure Chest Homes,2
Trefoil Enterprises,2
Tremont Mfg Co Inc,2
Trend Homes,2
Trendsetter Building Systems,2
Trenella Corp,2
Tri Star Homes,2
Tri State Homes,2
Trident Mfg Co,2
Trinity Homes,2
Tri-Par Homes,2
Triple A Homes,2
Triple Crown Homes,2
Triple E Ltd,2
Triple M Homes,2
Tri-State Homes Inc,2
Trojan Homes Inc,2
Tropic Aire,2
Tropical Mobile Homes Inc,2
Tropicana Homes Inc,2
Tropicana Mobile Homes Inc,2
Trotwood,2
Troy Homes,2
Tru-Bilt Corp,2
Trulove Homes Inc,2
Trus Mfg Co,2
Truss And Component Co,2
Tuftco Ind,2
Twentieth Century,2
Twg Enterprises,2
Twin Lakes Homes,2
Tyler Homes,2
Tyson Mfg Corp,2
U S Financial,2
U.S. Interstate,2
Ugi Development,2
Ujs Steel Homes,2
Ultima Homes Inc,2
Ultimate Homes,2
Unadilla Homes Inc,2
Unibilt Ind Inc,2
Unibilt Structures,2
Uniloc Systems Inc,2
Union Mfg Co Inc,2
Unit Craft Corp,2
Unit Homes Inc,2
Unit Shelter Systems Inc,2
Unite Durham Inc,2
United Homes,2
United Housing Of N M,2
United Mobile Homes,2
United Modular,2
United Module Inc,2
United Research Homes Inc,2
United States Cedar Ind,2
United States Steel Corp,2
Unitized Systems Inc,2
Universal General,2
Universal Homes,2
Universal Modular,2
Urania Homes Inc,2
Urban Coach Co,2
Us Aluminum Homes,2
Us Factory Built Homes Inc,2
Us Home,2
Us Industries Inc,2
Us Modules Inc,2
Usco,2
Usf Homes Inc,2
Utah Mobile Homes,2
Utah Modular Products,2
Utopia Mfg,2
Vacation Villas,2
Valiant Homes Inc,2
Valley Co,2
Valley Forge Inc,2
Valley Homes,2
Valley Mfg Housing Inc,2
Valley Modulars,2
Valley Vista Inc,2
Van America,2
Vanderbuilt Mfg Co,2
Van-Ler Inc,2
V-Camp Corp,2
Vegas Mfg,2
Vegas Mfg Inc,2
Velvet Hammer Inc,2
Vemco Homes Inc,2
Vemcraft,2
Ventoura,2
Versatile,2
Vertical Systems Inc,2
Vesely Mfg,2
Victoria Homes,2
Victorian Homes Inc,2
Victory Homes,2
Viking Edgewood,2
Viking Homes,2
Villa Coach Corp,2
Village Green Homes Inc,2
Village Homes Inc,2
Village Park Inc,2
Village Square,2
Villager Co,2
Villaume Industries,2
Vincent Mfg Homes,2
Vindale Corp,2
Vintage,2
Virgina Lee Homes,2
Virginia Homes,2
Viscount Coach Inc,2
Viscount Homes,2
Vision Industries Inc,2
Vista Industry,2
Vista Villa Homes Inc,2
Vogue Homes,2
Volunteer Mfg,2
Volunteer Mfg Corp,2
Vought Industries/Abc,2
Vsp Homes Ltd,2
W P Atkinson Ind Inc,2
W S Bowers Co,2
W.R.D. Homes,2
Wacamaw Homes,2
Wahoo-Built Bldg,2
Wakefield Homes Inc,2
Walco Trailers Inc,2
Walker,2
Walton Homes,2
Wanderland Homes Inc,2
Wa-Nee Homes Corp,2
Wardcraft Homes,2
Warrior Corp,2
Wausau Homes Inc,2
Waycross Homes Division,2
Wedgewood Homes,2
Welbilt,2
Wellington Homes,2
West Homes,2
West Maid Homes,2
West Unit Inc,2
Westcom Homes,2
Western Coach Corp,2
Western Heritage Homes,2
Western Homes,2
Western Homes Corp,2
Western Mansion Homes,2
Western Mfg Co Inc,2
Westinghouse Homes,2
Westland Enterprises Corp,2
Westland Homes Corp,2
Westminster Homes Inc,2
Weston Homes Corp,2
Westville Homes Corp,2
Westway Homes Inc,2
Westwind,2
Wheel House Structures,2
Wheeler Homes,2
Whitley Mfg Co Inc,2
Whitman Ind Inc,2
Whitmire And Allen Inc,2
Whitney,2
Wick Building,2
Wickes Homes,2
Wide Load Homes,2
Williams Craft Mfg,2
Williams Home Mfg,2
Willow Homes,2
Willowdale Homes Inc,2
Wilshire Homes,2
Winco Inc,2
Wind River Industries Inc,2
Windsor Homes,2
Winston Delaware,2
Winston Homebuilders,2
Winston Ind,2
Wisconsin Homes Inc,2
Witten Homes,2
Wolverine Ind,2
Wonderful Builders,2
Wood Fabricators,2
Woodbrook Homes,2
Woodline Homes,2
Woodling Homes,2
Woodmaster Structures Inc,2
World Homes,2
Worldwide Homes,2
Worthmore Mfg Homes Inc,2
Wunderland Homes,2
X L Inc,2
Xavier Builders,2
Xplorer Ent,2
Yankee Modular Homes,2
Yankee Uni-Homes Inc,2
Yazoo Homes,2
Yellowstone Coach Co,2
Yetter Homes Inc,2
Young American Homes,2
Yukon Delta Inc,2
Yuma Custom Built Homes,2
Zenith Homes,2
Zeus Homes,2
Zimco Housing Corp,2
Zimco Modular Housing Corp,2
Zimmer,2
Not Listed,2