key,value
0 | A,All Other Perils#0.8|Windstorm Or Hail#0.8|Earthquake#0|Hurricane#0|Wildfire#0|Flood#0
1 | A,All Other Perils#1|Windstorm Or Hail#1|Earthquake#0|Hurricane#0|Wildfire#0|Flood#0
0 | B,All Other Perils#0.8|Windstorm Or Hail#0.8|Earthquake#0|Hurricane#0|Wildfire#0|Flood#0
1 | B,All Other Perils#1|Windstorm Or Hail#1|Earthquake#0|Hurricane#0|Wildfire#0|Flood#0
0 | C,All Other Perils#0.8|Windstorm Or Hail#0.8|Earthquake#0|Hurricane#0|Wildfire#0|Flood#0
1 | C,All Other Perils#1|Windstorm Or Hail#1|Earthquake#0|Hurricane#0|Wildfire#0|Flood#0