key,value
Owner | Accessory Dwelling Unit (ADU) | A,All Other Perils#1|Windstorm Or Hail#1|Earthquake#0|Hurricane#1|Wildfire#0|Flood#0
Owner | Double wide | A,All Other Perils#1|Windstorm Or Hail#1|Earthquake#0|Hurricane#1|Wildfire#0|Flood#0
Owner | Modular | A,All Other Perils#1|Windstorm Or Hail#1|Earthquake#0|Hurricane#1|Wildfire#0|Flood#0
Owner | Other | A,All Other Perils#1|Windstorm Or Hail#1|Earthquake#0|Hurricane#1|Wildfire#0|Flood#0
Owner | Park Model | A,All Other Perils#1|Windstorm Or Hail#1|Earthquake#0|Hurricane#1|Wildfire#0|Flood#0
Owner | Shipping Container Home | A,All Other Perils#1.25|Windstorm Or Hail#1.25|Earthquake#0|Hurricane#1|Wildfire#0|Flood#0
Owner | Single wide | A,All Other Perils#1|Windstorm Or Hail#1|Earthquake#0|Hurricane#1|Wildfire#0|Flood#0
Owner | Stationary Travel Trailer | A,All Other Perils#1|Windstorm Or Hail#1|Earthquake#0|Hurricane#1|Wildfire#0|Flood#0
Owner | Tiny Home | A,All Other Perils#1|Windstorm Or Hail#1|Earthquake#0|Hurricane#1|Wildfire#0|Flood#0
Owner | Triple wide | A,All Other Perils#1|Windstorm Or Hail#1|Earthquake#0|Hurricane#1|Wildfire#0|Flood#0
Owner | Accessory Dwelling Unit (ADU) | B,All Other Perils#1|Windstorm Or Hail#1|Earthquake#0|Hurricane#1|Wildfire#0|Flood#0
Owner | Double wide | B,All Other Perils#1|Windstorm Or Hail#1|Earthquake#0|Hurricane#1|Wildfire#0|Flood#0
Owner | Modular | B,All Other Perils#1|Windstorm Or Hail#1|Earthquake#0|Hurricane#1|Wildfire#0|Flood#0
Owner | Other | B,All Other Perils#1|Windstorm Or Hail#1|Earthquake#0|Hurricane#1|Wildfire#0|Flood#0
Owner | Park Model | B,All Other Perils#1|Windstorm Or Hail#1|Earthquake#0|Hurricane#1|Wildfire#0|Flood#0
Owner | Shipping Container Home | B,All Other Perils#1|Windstorm Or Hail#1|Earthquake#0|Hurricane#1|Wildfire#0|Flood#0
Owner | Single wide | B,All Other Perils#1|Windstorm Or Hail#1|Earthquake#0|Hurricane#1|Wildfire#0|Flood#0
Owner | Stationary Travel Trailer | B,All Other Perils#1|Windstorm Or Hail#1|Earthquake#0|Hurricane#1|Wildfire#0|Flood#0
Owner | Tiny Home | B,All Other Perils#1|Windstorm Or Hail#1|Earthquake#0|Hurricane#1|Wildfire#0|Flood#0
Owner | Triple wide | B,All Other Perils#1|Windstorm Or Hail#1|Earthquake#0|Hurricane#1|Wildfire#0|Flood#0
Owner | Accessory Dwelling Unit (ADU) | C,All Other Perils#1|Windstorm Or Hail#1|Earthquake#0|Hurricane#1|Wildfire#0|Flood#0
Owner | Double wide | C,All Other Perils#1|Windstorm Or Hail#1|Earthquake#0|Hurricane#1|Wildfire#0|Flood#0
Owner | Modular | C,All Other Perils#1|Windstorm Or Hail#1|Earthquake#0|Hurricane#1|Wildfire#0|Flood#0
Owner | Other | C,All Other Perils#1|Windstorm Or Hail#1|Earthquake#0|Hurricane#1|Wildfire#0|Flood#0
Owner | Park Model | C,All Other Perils#1|Windstorm Or Hail#1|Earthquake#0|Hurricane#1|Wildfire#0|Flood#0
Owner | Shipping Container Home | C,All Other Perils#1|Windstorm Or Hail#1|Earthquake#0|Hurricane#1|Wildfire#0|Flood#0
Owner | Single wide | C,All Other Perils#1|Windstorm Or Hail#1|Earthquake#0|Hurricane#1|Wildfire#0|Flood#0
Owner | Stationary Travel Trailer | C,All Other Perils#1|Windstorm Or Hail#1|Earthquake#0|Hurricane#1|Wildfire#0|Flood#0
Owner | Tiny Home | C,All Other Perils#1|Windstorm Or Hail#1|Earthquake#0|Hurricane#1|Wildfire#0|Flood#0
Owner | Triple wide | C,All Other Perils#1|Windstorm Or Hail#1|Earthquake#0|Hurricane#1|Wildfire#0|Flood#0
Seasonal | Accessory Dwelling Unit (ADU) | A,All Other Perils#1|Windstorm Or Hail#1|Earthquake#0|Hurricane#1|Wildfire#0|Flood#0
Seasonal | Double wide | A,All Other Perils#1|Windstorm Or Hail#1|Earthquake#0|Hurricane#1|Wildfire#0|Flood#0
Seasonal | Modular | A,All Other Perils#1|Windstorm Or Hail#1|Earthquake#0|Hurricane#1|Wildfire#0|Flood#0
Seasonal | Other | A,All Other Perils#1|Windstorm Or Hail#1|Earthquake#0|Hurricane#1|Wildfire#0|Flood#0
Seasonal | Park Model | A,All Other Perils#1|Windstorm Or Hail#1|Earthquake#0|Hurricane#1|Wildfire#0|Flood#0
Seasonal | Shipping Container Home | A,All Other Perils#1.25|Windstorm Or Hail#1.25|Earthquake#0|Hurricane#1|Wildfire#0|Flood#0
Seasonal | Single wide | A,All Other Perils#1|Windstorm Or Hail#1|Earthquake#0|Hurricane#1|Wildfire#0|Flood#0
Seasonal | Stationary Travel Trailer | A,All Other Perils#1|Windstorm Or Hail#1|Earthquake#0|Hurricane#1|Wildfire#0|Flood#0
Seasonal | Tiny Home | A,All Other Perils#1|Windstorm Or Hail#1|Earthquake#0|Hurricane#1|Wildfire#0|Flood#0
Seasonal | Triple wide | A,All Other Perils#1|Windstorm Or Hail#1|Earthquake#0|Hurricane#1|Wildfire#0|Flood#0
Seasonal | Accessory Dwelling Unit (ADU) | B,All Other Perils#1|Windstorm Or Hail#1|Earthquake#0|Hurricane#1|Wildfire#0|Flood#0
Seasonal | Double wide | B,All Other Perils#1|Windstorm Or Hail#1|Earthquake#0|Hurricane#1|Wildfire#0|Flood#0
Seasonal | Modular | B,All Other Perils#1|Windstorm Or Hail#1|Earthquake#0|Hurricane#1|Wildfire#0|Flood#0
Seasonal | Other | B,All Other Perils#1|Windstorm Or Hail#1|Earthquake#0|Hurricane#1|Wildfire#0|Flood#0
Seasonal | Park Model | B,All Other Perils#1|Windstorm Or Hail#1|Earthquake#0|Hurricane#1|Wildfire#0|Flood#0
Seasonal | Shipping Container Home | B,All Other Perils#1|Windstorm Or Hail#1|Earthquake#0|Hurricane#1|Wildfire#0|Flood#0
Seasonal | Single wide | B,All Other Perils#1|Windstorm Or Hail#1|Earthquake#0|Hurricane#1|Wildfire#0|Flood#0
Seasonal | Stationary Travel Trailer | B,All Other Perils#1|Windstorm Or Hail#1|Earthquake#0|Hurricane#1|Wildfire#0|Flood#0
Seasonal | Tiny Home | B,All Other Perils#1|Windstorm Or Hail#1|Earthquake#0|Hurricane#1|Wildfire#0|Flood#0
Seasonal | Triple wide | B,All Other Perils#1|Windstorm Or Hail#1|Earthquake#0|Hurricane#1|Wildfire#0|Flood#0
Seasonal | Accessory Dwelling Unit (ADU) | C,All Other Perils#1|Windstorm Or Hail#1|Earthquake#0|Hurricane#1|Wildfire#0|Flood#0
Seasonal | Double wide | C,All Other Perils#1|Windstorm Or Hail#1|Earthquake#0|Hurricane#1|Wildfire#0|Flood#0
Seasonal | Modular | C,All Other Perils#1|Windstorm Or Hail#1|Earthquake#0|Hurricane#1|Wildfire#0|Flood#0
Seasonal | Other | C,All Other Perils#1|Windstorm Or Hail#1|Earthquake#0|Hurricane#1|Wildfire#0|Flood#0
Seasonal | Park Model | C,All Other Perils#1|Windstorm Or Hail#1|Earthquake#0|Hurricane#1|Wildfire#0|Flood#0
Seasonal | Shipping Container Home | C,All Other Perils#1|Windstorm Or Hail#1|Earthquake#0|Hurricane#1|Wildfire#0|Flood#0
Seasonal | Single wide | C,All Other Perils#1|Windstorm Or Hail#1|Earthquake#0|Hurricane#1|Wildfire#0|Flood#0
Seasonal | Stationary Travel Trailer | C,All Other Perils#1|Windstorm Or Hail#1|Earthquake#0|Hurricane#1|Wildfire#0|Flood#0
Seasonal | Tiny Home | C,All Other Perils#1|Windstorm Or Hail#1|Earthquake#0|Hurricane#1|Wildfire#0|Flood#0
Seasonal | Triple wide | C,All Other Perils#1|Windstorm Or Hail#1|Earthquake#0|Hurricane#1|Wildfire#0|Flood#0
Rental | Accessory Dwelling Unit (ADU) | A,All Other Perils#1|Windstorm Or Hail#1|Earthquake#0|Hurricane#1|Wildfire#0|Flood#0
Rental | Double wide | A,All Other Perils#1|Windstorm Or Hail#1|Earthquake#0|Hurricane#1|Wildfire#0|Flood#0
Rental | Modular | A,All Other Perils#1|Windstorm Or Hail#1|Earthquake#0|Hurricane#1|Wildfire#0|Flood#0
Rental | Other | A,All Other Perils#1|Windstorm Or Hail#1|Earthquake#0|Hurricane#1|Wildfire#0|Flood#0
Rental | Park Model | A,All Other Perils#1|Windstorm Or Hail#1|Earthquake#0|Hurricane#1|Wildfire#0|Flood#0
Rental | Shipping Container Home | A,All Other Perils#1.25|Windstorm Or Hail#1.25|Earthquake#0|Hurricane#1|Wildfire#0|Flood#0
Rental | Single wide | A,All Other Perils#1|Windstorm Or Hail#1|Earthquake#0|Hurricane#1|Wildfire#0|Flood#0
Rental | Stationary Travel Trailer | A,All Other Perils#1|Windstorm Or Hail#1|Earthquake#0|Hurricane#1|Wildfire#0|Flood#0
Rental | Tiny Home | A,All Other Perils#1|Windstorm Or Hail#1|Earthquake#0|Hurricane#1|Wildfire#0|Flood#0
Rental | Triple wide | A,All Other Perils#1|Windstorm Or Hail#1|Earthquake#0|Hurricane#1|Wildfire#0|Flood#0
Rental | Accessory Dwelling Unit (ADU) | B,All Other Perils#1|Windstorm Or Hail#1|Earthquake#0|Hurricane#1|Wildfire#0|Flood#0
Rental | Double wide | B,All Other Perils#1|Windstorm Or Hail#1|Earthquake#0|Hurricane#1|Wildfire#0|Flood#0
Rental | Modular | B,All Other Perils#1|Windstorm Or Hail#1|Earthquake#0|Hurricane#1|Wildfire#0|Flood#0
Rental | Other | B,All Other Perils#1|Windstorm Or Hail#1|Earthquake#0|Hurricane#1|Wildfire#0|Flood#0
Rental | Park Model | B,All Other Perils#1|Windstorm Or Hail#1|Earthquake#0|Hurricane#1|Wildfire#0|Flood#0
Rental | Shipping Container Home | B,All Other Perils#1.25|Windstorm Or Hail#1.25|Earthquake#0|Hurricane#1|Wildfire#0|Flood#0
Rental | Single wide | B,All Other Perils#1|Windstorm Or Hail#1|Earthquake#0|Hurricane#1|Wildfire#0|Flood#0
Rental | Stationary Travel Trailer | B,All Other Perils#1|Windstorm Or Hail#1|Earthquake#0|Hurricane#1|Wildfire#0|Flood#0
Rental | Tiny Home | B,All Other Perils#1|Windstorm Or Hail#1|Earthquake#0|Hurricane#1|Wildfire#0|Flood#0
Rental | Triple wide | B,All Other Perils#1|Windstorm Or Hail#1|Earthquake#0|Hurricane#1|Wildfire#0|Flood#0
Rental | Accessory Dwelling Unit (ADU) | C,All Other Perils#1|Windstorm Or Hail#1|Earthquake#0|Hurricane#1|Wildfire#0|Flood#0
Rental | Double wide | C,All Other Perils#1|Windstorm Or Hail#1|Earthquake#0|Hurricane#1|Wildfire#0|Flood#0
Rental | Modular | C,All Other Perils#1|Windstorm Or Hail#1|Earthquake#0|Hurricane#1|Wildfire#0|Flood#0
Rental | Other | C,All Other Perils#1|Windstorm Or Hail#1|Earthquake#0|Hurricane#1|Wildfire#0|Flood#0
Rental | Park Model | C,All Other Perils#1|Windstorm Or Hail#1|Earthquake#0|Hurricane#1|Wildfire#0|Flood#0
Rental | Shipping Container Home | C,All Other Perils#1|Windstorm Or Hail#1|Earthquake#0|Hurricane#1|Wildfire#0|Flood#0
Rental | Single wide | C,All Other Perils#1|Windstorm Or Hail#1|Earthquake#0|Hurricane#1|Wildfire#0|Flood#0
Rental | Stationary Travel Trailer | C,All Other Perils#1|Windstorm Or Hail#1|Earthquake#0|Hurricane#1|Wildfire#0|Flood#0
Rental | Tiny Home | C,All Other Perils#1|Windstorm Or Hail#1|Earthquake#0|Hurricane#1|Wildfire#0|Flood#0
Rental | Triple wide | C,All Other Perils#1|Windstorm Or Hail#1|Earthquake#0|Hurricane#1|Wildfire#0|Flood#0
Vacant | Accessory Dwelling Unit (ADU) | A,All Other Perils#1|Windstorm Or Hail#1|Earthquake#0|Hurricane#1|Wildfire#0|Flood#0
Vacant | Double wide | A,All Other Perils#1|Windstorm Or Hail#1|Earthquake#0|Hurricane#1|Wildfire#0|Flood#0
Vacant | Modular | A,All Other Perils#1|Windstorm Or Hail#1|Earthquake#0|Hurricane#1|Wildfire#0|Flood#0
Vacant | Other | A,All Other Perils#1|Windstorm Or Hail#1|Earthquake#0|Hurricane#1|Wildfire#0|Flood#0
Vacant | Park Model | A,All Other Perils#1|Windstorm Or Hail#1|Earthquake#0|Hurricane#1|Wildfire#0|Flood#0
Vacant | Shipping Container Home | A,All Other Perils#1.25|Windstorm Or Hail#1.25|Earthquake#0|Hurricane#1|Wildfire#0|Flood#0
Vacant | Single wide | A,All Other Perils#1|Windstorm Or Hail#1|Earthquake#0|Hurricane#1|Wildfire#0|Flood#0
Vacant | Stationary Travel Trailer | A,All Other Perils#1|Windstorm Or Hail#1|Earthquake#0|Hurricane#1|Wildfire#0|Flood#0
Vacant | Tiny Home | A,All Other Perils#1|Windstorm Or Hail#1|Earthquake#0|Hurricane#1|Wildfire#0|Flood#0
Vacant | Triple wide | A,All Other Perils#1|Windstorm Or Hail#1|Earthquake#0|Hurricane#1|Wildfire#0|Flood#0
Vacant | Accessory Dwelling Unit (ADU) | B,All Other Perils#1|Windstorm Or Hail#1|Earthquake#0|Hurricane#1|Wildfire#0|Flood#0
Vacant | Double wide | B,All Other Perils#1|Windstorm Or Hail#1|Earthquake#0|Hurricane#1|Wildfire#0|Flood#0
Vacant | Modular | B,All Other Perils#1|Windstorm Or Hail#1|Earthquake#0|Hurricane#1|Wildfire#0|Flood#0
Vacant | Other | B,All Other Perils#1|Windstorm Or Hail#1|Earthquake#0|Hurricane#1|Wildfire#0|Flood#0
Vacant | Park Model | B,All Other Perils#1|Windstorm Or Hail#1|Earthquake#0|Hurricane#1|Wildfire#0|Flood#0
Vacant | Shipping Container Home | B,All Other Perils#1|Windstorm Or Hail#1|Earthquake#0|Hurricane#1|Wildfire#0|Flood#0
Vacant | Single wide | B,All Other Perils#1|Windstorm Or Hail#1|Earthquake#0|Hurricane#1|Wildfire#0|Flood#0
Vacant | Stationary Travel Trailer | B,All Other Perils#1|Windstorm Or Hail#1|Earthquake#0|Hurricane#1|Wildfire#0|Flood#0
Vacant | Tiny Home | B,All Other Perils#1|Windstorm Or Hail#1|Earthquake#0|Hurricane#1|Wildfire#0|Flood#0
Vacant | Triple wide | B,All Other Perils#1|Windstorm Or Hail#1|Earthquake#0|Hurricane#1|Wildfire#0|Flood#0
Vacant | Accessory Dwelling Unit (ADU) | C,All Other Perils#1|Windstorm Or Hail#1|Earthquake#0|Hurricane#1|Wildfire#0|Flood#0
Vacant | Double wide | C,All Other Perils#1|Windstorm Or Hail#1|Earthquake#0|Hurricane#1|Wildfire#0|Flood#0
Vacant | Modular | C,All Other Perils#1|Windstorm Or Hail#1|Earthquake#0|Hurricane#1|Wildfire#0|Flood#0
Vacant | Other | C,All Other Perils#1|Windstorm Or Hail#1|Earthquake#0|Hurricane#1|Wildfire#0|Flood#0
Vacant | Park Model | C,All Other Perils#1|Windstorm Or Hail#1|Earthquake#0|Hurricane#1|Wildfire#0|Flood#0
Vacant | Shipping Container Home | C,All Other Perils#1|Windstorm Or Hail#1|Earthquake#0|Hurricane#1|Wildfire#0|Flood#0
Vacant | Single wide | C,All Other Perils#1|Windstorm Or Hail#1|Earthquake#0|Hurricane#1|Wildfire#0|Flood#0
Vacant | Stationary Travel Trailer | C,All Other Perils#1|Windstorm Or Hail#1|Earthquake#0|Hurricane#1|Wildfire#0|Flood#0
Vacant | Tiny Home | C,All Other Perils#1|Windstorm Or Hail#1|Earthquake#0|Hurricane#1|Wildfire#0|Flood#0
Vacant | Triple wide | C,All Other Perils#1|Windstorm Or Hail#1|Earthquake#0|Hurricane#1|Wildfire#0|Flood#0
Tenant | Accessory Dwelling Unit (ADU) | C,All Other Perils#1|Windstorm Or Hail#1|Earthquake#0|Hurricane#1|Wildfire#0|Flood#0
Tenant | Double wide | C,All Other Perils#1|Windstorm Or Hail#1|Earthquake#0|Hurricane#1|Wildfire#0|Flood#0
Tenant | Modular | C,All Other Perils#1|Windstorm Or Hail#1|Earthquake#0|Hurricane#1|Wildfire#0|Flood#0
Tenant | Other | C,All Other Perils#1|Windstorm Or Hail#1|Earthquake#0|Hurricane#1|Wildfire#0|Flood#0
Tenant | Park Model | C,All Other Perils#1|Windstorm Or Hail#1|Earthquake#0|Hurricane#1|Wildfire#0|Flood#0
Tenant | Shipping Container Home | C,All Other Perils#1|Windstorm Or Hail#1|Earthquake#0|Hurricane#1|Wildfire#0|Flood#0
Tenant | Single wide | C,All Other Perils#1|Windstorm Or Hail#1|Earthquake#0|Hurricane#1|Wildfire#0|Flood#0
Tenant | Stationary Travel Trailer | C,All Other Perils#1|Windstorm Or Hail#1|Earthquake#0|Hurricane#1|Wildfire#0|Flood#0
Tenant | Tiny Home | C,All Other Perils#1|Windstorm Or Hail#1|Earthquake#0|Hurricane#1|Wildfire#0|Flood#0
Tenant | Triple wide | C,All Other Perils#1|Windstorm Or Hail#1|Earthquake#0|Hurricane#1|Wildfire#0|Flood#0