key,value
Owner | A,All Other Perils#1|Windstorm Or Hail#1|Earthquake#0|Hurricane#0|Wildfire#0|Flood#0
Rental | A,All Other Perils#1.55|Windstorm Or Hail#1.55|Earthquake#0|Hurricane#0|Wildfire#0|Flood#0
Seasonal | A,All Other Perils#1.21|Windstorm Or Hail#1.21|Earthquake#0|Hurricane#0|Wildfire#0|Flood#0
Vacant | A,All Other Perils#1.73|Windstorm Or Hail#1.73|Earthquake#0|Hurricane#0|Wildfire#0|Flood#0
Owner | B,All Other Perils#1|Windstorm Or Hail#1|Earthquake#0|Hurricane#0|Wildfire#0|Flood#0
Rental | B,All Other Perils#1.4|Windstorm Or Hail#1.4|Earthquake#0|Hurricane#0|Wildfire#0|Flood#0
Seasonal | B,All Other Perils#1|Windstorm Or Hail#1|Earthquake#0|Hurricane#0|Wildfire#0|Flood#0
Vacant | B,All Other Perils#1.25|Windstorm Or Hail#1.25|Earthquake#0|Hurricane#0|Wildfire#0|Flood#0
Owner | C,All Other Perils#1|Windstorm Or Hail#1|Earthquake#0|Hurricane#0|Wildfire#0|Flood#0
Rental | C,All Other Perils#0.92|Windstorm Or Hail#0.92|Earthquake#0|Hurricane#0|Wildfire#0|Flood#0
Seasonal | C,All Other Perils#1.1|Windstorm Or Hail#1.1|Earthquake#0|Hurricane#0|Wildfire#0|Flood#0
Vacant | C,All Other Perils#1.25|Windstorm Or Hail#1.25|Earthquake#0|Hurricane#0|Wildfire#0|Flood#0
Tenant | C,All Other Perils#2.25|Windstorm Or Hail#2.25|Earthquake#0|Hurricane#0|Wildfire#0|Flood#0