key,value
Yes | A,All Other Perils#1.05|Windstorm Or Hail#1.05|Earthquake#0|Hurricane#0|Wildfire#0
No | A,All Other Perils#1|Windstorm Or Hail#1|Earthquake#0|Hurricane#0|Wildfire#0
Yes | B,All Other Perils#1.05|Windstorm Or Hail#1.05|Earthquake#0|Hurricane#0|Wildfire#0
No | B,All Other Perils#1|Windstorm Or Hail#1|Earthquake#0|Hurricane#0|Wildfire#0
Yes | C,All Other Perils#1.05|Windstorm Or Hail#1.05|Earthquake#0|Hurricane#0|Wildfire#0
No | C,All Other Perils#1|Windstorm Or Hail#1|Earthquake#0|Hurricane#0|Wildfire#0