key,value
Unknown | A,All Other Perils#1|Windstorm Or Hail#1|Earthquake#0|Hurricane#1|Wildfire#0|Flood#0
Excellent | A,All Other Perils#1|Windstorm Or Hail#1|Earthquake#0|Hurricane#1|Wildfire#0|Flood#0
Good | A,All Other Perils#1|Windstorm Or Hail#1|Earthquake#0|Hurricane#1|Wildfire#0|Flood#0
Fair | A,All Other Perils#1|Windstorm Or Hail#1|Earthquake#0|Hurricane#1|Wildfire#0|Flood#0
Poor | A,All Other Perils#1|Windstorm Or Hail#1|Earthquake#0|Hurricane#1|Wildfire#0|Flood#0
Severe | A,All Other Perils#1|Windstorm Or Hail#1|Earthquake#0|Hurricane#1|Wildfire#0|Flood#0
Unknown | B,All Other Perils#1|Windstorm Or Hail#1|Earthquake#0|Hurricane#1|Wildfire#0|Flood#0
Excellent | B,All Other Perils#1|Windstorm Or Hail#1|Earthquake#0|Hurricane#1|Wildfire#0|Flood#0
Good | B,All Other Perils#1|Windstorm Or Hail#1|Earthquake#0|Hurricane#1|Wildfire#0|Flood#0
Fair | B,All Other Perils#1|Windstorm Or Hail#1|Earthquake#0|Hurricane#1|Wildfire#0|Flood#0
Poor | B,All Other Perils#1|Windstorm Or Hail#1|Earthquake#0|Hurricane#1|Wildfire#0|Flood#0
Severe | B,All Other Perils#1|Windstorm Or Hail#1|Earthquake#0|Hurricane#1|Wildfire#0|Flood#0
Unknown | C,All Other Perils#1|Windstorm Or Hail#1|Earthquake#0|Hurricane#1|Wildfire#0|Flood#0
Excellent | C,All Other Perils#1|Windstorm Or Hail#1|Earthquake#0|Hurricane#1|Wildfire#0|Flood#0
Good | C,All Other Perils#1|Windstorm Or Hail#1|Earthquake#0|Hurricane#1|Wildfire#0|Flood#0
Fair | C,All Other Perils#1|Windstorm Or Hail#1|Earthquake#0|Hurricane#1|Wildfire#0|Flood#0
Poor | C,All Other Perils#1|Windstorm Or Hail#1|Earthquake#0|Hurricane#1|Wildfire#0|Flood#0
Severe | C,All Other Perils#1|Windstorm Or Hail#1|Earthquake#0|Hurricane#1|Wildfire#0|Flood#0