key,value
Unknown | 0 | 0 | A,All Other Perils#1|Windstorm Or Hail#1
Unknown | 1 | 0 | A,All Other Perils#1|Windstorm Or Hail#1
Unknown | 2 | 0 | A,All Other Perils#1|Windstorm Or Hail#1
Unknown | 3 | 0 | A,All Other Perils#1|Windstorm Or Hail#1
Unknown | 4 | 0 | A,All Other Perils#1|Windstorm Or Hail#1
Unknown | 5 | 0 | A,All Other Perils#1|Windstorm Or Hail#1
Unknown | 6 | 0 | A,All Other Perils#1|Windstorm Or Hail#1
Unknown | 7 | 0 | A,All Other Perils#1|Windstorm Or Hail#1
Unknown | 8 | 0 | A,All Other Perils#1|Windstorm Or Hail#1
Unknown | 9 | 0 | A,All Other Perils#1|Windstorm Or Hail#1
Unknown | 10 | 0 | A,All Other Perils#1|Windstorm Or Hail#1
Unknown | 11 | 0 | A,All Other Perils#1|Windstorm Or Hail#1
Unknown | 12 | 0 | A,All Other Perils#1|Windstorm Or Hail#1
Unknown | 13 | 0 | A,All Other Perils#1|Windstorm Or Hail#1
Unknown | 14 | 0 | A,All Other Perils#1|Windstorm Or Hail#1
Unknown | 15 | 0 | A,All Other Perils#1|Windstorm Or Hail#1
Unknown | 16 | 0 | A,All Other Perils#1|Windstorm Or Hail#1
Unknown | 17 | 0 | A,All Other Perils#1|Windstorm Or Hail#1
Unknown | 18 | 0 | A,All Other Perils#1|Windstorm Or Hail#1
Unknown | 19 | 0 | A,All Other Perils#1|Windstorm Or Hail#1
Unknown | 20 | 0 | A,All Other Perils#1|Windstorm Or Hail#1
Unknown | 0 | 5 | A,All Other Perils#0.95|Windstorm Or Hail#0.95
Unknown | 1 | 5 | A,All Other Perils#0.96|Windstorm Or Hail#0.96
Unknown | 2 | 5 | A,All Other Perils#0.97|Windstorm Or Hail#0.97
Unknown | 3 | 5 | A,All Other Perils#0.98|Windstorm Or Hail#0.98
Unknown | 4 | 5 | A,All Other Perils#0.99|Windstorm Or Hail#0.99
Unknown | 5 | 5 | A,All Other Perils#1|Windstorm Or Hail#1
Unknown | 6 | 5 | A,All Other Perils#1|Windstorm Or Hail#1
Unknown | 7 | 5 | A,All Other Perils#1|Windstorm Or Hail#1
Unknown | 8 | 5 | A,All Other Perils#1|Windstorm Or Hail#1
Unknown | 9 | 5 | A,All Other Perils#1|Windstorm Or Hail#1
Unknown | 10 | 5 | A,All Other Perils#1|Windstorm Or Hail#1
Unknown | 11 | 5 | A,All Other Perils#1|Windstorm Or Hail#1
Unknown | 12 | 5 | A,All Other Perils#1|Windstorm Or Hail#1
Unknown | 13 | 5 | A,All Other Perils#1|Windstorm Or Hail#1
Unknown | 14 | 5 | A,All Other Perils#1|Windstorm Or Hail#1
Unknown | 15 | 5 | A,All Other Perils#1|Windstorm Or Hail#1
Unknown | 16 | 5 | A,All Other Perils#1|Windstorm Or Hail#1
Unknown | 17 | 5 | A,All Other Perils#1|Windstorm Or Hail#1
Unknown | 18 | 5 | A,All Other Perils#1|Windstorm Or Hail#1
Unknown | 19 | 5 | A,All Other Perils#1|Windstorm Or Hail#1
Unknown | 20 | 5 | A,All Other Perils#1|Windstorm Or Hail#1
Excellent | 0 | 0 | A,All Other Perils#1|Windstorm Or Hail#1
Excellent | 1 | 0 | A,All Other Perils#1|Windstorm Or Hail#1
Excellent | 2 | 0 | A,All Other Perils#1|Windstorm Or Hail#1
Excellent | 3 | 0 | A,All Other Perils#1|Windstorm Or Hail#1
Excellent | 4 | 0 | A,All Other Perils#1|Windstorm Or Hail#1
Excellent | 5 | 0 | A,All Other Perils#1|Windstorm Or Hail#1
Excellent | 6 | 0 | A,All Other Perils#1|Windstorm Or Hail#1
Excellent | 7 | 0 | A,All Other Perils#1|Windstorm Or Hail#1
Excellent | 8 | 0 | A,All Other Perils#1|Windstorm Or Hail#1
Excellent | 9 | 0 | A,All Other Perils#1|Windstorm Or Hail#1
Excellent | 10 | 0 | A,All Other Perils#1|Windstorm Or Hail#1
Excellent | 11 | 0 | A,All Other Perils#1|Windstorm Or Hail#1
Excellent | 12 | 0 | A,All Other Perils#1|Windstorm Or Hail#1
Excellent | 13 | 0 | A,All Other Perils#1|Windstorm Or Hail#1
Excellent | 14 | 0 | A,All Other Perils#1|Windstorm Or Hail#1
Excellent | 15 | 0 | A,All Other Perils#1|Windstorm Or Hail#1
Excellent | 16 | 0 | A,All Other Perils#1|Windstorm Or Hail#1
Excellent | 17 | 0 | A,All Other Perils#1|Windstorm Or Hail#1
Excellent | 18 | 0 | A,All Other Perils#1|Windstorm Or Hail#1
Excellent | 19 | 0 | A,All Other Perils#1|Windstorm Or Hail#1
Excellent | 20 | 0 | A,All Other Perils#1|Windstorm Or Hail#1
Excellent | 0 | 5 | A,All Other Perils#0.95|Windstorm Or Hail#0.95
Excellent | 1 | 5 | A,All Other Perils#0.95|Windstorm Or Hail#0.95
Excellent | 2 | 5 | A,All Other Perils#0.95|Windstorm Or Hail#0.95
Excellent | 3 | 5 | A,All Other Perils#0.95|Windstorm Or Hail#0.95
Excellent | 4 | 5 | A,All Other Perils#0.95|Windstorm Or Hail#0.95
Excellent | 5 | 5 | A,All Other Perils#0.95|Windstorm Or Hail#0.95
Excellent | 6 | 5 | A,All Other Perils#0.95|Windstorm Or Hail#0.95
Excellent | 7 | 5 | A,All Other Perils#0.95|Windstorm Or Hail#0.95
Excellent | 8 | 5 | A,All Other Perils#0.95|Windstorm Or Hail#0.95
Excellent | 9 | 5 | A,All Other Perils#0.95|Windstorm Or Hail#0.95
Excellent | 10 | 5 | A,All Other Perils#0.95|Windstorm Or Hail#0.95
Excellent | 11 | 5 | A,All Other Perils#0.95|Windstorm Or Hail#0.95
Excellent | 12 | 5 | A,All Other Perils#0.95|Windstorm Or Hail#0.95
Excellent | 13 | 5 | A,All Other Perils#0.95|Windstorm Or Hail#0.95
Excellent | 14 | 5 | A,All Other Perils#0.95|Windstorm Or Hail#0.95
Excellent | 15 | 5 | A,All Other Perils#0.95|Windstorm Or Hail#0.95
Excellent | 16 | 5 | A,All Other Perils#0.95|Windstorm Or Hail#0.95
Excellent | 17 | 5 | A,All Other Perils#0.95|Windstorm Or Hail#0.95
Excellent | 18 | 5 | A,All Other Perils#0.95|Windstorm Or Hail#0.95
Excellent | 19 | 5 | A,All Other Perils#0.95|Windstorm Or Hail#0.95
Excellent | 20 | 5 | A,All Other Perils#0.95|Windstorm Or Hail#0.95
Good | 0 | 0 | A,All Other Perils#1|Windstorm Or Hail#1
Good | 1 | 0 | A,All Other Perils#1|Windstorm Or Hail#1
Good | 2 | 0 | A,All Other Perils#1|Windstorm Or Hail#1
Good | 3 | 0 | A,All Other Perils#1|Windstorm Or Hail#1
Good | 4 | 0 | A,All Other Perils#1|Windstorm Or Hail#1
Good | 5 | 0 | A,All Other Perils#1|Windstorm Or Hail#1
Good | 6 | 0 | A,All Other Perils#1|Windstorm Or Hail#1
Good | 7 | 0 | A,All Other Perils#1|Windstorm Or Hail#1
Good | 8 | 0 | A,All Other Perils#1|Windstorm Or Hail#1
Good | 9 | 0 | A,All Other Perils#1|Windstorm Or Hail#1
Good | 10 | 0 | A,All Other Perils#1|Windstorm Or Hail#1
Good | 11 | 0 | A,All Other Perils#1|Windstorm Or Hail#1
Good | 12 | 0 | A,All Other Perils#1|Windstorm Or Hail#1
Good | 13 | 0 | A,All Other Perils#1|Windstorm Or Hail#1
Good | 14 | 0 | A,All Other Perils#1|Windstorm Or Hail#1
Good | 15 | 0 | A,All Other Perils#1|Windstorm Or Hail#1
Good | 16 | 0 | A,All Other Perils#1|Windstorm Or Hail#1
Good | 17 | 0 | A,All Other Perils#1|Windstorm Or Hail#1
Good | 18 | 0 | A,All Other Perils#1|Windstorm Or Hail#1
Good | 19 | 0 | A,All Other Perils#1|Windstorm Or Hail#1
Good | 20 | 0 | A,All Other Perils#1|Windstorm Or Hail#1
Good | 0 | 5 | A,All Other Perils#0.95|Windstorm Or Hail#0.95
Good | 1 | 5 | A,All Other Perils#0.95|Windstorm Or Hail#0.95
Good | 2 | 5 | A,All Other Perils#0.95|Windstorm Or Hail#0.95
Good | 3 | 5 | A,All Other Perils#0.95|Windstorm Or Hail#0.95
Good | 4 | 5 | A,All Other Perils#0.95|Windstorm Or Hail#0.95
Good | 5 | 5 | A,All Other Perils#0.95|Windstorm Or Hail#0.95
Good | 6 | 5 | A,All Other Perils#0.95|Windstorm Or Hail#0.95
Good | 7 | 5 | A,All Other Perils#0.95|Windstorm Or Hail#0.95
Good | 8 | 5 | A,All Other Perils#0.95|Windstorm Or Hail#0.95
Good | 9 | 5 | A,All Other Perils#0.95|Windstorm Or Hail#0.95
Good | 10 | 5 | A,All Other Perils#0.95|Windstorm Or Hail#0.95
Good | 11 | 5 | A,All Other Perils#0.95|Windstorm Or Hail#0.95
Good | 12 | 5 | A,All Other Perils#0.95|Windstorm Or Hail#0.95
Good | 13 | 5 | A,All Other Perils#0.95|Windstorm Or Hail#0.95
Good | 14 | 5 | A,All Other Perils#0.95|Windstorm Or Hail#0.95
Good | 15 | 5 | A,All Other Perils#0.95|Windstorm Or Hail#0.95
Good | 16 | 5 | A,All Other Perils#0.95|Windstorm Or Hail#0.95
Good | 17 | 5 | A,All Other Perils#0.95|Windstorm Or Hail#0.95
Good | 18 | 5 | A,All Other Perils#0.95|Windstorm Or Hail#0.95
Good | 19 | 5 | A,All Other Perils#0.95|Windstorm Or Hail#0.95
Good | 20 | 5 | A,All Other Perils#0.95|Windstorm Or Hail#0.95
Fair | 0 | 0 | A,All Other Perils#1|Windstorm Or Hail#1
Fair | 1 | 0 | A,All Other Perils#1|Windstorm Or Hail#1
Fair | 2 | 0 | A,All Other Perils#1|Windstorm Or Hail#1
Fair | 3 | 0 | A,All Other Perils#1|Windstorm Or Hail#1
Fair | 4 | 0 | A,All Other Perils#1|Windstorm Or Hail#1
Fair | 5 | 0 | A,All Other Perils#1|Windstorm Or Hail#1
Fair | 6 | 0 | A,All Other Perils#1|Windstorm Or Hail#1
Fair | 7 | 0 | A,All Other Perils#1|Windstorm Or Hail#1
Fair | 8 | 0 | A,All Other Perils#1|Windstorm Or Hail#1
Fair | 9 | 0 | A,All Other Perils#1|Windstorm Or Hail#1
Fair | 10 | 0 | A,All Other Perils#1|Windstorm Or Hail#1
Fair | 11 | 0 | A,All Other Perils#1|Windstorm Or Hail#1
Fair | 12 | 0 | A,All Other Perils#1|Windstorm Or Hail#1
Fair | 13 | 0 | A,All Other Perils#1|Windstorm Or Hail#1
Fair | 14 | 0 | A,All Other Perils#1|Windstorm Or Hail#1
Fair | 15 | 0 | A,All Other Perils#1|Windstorm Or Hail#1
Fair | 16 | 0 | A,All Other Perils#1|Windstorm Or Hail#1
Fair | 17 | 0 | A,All Other Perils#1|Windstorm Or Hail#1
Fair | 18 | 0 | A,All Other Perils#1|Windstorm Or Hail#1
Fair | 19 | 0 | A,All Other Perils#1|Windstorm Or Hail#1
Fair | 20 | 0 | A,All Other Perils#1|Windstorm Or Hail#1
Fair | 0 | 5 | A,All Other Perils#1|Windstorm Or Hail#1
Fair | 1 | 5 | A,All Other Perils#1|Windstorm Or Hail#1
Fair | 2 | 5 | A,All Other Perils#1|Windstorm Or Hail#1
Fair | 3 | 5 | A,All Other Perils#1|Windstorm Or Hail#1
Fair | 4 | 5 | A,All Other Perils#1|Windstorm Or Hail#1
Fair | 5 | 5 | A,All Other Perils#1|Windstorm Or Hail#1
Fair | 6 | 5 | A,All Other Perils#1|Windstorm Or Hail#1
Fair | 7 | 5 | A,All Other Perils#1|Windstorm Or Hail#1
Fair | 8 | 5 | A,All Other Perils#1|Windstorm Or Hail#1
Fair | 9 | 5 | A,All Other Perils#1|Windstorm Or Hail#1
Fair | 10 | 5 | A,All Other Perils#1|Windstorm Or Hail#1
Fair | 11 | 5 | A,All Other Perils#1|Windstorm Or Hail#1
Fair | 12 | 5 | A,All Other Perils#1|Windstorm Or Hail#1
Fair | 13 | 5 | A,All Other Perils#1|Windstorm Or Hail#1
Fair | 14 | 5 | A,All Other Perils#1|Windstorm Or Hail#1
Fair | 15 | 5 | A,All Other Perils#1|Windstorm Or Hail#1
Fair | 16 | 5 | A,All Other Perils#1|Windstorm Or Hail#1
Fair | 17 | 5 | A,All Other Perils#1|Windstorm Or Hail#1
Fair | 18 | 5 | A,All Other Perils#1|Windstorm Or Hail#1
Fair | 19 | 5 | A,All Other Perils#1|Windstorm Or Hail#1
Fair | 20 | 5 | A,All Other Perils#1|Windstorm Or Hail#1
Poor | 0 | 0 | A,All Other Perils#1.805|Windstorm Or Hail#1.805
Poor | 1 | 0 | A,All Other Perils#1.69|Windstorm Or Hail#1.69
Poor | 2 | 0 | A,All Other Perils#1.595|Windstorm Or Hail#1.595
Poor | 3 | 0 | A,All Other Perils#1.525|Windstorm Or Hail#1.525
Poor | 4 | 0 | A,All Other Perils#1.46|Windstorm Or Hail#1.46
Poor | 5 | 0 | A,All Other Perils#1.415|Windstorm Or Hail#1.415
Poor | 6 | 0 | A,All Other Perils#1.375|Windstorm Or Hail#1.375
Poor | 7 | 0 | A,All Other Perils#1.345|Windstorm Or Hail#1.345
Poor | 8 | 0 | A,All Other Perils#1.32|Windstorm Or Hail#1.32
Poor | 9 | 0 | A,All Other Perils#1.3|Windstorm Or Hail#1.3
Poor | 10 | 0 | A,All Other Perils#1.28|Windstorm Or Hail#1.28
Poor | 11 | 0 | A,All Other Perils#1.26|Windstorm Or Hail#1.26
Poor | 12 | 0 | A,All Other Perils#1.245|Windstorm Or Hail#1.245
Poor | 13 | 0 | A,All Other Perils#1.24|Windstorm Or Hail#1.24
Poor | 14 | 0 | A,All Other Perils#1.235|Windstorm Or Hail#1.235
Poor | 15 | 0 | A,All Other Perils#1.23|Windstorm Or Hail#1.23
Poor | 16 | 0 | A,All Other Perils#1.225|Windstorm Or Hail#1.225
Poor | 17 | 0 | A,All Other Perils#1.22|Windstorm Or Hail#1.22
Poor | 18 | 0 | A,All Other Perils#1.22|Windstorm Or Hail#1.22
Poor | 19 | 0 | A,All Other Perils#1.215|Windstorm Or Hail#1.215
Poor | 20 | 0 | A,All Other Perils#1.21|Windstorm Or Hail#1.21
Poor | 0 | 5 | A,All Other Perils#1.805|Windstorm Or Hail#1.805
Poor | 1 | 5 | A,All Other Perils#1.69|Windstorm Or Hail#1.69
Poor | 2 | 5 | A,All Other Perils#1.595|Windstorm Or Hail#1.595
Poor | 3 | 5 | A,All Other Perils#1.525|Windstorm Or Hail#1.525
Poor | 4 | 5 | A,All Other Perils#1.46|Windstorm Or Hail#1.46
Poor | 5 | 5 | A,All Other Perils#1.415|Windstorm Or Hail#1.415
Poor | 6 | 5 | A,All Other Perils#1.375|Windstorm Or Hail#1.375
Poor | 7 | 5 | A,All Other Perils#1.345|Windstorm Or Hail#1.345
Poor | 8 | 5 | A,All Other Perils#1.32|Windstorm Or Hail#1.32
Poor | 9 | 5 | A,All Other Perils#1.3|Windstorm Or Hail#1.3
Poor | 10 | 5 | A,All Other Perils#1.28|Windstorm Or Hail#1.28
Poor | 11 | 5 | A,All Other Perils#1.26|Windstorm Or Hail#1.26
Poor | 12 | 5 | A,All Other Perils#1.245|Windstorm Or Hail#1.245
Poor | 13 | 5 | A,All Other Perils#1.24|Windstorm Or Hail#1.24
Poor | 14 | 5 | A,All Other Perils#1.235|Windstorm Or Hail#1.235
Poor | 15 | 5 | A,All Other Perils#1.23|Windstorm Or Hail#1.23
Poor | 16 | 5 | A,All Other Perils#1.225|Windstorm Or Hail#1.225
Poor | 17 | 5 | A,All Other Perils#1.22|Windstorm Or Hail#1.22
Poor | 18 | 5 | A,All Other Perils#1.22|Windstorm Or Hail#1.22
Poor | 19 | 5 | A,All Other Perils#1.215|Windstorm Or Hail#1.215
Poor | 20 | 5 | A,All Other Perils#1.21|Windstorm Or Hail#1.21
Severe | 0 | 0 | A,All Other Perils#1.805|Windstorm Or Hail#1.805
Severe | 1 | 0 | A,All Other Perils#1.69|Windstorm Or Hail#1.69
Severe | 2 | 0 | A,All Other Perils#1.595|Windstorm Or Hail#1.595
Severe | 3 | 0 | A,All Other Perils#1.525|Windstorm Or Hail#1.525
Severe | 4 | 0 | A,All Other Perils#1.46|Windstorm Or Hail#1.46
Severe | 5 | 0 | A,All Other Perils#1.415|Windstorm Or Hail#1.415
Severe | 6 | 0 | A,All Other Perils#1.375|Windstorm Or Hail#1.375
Severe | 7 | 0 | A,All Other Perils#1.345|Windstorm Or Hail#1.345
Severe | 8 | 0 | A,All Other Perils#1.32|Windstorm Or Hail#1.32
Severe | 9 | 0 | A,All Other Perils#1.3|Windstorm Or Hail#1.3
Severe | 10 | 0 | A,All Other Perils#1.28|Windstorm Or Hail#1.28
Severe | 11 | 0 | A,All Other Perils#1.26|Windstorm Or Hail#1.26
Severe | 12 | 0 | A,All Other Perils#1.245|Windstorm Or Hail#1.245
Severe | 13 | 0 | A,All Other Perils#1.24|Windstorm Or Hail#1.24
Severe | 14 | 0 | A,All Other Perils#1.235|Windstorm Or Hail#1.235
Severe | 15 | 0 | A,All Other Perils#1.23|Windstorm Or Hail#1.23
Severe | 16 | 0 | A,All Other Perils#1.225|Windstorm Or Hail#1.225
Severe | 17 | 0 | A,All Other Perils#1.22|Windstorm Or Hail#1.22
Severe | 18 | 0 | A,All Other Perils#1.22|Windstorm Or Hail#1.22
Severe | 19 | 0 | A,All Other Perils#1.215|Windstorm Or Hail#1.215
Severe | 20 | 0 | A,All Other Perils#1.21|Windstorm Or Hail#1.21
Severe | 0 | 5 | A,All Other Perils#1.805|Windstorm Or Hail#1.805
Severe | 1 | 5 | A,All Other Perils#1.69|Windstorm Or Hail#1.69
Severe | 2 | 5 | A,All Other Perils#1.595|Windstorm Or Hail#1.595
Severe | 3 | 5 | A,All Other Perils#1.525|Windstorm Or Hail#1.525
Severe | 4 | 5 | A,All Other Perils#1.46|Windstorm Or Hail#1.46
Severe | 5 | 5 | A,All Other Perils#1.415|Windstorm Or Hail#1.415
Severe | 6 | 5 | A,All Other Perils#1.375|Windstorm Or Hail#1.375
Severe | 7 | 5 | A,All Other Perils#1.345|Windstorm Or Hail#1.345
Severe | 8 | 5 | A,All Other Perils#1.32|Windstorm Or Hail#1.32
Severe | 9 | 5 | A,All Other Perils#1.3|Windstorm Or Hail#1.3
Severe | 10 | 5 | A,All Other Perils#1.28|Windstorm Or Hail#1.28
Severe | 11 | 5 | A,All Other Perils#1.26|Windstorm Or Hail#1.26
Severe | 12 | 5 | A,All Other Perils#1.245|Windstorm Or Hail#1.245
Severe | 13 | 5 | A,All Other Perils#1.24|Windstorm Or Hail#1.24
Severe | 14 | 5 | A,All Other Perils#1.235|Windstorm Or Hail#1.235
Severe | 15 | 5 | A,All Other Perils#1.23|Windstorm Or Hail#1.23
Severe | 16 | 5 | A,All Other Perils#1.225|Windstorm Or Hail#1.225
Severe | 17 | 5 | A,All Other Perils#1.22|Windstorm Or Hail#1.22
Severe | 18 | 5 | A,All Other Perils#1.22|Windstorm Or Hail#1.22
Severe | 19 | 5 | A,All Other Perils#1.215|Windstorm Or Hail#1.215
Severe | 20 | 5 | A,All Other Perils#1.21|Windstorm Or Hail#1.21
Unknown | 0 | 0 | B,All Other Perils#1|Windstorm Or Hail#1
Unknown | 1 | 0 | B,All Other Perils#1|Windstorm Or Hail#1
Unknown | 2 | 0 | B,All Other Perils#1|Windstorm Or Hail#1
Unknown | 3 | 0 | B,All Other Perils#1|Windstorm Or Hail#1
Unknown | 4 | 0 | B,All Other Perils#1|Windstorm Or Hail#1
Unknown | 5 | 0 | B,All Other Perils#1|Windstorm Or Hail#1
Unknown | 6 | 0 | B,All Other Perils#1|Windstorm Or Hail#1
Unknown | 7 | 0 | B,All Other Perils#1|Windstorm Or Hail#1
Unknown | 8 | 0 | B,All Other Perils#1|Windstorm Or Hail#1
Unknown | 9 | 0 | B,All Other Perils#1|Windstorm Or Hail#1
Unknown | 10 | 0 | B,All Other Perils#1|Windstorm Or Hail#1
Unknown | 11 | 0 | B,All Other Perils#1|Windstorm Or Hail#1
Unknown | 12 | 0 | B,All Other Perils#1|Windstorm Or Hail#1
Unknown | 13 | 0 | B,All Other Perils#1|Windstorm Or Hail#1
Unknown | 14 | 0 | B,All Other Perils#1|Windstorm Or Hail#1
Unknown | 15 | 0 | B,All Other Perils#1|Windstorm Or Hail#1
Unknown | 16 | 0 | B,All Other Perils#1|Windstorm Or Hail#1
Unknown | 17 | 0 | B,All Other Perils#1|Windstorm Or Hail#1
Unknown | 18 | 0 | B,All Other Perils#1|Windstorm Or Hail#1
Unknown | 19 | 0 | B,All Other Perils#1|Windstorm Or Hail#1
Unknown | 20 | 0 | B,All Other Perils#1|Windstorm Or Hail#1
Unknown | 0 | 5 | B,All Other Perils#1|Windstorm Or Hail#1
Unknown | 1 | 5 | B,All Other Perils#1|Windstorm Or Hail#1
Unknown | 2 | 5 | B,All Other Perils#1|Windstorm Or Hail#1
Unknown | 3 | 5 | B,All Other Perils#1|Windstorm Or Hail#1
Unknown | 4 | 5 | B,All Other Perils#1|Windstorm Or Hail#1
Unknown | 5 | 5 | B,All Other Perils#1|Windstorm Or Hail#1
Unknown | 6 | 5 | B,All Other Perils#1|Windstorm Or Hail#1
Unknown | 7 | 5 | B,All Other Perils#1|Windstorm Or Hail#1
Unknown | 8 | 5 | B,All Other Perils#1|Windstorm Or Hail#1
Unknown | 9 | 5 | B,All Other Perils#1|Windstorm Or Hail#1
Unknown | 10 | 5 | B,All Other Perils#1|Windstorm Or Hail#1
Unknown | 11 | 5 | B,All Other Perils#1|Windstorm Or Hail#1
Unknown | 12 | 5 | B,All Other Perils#1|Windstorm Or Hail#1
Unknown | 13 | 5 | B,All Other Perils#1|Windstorm Or Hail#1
Unknown | 14 | 5 | B,All Other Perils#1|Windstorm Or Hail#1
Unknown | 15 | 5 | B,All Other Perils#1|Windstorm Or Hail#1
Unknown | 16 | 5 | B,All Other Perils#1|Windstorm Or Hail#1
Unknown | 17 | 5 | B,All Other Perils#1|Windstorm Or Hail#1
Unknown | 18 | 5 | B,All Other Perils#1|Windstorm Or Hail#1
Unknown | 19 | 5 | B,All Other Perils#1|Windstorm Or Hail#1
Unknown | 20 | 5 | B,All Other Perils#1|Windstorm Or Hail#1
Excellent | 0 | 0 | B,All Other Perils#1|Windstorm Or Hail#1
Excellent | 1 | 0 | B,All Other Perils#1|Windstorm Or Hail#1
Excellent | 2 | 0 | B,All Other Perils#1|Windstorm Or Hail#1
Excellent | 3 | 0 | B,All Other Perils#1|Windstorm Or Hail#1
Excellent | 4 | 0 | B,All Other Perils#1|Windstorm Or Hail#1
Excellent | 5 | 0 | B,All Other Perils#1|Windstorm Or Hail#1
Excellent | 6 | 0 | B,All Other Perils#1|Windstorm Or Hail#1
Excellent | 7 | 0 | B,All Other Perils#1|Windstorm Or Hail#1
Excellent | 8 | 0 | B,All Other Perils#1|Windstorm Or Hail#1
Excellent | 9 | 0 | B,All Other Perils#1|Windstorm Or Hail#1
Excellent | 10 | 0 | B,All Other Perils#1|Windstorm Or Hail#1
Excellent | 11 | 0 | B,All Other Perils#1|Windstorm Or Hail#1
Excellent | 12 | 0 | B,All Other Perils#1|Windstorm Or Hail#1
Excellent | 13 | 0 | B,All Other Perils#1|Windstorm Or Hail#1
Excellent | 14 | 0 | B,All Other Perils#1|Windstorm Or Hail#1
Excellent | 15 | 0 | B,All Other Perils#1|Windstorm Or Hail#1
Excellent | 16 | 0 | B,All Other Perils#1|Windstorm Or Hail#1
Excellent | 17 | 0 | B,All Other Perils#1|Windstorm Or Hail#1
Excellent | 18 | 0 | B,All Other Perils#1|Windstorm Or Hail#1
Excellent | 19 | 0 | B,All Other Perils#1|Windstorm Or Hail#1
Excellent | 20 | 0 | B,All Other Perils#1|Windstorm Or Hail#1
Excellent | 0 | 5 | B,All Other Perils#1|Windstorm Or Hail#1
Excellent | 1 | 5 | B,All Other Perils#1|Windstorm Or Hail#1
Excellent | 2 | 5 | B,All Other Perils#1|Windstorm Or Hail#1
Excellent | 3 | 5 | B,All Other Perils#1|Windstorm Or Hail#1
Excellent | 4 | 5 | B,All Other Perils#1|Windstorm Or Hail#1
Excellent | 5 | 5 | B,All Other Perils#1|Windstorm Or Hail#1
Excellent | 6 | 5 | B,All Other Perils#1|Windstorm Or Hail#1
Excellent | 7 | 5 | B,All Other Perils#1|Windstorm Or Hail#1
Excellent | 8 | 5 | B,All Other Perils#1|Windstorm Or Hail#1
Excellent | 9 | 5 | B,All Other Perils#1|Windstorm Or Hail#1
Excellent | 10 | 5 | B,All Other Perils#1|Windstorm Or Hail#1
Excellent | 11 | 5 | B,All Other Perils#1|Windstorm Or Hail#1
Excellent | 12 | 5 | B,All Other Perils#1|Windstorm Or Hail#1
Excellent | 13 | 5 | B,All Other Perils#1|Windstorm Or Hail#1
Excellent | 14 | 5 | B,All Other Perils#1|Windstorm Or Hail#1
Excellent | 15 | 5 | B,All Other Perils#1|Windstorm Or Hail#1
Excellent | 16 | 5 | B,All Other Perils#1|Windstorm Or Hail#1
Excellent | 17 | 5 | B,All Other Perils#1|Windstorm Or Hail#1
Excellent | 18 | 5 | B,All Other Perils#1|Windstorm Or Hail#1
Excellent | 19 | 5 | B,All Other Perils#1|Windstorm Or Hail#1
Excellent | 20 | 5 | B,All Other Perils#1|Windstorm Or Hail#1
Good | 0 | 0 | B,All Other Perils#1|Windstorm Or Hail#1
Good | 1 | 0 | B,All Other Perils#1|Windstorm Or Hail#1
Good | 2 | 0 | B,All Other Perils#1|Windstorm Or Hail#1
Good | 3 | 0 | B,All Other Perils#1|Windstorm Or Hail#1
Good | 4 | 0 | B,All Other Perils#1|Windstorm Or Hail#1
Good | 5 | 0 | B,All Other Perils#1|Windstorm Or Hail#1
Good | 6 | 0 | B,All Other Perils#1|Windstorm Or Hail#1
Good | 7 | 0 | B,All Other Perils#1|Windstorm Or Hail#1
Good | 8 | 0 | B,All Other Perils#1|Windstorm Or Hail#1
Good | 9 | 0 | B,All Other Perils#1|Windstorm Or Hail#1
Good | 10 | 0 | B,All Other Perils#1|Windstorm Or Hail#1
Good | 11 | 0 | B,All Other Perils#1|Windstorm Or Hail#1
Good | 12 | 0 | B,All Other Perils#1|Windstorm Or Hail#1
Good | 13 | 0 | B,All Other Perils#1|Windstorm Or Hail#1
Good | 14 | 0 | B,All Other Perils#1|Windstorm Or Hail#1
Good | 15 | 0 | B,All Other Perils#1|Windstorm Or Hail#1
Good | 16 | 0 | B,All Other Perils#1|Windstorm Or Hail#1
Good | 17 | 0 | B,All Other Perils#1|Windstorm Or Hail#1
Good | 18 | 0 | B,All Other Perils#1|Windstorm Or Hail#1
Good | 19 | 0 | B,All Other Perils#1|Windstorm Or Hail#1
Good | 20 | 0 | B,All Other Perils#1|Windstorm Or Hail#1
Good | 0 | 5 | B,All Other Perils#1|Windstorm Or Hail#1
Good | 1 | 5 | B,All Other Perils#1|Windstorm Or Hail#1
Good | 2 | 5 | B,All Other Perils#1|Windstorm Or Hail#1
Good | 3 | 5 | B,All Other Perils#1|Windstorm Or Hail#1
Good | 4 | 5 | B,All Other Perils#1|Windstorm Or Hail#1
Good | 5 | 5 | B,All Other Perils#1|Windstorm Or Hail#1
Good | 6 | 5 | B,All Other Perils#1|Windstorm Or Hail#1
Good | 7 | 5 | B,All Other Perils#1|Windstorm Or Hail#1
Good | 8 | 5 | B,All Other Perils#1|Windstorm Or Hail#1
Good | 9 | 5 | B,All Other Perils#1|Windstorm Or Hail#1
Good | 10 | 5 | B,All Other Perils#1|Windstorm Or Hail#1
Good | 11 | 5 | B,All Other Perils#1|Windstorm Or Hail#1
Good | 12 | 5 | B,All Other Perils#1|Windstorm Or Hail#1
Good | 13 | 5 | B,All Other Perils#1|Windstorm Or Hail#1
Good | 14 | 5 | B,All Other Perils#1|Windstorm Or Hail#1
Good | 15 | 5 | B,All Other Perils#1|Windstorm Or Hail#1
Good | 16 | 5 | B,All Other Perils#1|Windstorm Or Hail#1
Good | 17 | 5 | B,All Other Perils#1|Windstorm Or Hail#1
Good | 18 | 5 | B,All Other Perils#1|Windstorm Or Hail#1
Good | 19 | 5 | B,All Other Perils#1|Windstorm Or Hail#1
Good | 20 | 5 | B,All Other Perils#1|Windstorm Or Hail#1
Fair | 0 | 0 | B,All Other Perils#1|Windstorm Or Hail#1
Fair | 1 | 0 | B,All Other Perils#1|Windstorm Or Hail#1
Fair | 2 | 0 | B,All Other Perils#1|Windstorm Or Hail#1
Fair | 3 | 0 | B,All Other Perils#1|Windstorm Or Hail#1
Fair | 4 | 0 | B,All Other Perils#1|Windstorm Or Hail#1
Fair | 5 | 0 | B,All Other Perils#1|Windstorm Or Hail#1
Fair | 6 | 0 | B,All Other Perils#1|Windstorm Or Hail#1
Fair | 7 | 0 | B,All Other Perils#1|Windstorm Or Hail#1
Fair | 8 | 0 | B,All Other Perils#1|Windstorm Or Hail#1
Fair | 9 | 0 | B,All Other Perils#1|Windstorm Or Hail#1
Fair | 10 | 0 | B,All Other Perils#1|Windstorm Or Hail#1
Fair | 11 | 0 | B,All Other Perils#1|Windstorm Or Hail#1
Fair | 12 | 0 | B,All Other Perils#1|Windstorm Or Hail#1
Fair | 13 | 0 | B,All Other Perils#1|Windstorm Or Hail#1
Fair | 14 | 0 | B,All Other Perils#1|Windstorm Or Hail#1
Fair | 15 | 0 | B,All Other Perils#1|Windstorm Or Hail#1
Fair | 16 | 0 | B,All Other Perils#1|Windstorm Or Hail#1
Fair | 17 | 0 | B,All Other Perils#1|Windstorm Or Hail#1
Fair | 18 | 0 | B,All Other Perils#1|Windstorm Or Hail#1
Fair | 19 | 0 | B,All Other Perils#1|Windstorm Or Hail#1
Fair | 20 | 0 | B,All Other Perils#1|Windstorm Or Hail#1
Fair | 0 | 5 | B,All Other Perils#1|Windstorm Or Hail#1
Fair | 1 | 5 | B,All Other Perils#1|Windstorm Or Hail#1
Fair | 2 | 5 | B,All Other Perils#1|Windstorm Or Hail#1
Fair | 3 | 5 | B,All Other Perils#1|Windstorm Or Hail#1
Fair | 4 | 5 | B,All Other Perils#1|Windstorm Or Hail#1
Fair | 5 | 5 | B,All Other Perils#1|Windstorm Or Hail#1
Fair | 6 | 5 | B,All Other Perils#1|Windstorm Or Hail#1
Fair | 7 | 5 | B,All Other Perils#1|Windstorm Or Hail#1
Fair | 8 | 5 | B,All Other Perils#1|Windstorm Or Hail#1
Fair | 9 | 5 | B,All Other Perils#1|Windstorm Or Hail#1
Fair | 10 | 5 | B,All Other Perils#1|Windstorm Or Hail#1
Fair | 11 | 5 | B,All Other Perils#1|Windstorm Or Hail#1
Fair | 12 | 5 | B,All Other Perils#1|Windstorm Or Hail#1
Fair | 13 | 5 | B,All Other Perils#1|Windstorm Or Hail#1
Fair | 14 | 5 | B,All Other Perils#1|Windstorm Or Hail#1
Fair | 15 | 5 | B,All Other Perils#1|Windstorm Or Hail#1
Fair | 16 | 5 | B,All Other Perils#1|Windstorm Or Hail#1
Fair | 17 | 5 | B,All Other Perils#1|Windstorm Or Hail#1
Fair | 18 | 5 | B,All Other Perils#1|Windstorm Or Hail#1
Fair | 19 | 5 | B,All Other Perils#1|Windstorm Or Hail#1
Fair | 20 | 5 | B,All Other Perils#1|Windstorm Or Hail#1
Poor | 0 | 0 | B,All Other Perils#1|Windstorm Or Hail#1
Poor | 1 | 0 | B,All Other Perils#1|Windstorm Or Hail#1
Poor | 2 | 0 | B,All Other Perils#1|Windstorm Or Hail#1
Poor | 3 | 0 | B,All Other Perils#1|Windstorm Or Hail#1
Poor | 4 | 0 | B,All Other Perils#1|Windstorm Or Hail#1
Poor | 5 | 0 | B,All Other Perils#1|Windstorm Or Hail#1
Poor | 6 | 0 | B,All Other Perils#1|Windstorm Or Hail#1
Poor | 7 | 0 | B,All Other Perils#1|Windstorm Or Hail#1
Poor | 8 | 0 | B,All Other Perils#1|Windstorm Or Hail#1
Poor | 9 | 0 | B,All Other Perils#1|Windstorm Or Hail#1
Poor | 10 | 0 | B,All Other Perils#1|Windstorm Or Hail#1
Poor | 11 | 0 | B,All Other Perils#1|Windstorm Or Hail#1
Poor | 12 | 0 | B,All Other Perils#1|Windstorm Or Hail#1
Poor | 13 | 0 | B,All Other Perils#1|Windstorm Or Hail#1
Poor | 14 | 0 | B,All Other Perils#1|Windstorm Or Hail#1
Poor | 15 | 0 | B,All Other Perils#1|Windstorm Or Hail#1
Poor | 16 | 0 | B,All Other Perils#1|Windstorm Or Hail#1
Poor | 17 | 0 | B,All Other Perils#1|Windstorm Or Hail#1
Poor | 18 | 0 | B,All Other Perils#1|Windstorm Or Hail#1
Poor | 19 | 0 | B,All Other Perils#1|Windstorm Or Hail#1
Poor | 20 | 0 | B,All Other Perils#1|Windstorm Or Hail#1
Poor | 0 | 5 | B,All Other Perils#1|Windstorm Or Hail#1
Poor | 1 | 5 | B,All Other Perils#1|Windstorm Or Hail#1
Poor | 2 | 5 | B,All Other Perils#1|Windstorm Or Hail#1
Poor | 3 | 5 | B,All Other Perils#1|Windstorm Or Hail#1
Poor | 4 | 5 | B,All Other Perils#1|Windstorm Or Hail#1
Poor | 5 | 5 | B,All Other Perils#1|Windstorm Or Hail#1
Poor | 6 | 5 | B,All Other Perils#1|Windstorm Or Hail#1
Poor | 7 | 5 | B,All Other Perils#1|Windstorm Or Hail#1
Poor | 8 | 5 | B,All Other Perils#1|Windstorm Or Hail#1
Poor | 9 | 5 | B,All Other Perils#1|Windstorm Or Hail#1
Poor | 10 | 5 | B,All Other Perils#1|Windstorm Or Hail#1
Poor | 11 | 5 | B,All Other Perils#1|Windstorm Or Hail#1
Poor | 12 | 5 | B,All Other Perils#1|Windstorm Or Hail#1
Poor | 13 | 5 | B,All Other Perils#1|Windstorm Or Hail#1
Poor | 14 | 5 | B,All Other Perils#1|Windstorm Or Hail#1
Poor | 15 | 5 | B,All Other Perils#1|Windstorm Or Hail#1
Poor | 16 | 5 | B,All Other Perils#1|Windstorm Or Hail#1
Poor | 17 | 5 | B,All Other Perils#1|Windstorm Or Hail#1
Poor | 18 | 5 | B,All Other Perils#1|Windstorm Or Hail#1
Poor | 19 | 5 | B,All Other Perils#1|Windstorm Or Hail#1
Poor | 20 | 5 | B,All Other Perils#1|Windstorm Or Hail#1
Severe | 0 | 0 | B,All Other Perils#1|Windstorm Or Hail#1
Severe | 1 | 0 | B,All Other Perils#1|Windstorm Or Hail#1
Severe | 2 | 0 | B,All Other Perils#1|Windstorm Or Hail#1
Severe | 3 | 0 | B,All Other Perils#1|Windstorm Or Hail#1
Severe | 4 | 0 | B,All Other Perils#1|Windstorm Or Hail#1
Severe | 5 | 0 | B,All Other Perils#1|Windstorm Or Hail#1
Severe | 6 | 0 | B,All Other Perils#1|Windstorm Or Hail#1
Severe | 7 | 0 | B,All Other Perils#1|Windstorm Or Hail#1
Severe | 8 | 0 | B,All Other Perils#1|Windstorm Or Hail#1
Severe | 9 | 0 | B,All Other Perils#1|Windstorm Or Hail#1
Severe | 10 | 0 | B,All Other Perils#1|Windstorm Or Hail#1
Severe | 11 | 0 | B,All Other Perils#1|Windstorm Or Hail#1
Severe | 12 | 0 | B,All Other Perils#1|Windstorm Or Hail#1
Severe | 13 | 0 | B,All Other Perils#1|Windstorm Or Hail#1
Severe | 14 | 0 | B,All Other Perils#1|Windstorm Or Hail#1
Severe | 15 | 0 | B,All Other Perils#1|Windstorm Or Hail#1
Severe | 16 | 0 | B,All Other Perils#1|Windstorm Or Hail#1
Severe | 17 | 0 | B,All Other Perils#1|Windstorm Or Hail#1
Severe | 18 | 0 | B,All Other Perils#1|Windstorm Or Hail#1
Severe | 19 | 0 | B,All Other Perils#1|Windstorm Or Hail#1
Severe | 20 | 0 | B,All Other Perils#1|Windstorm Or Hail#1
Severe | 0 | 5 | B,All Other Perils#1|Windstorm Or Hail#1
Severe | 1 | 5 | B,All Other Perils#1|Windstorm Or Hail#1
Severe | 2 | 5 | B,All Other Perils#1|Windstorm Or Hail#1
Severe | 3 | 5 | B,All Other Perils#1|Windstorm Or Hail#1
Severe | 4 | 5 | B,All Other Perils#1|Windstorm Or Hail#1
Severe | 5 | 5 | B,All Other Perils#1|Windstorm Or Hail#1
Severe | 6 | 5 | B,All Other Perils#1|Windstorm Or Hail#1
Severe | 7 | 5 | B,All Other Perils#1|Windstorm Or Hail#1
Severe | 8 | 5 | B,All Other Perils#1|Windstorm Or Hail#1
Severe | 9 | 5 | B,All Other Perils#1|Windstorm Or Hail#1
Severe | 10 | 5 | B,All Other Perils#1|Windstorm Or Hail#1
Severe | 11 | 5 | B,All Other Perils#1|Windstorm Or Hail#1
Severe | 12 | 5 | B,All Other Perils#1|Windstorm Or Hail#1
Severe | 13 | 5 | B,All Other Perils#1|Windstorm Or Hail#1
Severe | 14 | 5 | B,All Other Perils#1|Windstorm Or Hail#1
Severe | 15 | 5 | B,All Other Perils#1|Windstorm Or Hail#1
Severe | 16 | 5 | B,All Other Perils#1|Windstorm Or Hail#1
Severe | 17 | 5 | B,All Other Perils#1|Windstorm Or Hail#1
Severe | 18 | 5 | B,All Other Perils#1|Windstorm Or Hail#1
Severe | 19 | 5 | B,All Other Perils#1|Windstorm Or Hail#1
Severe | 20 | 5 | B,All Other Perils#1|Windstorm Or Hail#1
Unknown | 0 | 0 | C,All Other Perils#1|Windstorm Or Hail#1
Unknown | 1 | 0 | C,All Other Perils#1|Windstorm Or Hail#1
Unknown | 2 | 0 | C,All Other Perils#1|Windstorm Or Hail#1
Unknown | 3 | 0 | C,All Other Perils#1|Windstorm Or Hail#1
Unknown | 4 | 0 | C,All Other Perils#1|Windstorm Or Hail#1
Unknown | 5 | 0 | C,All Other Perils#1|Windstorm Or Hail#1
Unknown | 6 | 0 | C,All Other Perils#1|Windstorm Or Hail#1
Unknown | 7 | 0 | C,All Other Perils#1|Windstorm Or Hail#1
Unknown | 8 | 0 | C,All Other Perils#1|Windstorm Or Hail#1
Unknown | 9 | 0 | C,All Other Perils#1|Windstorm Or Hail#1
Unknown | 10 | 0 | C,All Other Perils#1|Windstorm Or Hail#1
Unknown | 11 | 0 | C,All Other Perils#1|Windstorm Or Hail#1
Unknown | 12 | 0 | C,All Other Perils#1|Windstorm Or Hail#1
Unknown | 13 | 0 | C,All Other Perils#1|Windstorm Or Hail#1
Unknown | 14 | 0 | C,All Other Perils#1|Windstorm Or Hail#1
Unknown | 15 | 0 | C,All Other Perils#1|Windstorm Or Hail#1
Unknown | 16 | 0 | C,All Other Perils#1|Windstorm Or Hail#1
Unknown | 17 | 0 | C,All Other Perils#1|Windstorm Or Hail#1
Unknown | 18 | 0 | C,All Other Perils#1|Windstorm Or Hail#1
Unknown | 19 | 0 | C,All Other Perils#1|Windstorm Or Hail#1
Unknown | 20 | 0 | C,All Other Perils#1|Windstorm Or Hail#1
Unknown | 0 | 5 | C,All Other Perils#1|Windstorm Or Hail#1
Unknown | 1 | 5 | C,All Other Perils#1|Windstorm Or Hail#1
Unknown | 2 | 5 | C,All Other Perils#1|Windstorm Or Hail#1
Unknown | 3 | 5 | C,All Other Perils#1|Windstorm Or Hail#1
Unknown | 4 | 5 | C,All Other Perils#1|Windstorm Or Hail#1
Unknown | 5 | 5 | C,All Other Perils#1|Windstorm Or Hail#1
Unknown | 6 | 5 | C,All Other Perils#1|Windstorm Or Hail#1
Unknown | 7 | 5 | C,All Other Perils#1|Windstorm Or Hail#1
Unknown | 8 | 5 | C,All Other Perils#1|Windstorm Or Hail#1
Unknown | 9 | 5 | C,All Other Perils#1|Windstorm Or Hail#1
Unknown | 10 | 5 | C,All Other Perils#1|Windstorm Or Hail#1
Unknown | 11 | 5 | C,All Other Perils#1|Windstorm Or Hail#1
Unknown | 12 | 5 | C,All Other Perils#1|Windstorm Or Hail#1
Unknown | 13 | 5 | C,All Other Perils#1|Windstorm Or Hail#1
Unknown | 14 | 5 | C,All Other Perils#1|Windstorm Or Hail#1
Unknown | 15 | 5 | C,All Other Perils#1|Windstorm Or Hail#1
Unknown | 16 | 5 | C,All Other Perils#1|Windstorm Or Hail#1
Unknown | 17 | 5 | C,All Other Perils#1|Windstorm Or Hail#1
Unknown | 18 | 5 | C,All Other Perils#1|Windstorm Or Hail#1
Unknown | 19 | 5 | C,All Other Perils#1|Windstorm Or Hail#1
Unknown | 20 | 5 | C,All Other Perils#1|Windstorm Or Hail#1
Excellent | 0 | 0 | C,All Other Perils#1|Windstorm Or Hail#1
Excellent | 1 | 0 | C,All Other Perils#1|Windstorm Or Hail#1
Excellent | 2 | 0 | C,All Other Perils#1|Windstorm Or Hail#1
Excellent | 3 | 0 | C,All Other Perils#1|Windstorm Or Hail#1
Excellent | 4 | 0 | C,All Other Perils#1|Windstorm Or Hail#1
Excellent | 5 | 0 | C,All Other Perils#1|Windstorm Or Hail#1
Excellent | 6 | 0 | C,All Other Perils#1|Windstorm Or Hail#1
Excellent | 7 | 0 | C,All Other Perils#1|Windstorm Or Hail#1
Excellent | 8 | 0 | C,All Other Perils#1|Windstorm Or Hail#1
Excellent | 9 | 0 | C,All Other Perils#1|Windstorm Or Hail#1
Excellent | 10 | 0 | C,All Other Perils#1|Windstorm Or Hail#1
Excellent | 11 | 0 | C,All Other Perils#1|Windstorm Or Hail#1
Excellent | 12 | 0 | C,All Other Perils#1|Windstorm Or Hail#1
Excellent | 13 | 0 | C,All Other Perils#1|Windstorm Or Hail#1
Excellent | 14 | 0 | C,All Other Perils#1|Windstorm Or Hail#1
Excellent | 15 | 0 | C,All Other Perils#1|Windstorm Or Hail#1
Excellent | 16 | 0 | C,All Other Perils#1|Windstorm Or Hail#1
Excellent | 17 | 0 | C,All Other Perils#1|Windstorm Or Hail#1
Excellent | 18 | 0 | C,All Other Perils#1|Windstorm Or Hail#1
Excellent | 19 | 0 | C,All Other Perils#1|Windstorm Or Hail#1
Excellent | 20 | 0 | C,All Other Perils#1|Windstorm Or Hail#1
Excellent | 0 | 5 | C,All Other Perils#1|Windstorm Or Hail#1
Excellent | 1 | 5 | C,All Other Perils#1|Windstorm Or Hail#1
Excellent | 2 | 5 | C,All Other Perils#1|Windstorm Or Hail#1
Excellent | 3 | 5 | C,All Other Perils#1|Windstorm Or Hail#1
Excellent | 4 | 5 | C,All Other Perils#1|Windstorm Or Hail#1
Excellent | 5 | 5 | C,All Other Perils#1|Windstorm Or Hail#1
Excellent | 6 | 5 | C,All Other Perils#1|Windstorm Or Hail#1
Excellent | 7 | 5 | C,All Other Perils#1|Windstorm Or Hail#1
Excellent | 8 | 5 | C,All Other Perils#1|Windstorm Or Hail#1
Excellent | 9 | 5 | C,All Other Perils#1|Windstorm Or Hail#1
Excellent | 10 | 5 | C,All Other Perils#1|Windstorm Or Hail#1
Excellent | 11 | 5 | C,All Other Perils#1|Windstorm Or Hail#1
Excellent | 12 | 5 | C,All Other Perils#1|Windstorm Or Hail#1
Excellent | 13 | 5 | C,All Other Perils#1|Windstorm Or Hail#1
Excellent | 14 | 5 | C,All Other Perils#1|Windstorm Or Hail#1
Excellent | 15 | 5 | C,All Other Perils#1|Windstorm Or Hail#1
Excellent | 16 | 5 | C,All Other Perils#1|Windstorm Or Hail#1
Excellent | 17 | 5 | C,All Other Perils#1|Windstorm Or Hail#1
Excellent | 18 | 5 | C,All Other Perils#1|Windstorm Or Hail#1
Excellent | 19 | 5 | C,All Other Perils#1|Windstorm Or Hail#1
Excellent | 20 | 5 | C,All Other Perils#1|Windstorm Or Hail#1
Good | 0 | 0 | C,All Other Perils#1|Windstorm Or Hail#1
Good | 1 | 0 | C,All Other Perils#1|Windstorm Or Hail#1
Good | 2 | 0 | C,All Other Perils#1|Windstorm Or Hail#1
Good | 3 | 0 | C,All Other Perils#1|Windstorm Or Hail#1
Good | 4 | 0 | C,All Other Perils#1|Windstorm Or Hail#1
Good | 5 | 0 | C,All Other Perils#1|Windstorm Or Hail#1
Good | 6 | 0 | C,All Other Perils#1|Windstorm Or Hail#1
Good | 7 | 0 | C,All Other Perils#1|Windstorm Or Hail#1
Good | 8 | 0 | C,All Other Perils#1|Windstorm Or Hail#1
Good | 9 | 0 | C,All Other Perils#1|Windstorm Or Hail#1
Good | 10 | 0 | C,All Other Perils#1|Windstorm Or Hail#1
Good | 11 | 0 | C,All Other Perils#1|Windstorm Or Hail#1
Good | 12 | 0 | C,All Other Perils#1|Windstorm Or Hail#1
Good | 13 | 0 | C,All Other Perils#1|Windstorm Or Hail#1
Good | 14 | 0 | C,All Other Perils#1|Windstorm Or Hail#1
Good | 15 | 0 | C,All Other Perils#1|Windstorm Or Hail#1
Good | 16 | 0 | C,All Other Perils#1|Windstorm Or Hail#1
Good | 17 | 0 | C,All Other Perils#1|Windstorm Or Hail#1
Good | 18 | 0 | C,All Other Perils#1|Windstorm Or Hail#1
Good | 19 | 0 | C,All Other Perils#1|Windstorm Or Hail#1
Good | 20 | 0 | C,All Other Perils#1|Windstorm Or Hail#1
Good | 0 | 5 | C,All Other Perils#1|Windstorm Or Hail#1
Good | 1 | 5 | C,All Other Perils#1|Windstorm Or Hail#1
Good | 2 | 5 | C,All Other Perils#1|Windstorm Or Hail#1
Good | 3 | 5 | C,All Other Perils#1|Windstorm Or Hail#1
Good | 4 | 5 | C,All Other Perils#1|Windstorm Or Hail#1
Good | 5 | 5 | C,All Other Perils#1|Windstorm Or Hail#1
Good | 6 | 5 | C,All Other Perils#1|Windstorm Or Hail#1
Good | 7 | 5 | C,All Other Perils#1|Windstorm Or Hail#1
Good | 8 | 5 | C,All Other Perils#1|Windstorm Or Hail#1
Good | 9 | 5 | C,All Other Perils#1|Windstorm Or Hail#1
Good | 10 | 5 | C,All Other Perils#1|Windstorm Or Hail#1
Good | 11 | 5 | C,All Other Perils#1|Windstorm Or Hail#1
Good | 12 | 5 | C,All Other Perils#1|Windstorm Or Hail#1
Good | 13 | 5 | C,All Other Perils#1|Windstorm Or Hail#1
Good | 14 | 5 | C,All Other Perils#1|Windstorm Or Hail#1
Good | 15 | 5 | C,All Other Perils#1|Windstorm Or Hail#1
Good | 16 | 5 | C,All Other Perils#1|Windstorm Or Hail#1
Good | 17 | 5 | C,All Other Perils#1|Windstorm Or Hail#1
Good | 18 | 5 | C,All Other Perils#1|Windstorm Or Hail#1
Good | 19 | 5 | C,All Other Perils#1|Windstorm Or Hail#1
Good | 20 | 5 | C,All Other Perils#1|Windstorm Or Hail#1
Fair | 0 | 0 | C,All Other Perils#1|Windstorm Or Hail#1
Fair | 1 | 0 | C,All Other Perils#1|Windstorm Or Hail#1
Fair | 2 | 0 | C,All Other Perils#1|Windstorm Or Hail#1
Fair | 3 | 0 | C,All Other Perils#1|Windstorm Or Hail#1
Fair | 4 | 0 | C,All Other Perils#1|Windstorm Or Hail#1
Fair | 5 | 0 | C,All Other Perils#1|Windstorm Or Hail#1
Fair | 6 | 0 | C,All Other Perils#1|Windstorm Or Hail#1
Fair | 7 | 0 | C,All Other Perils#1|Windstorm Or Hail#1
Fair | 8 | 0 | C,All Other Perils#1|Windstorm Or Hail#1
Fair | 9 | 0 | C,All Other Perils#1|Windstorm Or Hail#1
Fair | 10 | 0 | C,All Other Perils#1|Windstorm Or Hail#1
Fair | 11 | 0 | C,All Other Perils#1|Windstorm Or Hail#1
Fair | 12 | 0 | C,All Other Perils#1|Windstorm Or Hail#1
Fair | 13 | 0 | C,All Other Perils#1|Windstorm Or Hail#1
Fair | 14 | 0 | C,All Other Perils#1|Windstorm Or Hail#1
Fair | 15 | 0 | C,All Other Perils#1|Windstorm Or Hail#1
Fair | 16 | 0 | C,All Other Perils#1|Windstorm Or Hail#1
Fair | 17 | 0 | C,All Other Perils#1|Windstorm Or Hail#1
Fair | 18 | 0 | C,All Other Perils#1|Windstorm Or Hail#1
Fair | 19 | 0 | C,All Other Perils#1|Windstorm Or Hail#1
Fair | 20 | 0 | C,All Other Perils#1|Windstorm Or Hail#1
Fair | 0 | 5 | C,All Other Perils#1|Windstorm Or Hail#1
Fair | 1 | 5 | C,All Other Perils#1|Windstorm Or Hail#1
Fair | 2 | 5 | C,All Other Perils#1|Windstorm Or Hail#1
Fair | 3 | 5 | C,All Other Perils#1|Windstorm Or Hail#1
Fair | 4 | 5 | C,All Other Perils#1|Windstorm Or Hail#1
Fair | 5 | 5 | C,All Other Perils#1|Windstorm Or Hail#1
Fair | 6 | 5 | C,All Other Perils#1|Windstorm Or Hail#1
Fair | 7 | 5 | C,All Other Perils#1|Windstorm Or Hail#1
Fair | 8 | 5 | C,All Other Perils#1|Windstorm Or Hail#1
Fair | 9 | 5 | C,All Other Perils#1|Windstorm Or Hail#1
Fair | 10 | 5 | C,All Other Perils#1|Windstorm Or Hail#1
Fair | 11 | 5 | C,All Other Perils#1|Windstorm Or Hail#1
Fair | 12 | 5 | C,All Other Perils#1|Windstorm Or Hail#1
Fair | 13 | 5 | C,All Other Perils#1|Windstorm Or Hail#1
Fair | 14 | 5 | C,All Other Perils#1|Windstorm Or Hail#1
Fair | 15 | 5 | C,All Other Perils#1|Windstorm Or Hail#1
Fair | 16 | 5 | C,All Other Perils#1|Windstorm Or Hail#1
Fair | 17 | 5 | C,All Other Perils#1|Windstorm Or Hail#1
Fair | 18 | 5 | C,All Other Perils#1|Windstorm Or Hail#1
Fair | 19 | 5 | C,All Other Perils#1|Windstorm Or Hail#1
Fair | 20 | 5 | C,All Other Perils#1|Windstorm Or Hail#1
Poor | 0 | 0 | C,All Other Perils#1|Windstorm Or Hail#1
Poor | 1 | 0 | C,All Other Perils#1|Windstorm Or Hail#1
Poor | 2 | 0 | C,All Other Perils#1|Windstorm Or Hail#1
Poor | 3 | 0 | C,All Other Perils#1|Windstorm Or Hail#1
Poor | 4 | 0 | C,All Other Perils#1|Windstorm Or Hail#1
Poor | 5 | 0 | C,All Other Perils#1|Windstorm Or Hail#1
Poor | 6 | 0 | C,All Other Perils#1|Windstorm Or Hail#1
Poor | 7 | 0 | C,All Other Perils#1|Windstorm Or Hail#1
Poor | 8 | 0 | C,All Other Perils#1|Windstorm Or Hail#1
Poor | 9 | 0 | C,All Other Perils#1|Windstorm Or Hail#1
Poor | 10 | 0 | C,All Other Perils#1|Windstorm Or Hail#1
Poor | 11 | 0 | C,All Other Perils#1|Windstorm Or Hail#1
Poor | 12 | 0 | C,All Other Perils#1|Windstorm Or Hail#1
Poor | 13 | 0 | C,All Other Perils#1|Windstorm Or Hail#1
Poor | 14 | 0 | C,All Other Perils#1|Windstorm Or Hail#1
Poor | 15 | 0 | C,All Other Perils#1|Windstorm Or Hail#1
Poor | 16 | 0 | C,All Other Perils#1|Windstorm Or Hail#1
Poor | 17 | 0 | C,All Other Perils#1|Windstorm Or Hail#1
Poor | 18 | 0 | C,All Other Perils#1|Windstorm Or Hail#1
Poor | 19 | 0 | C,All Other Perils#1|Windstorm Or Hail#1
Poor | 20 | 0 | C,All Other Perils#1|Windstorm Or Hail#1
Poor | 0 | 5 | C,All Other Perils#1|Windstorm Or Hail#1
Poor | 1 | 5 | C,All Other Perils#1|Windstorm Or Hail#1
Poor | 2 | 5 | C,All Other Perils#1|Windstorm Or Hail#1
Poor | 3 | 5 | C,All Other Perils#1|Windstorm Or Hail#1
Poor | 4 | 5 | C,All Other Perils#1|Windstorm Or Hail#1
Poor | 5 | 5 | C,All Other Perils#1|Windstorm Or Hail#1
Poor | 6 | 5 | C,All Other Perils#1|Windstorm Or Hail#1
Poor | 7 | 5 | C,All Other Perils#1|Windstorm Or Hail#1
Poor | 8 | 5 | C,All Other Perils#1|Windstorm Or Hail#1
Poor | 9 | 5 | C,All Other Perils#1|Windstorm Or Hail#1
Poor | 10 | 5 | C,All Other Perils#1|Windstorm Or Hail#1
Poor | 11 | 5 | C,All Other Perils#1|Windstorm Or Hail#1
Poor | 12 | 5 | C,All Other Perils#1|Windstorm Or Hail#1
Poor | 13 | 5 | C,All Other Perils#1|Windstorm Or Hail#1
Poor | 14 | 5 | C,All Other Perils#1|Windstorm Or Hail#1
Poor | 15 | 5 | C,All Other Perils#1|Windstorm Or Hail#1
Poor | 16 | 5 | C,All Other Perils#1|Windstorm Or Hail#1
Poor | 17 | 5 | C,All Other Perils#1|Windstorm Or Hail#1
Poor | 18 | 5 | C,All Other Perils#1|Windstorm Or Hail#1
Poor | 19 | 5 | C,All Other Perils#1|Windstorm Or Hail#1
Poor | 20 | 5 | C,All Other Perils#1|Windstorm Or Hail#1
Severe | 0 | 0 | C,All Other Perils#1|Windstorm Or Hail#1
Severe | 1 | 0 | C,All Other Perils#1|Windstorm Or Hail#1
Severe | 2 | 0 | C,All Other Perils#1|Windstorm Or Hail#1
Severe | 3 | 0 | C,All Other Perils#1|Windstorm Or Hail#1
Severe | 4 | 0 | C,All Other Perils#1|Windstorm Or Hail#1
Severe | 5 | 0 | C,All Other Perils#1|Windstorm Or Hail#1
Severe | 6 | 0 | C,All Other Perils#1|Windstorm Or Hail#1
Severe | 7 | 0 | C,All Other Perils#1|Windstorm Or Hail#1
Severe | 8 | 0 | C,All Other Perils#1|Windstorm Or Hail#1
Severe | 9 | 0 | C,All Other Perils#1|Windstorm Or Hail#1
Severe | 10 | 0 | C,All Other Perils#1|Windstorm Or Hail#1
Severe | 11 | 0 | C,All Other Perils#1|Windstorm Or Hail#1
Severe | 12 | 0 | C,All Other Perils#1|Windstorm Or Hail#1
Severe | 13 | 0 | C,All Other Perils#1|Windstorm Or Hail#1
Severe | 14 | 0 | C,All Other Perils#1|Windstorm Or Hail#1
Severe | 15 | 0 | C,All Other Perils#1|Windstorm Or Hail#1
Severe | 16 | 0 | C,All Other Perils#1|Windstorm Or Hail#1
Severe | 17 | 0 | C,All Other Perils#1|Windstorm Or Hail#1
Severe | 18 | 0 | C,All Other Perils#1|Windstorm Or Hail#1
Severe | 19 | 0 | C,All Other Perils#1|Windstorm Or Hail#1
Severe | 20 | 0 | C,All Other Perils#1|Windstorm Or Hail#1
Severe | 0 | 5 | C,All Other Perils#1|Windstorm Or Hail#1
Severe | 1 | 5 | C,All Other Perils#1|Windstorm Or Hail#1
Severe | 2 | 5 | C,All Other Perils#1|Windstorm Or Hail#1
Severe | 3 | 5 | C,All Other Perils#1|Windstorm Or Hail#1
Severe | 4 | 5 | C,All Other Perils#1|Windstorm Or Hail#1
Severe | 5 | 5 | C,All Other Perils#1|Windstorm Or Hail#1
Severe | 6 | 5 | C,All Other Perils#1|Windstorm Or Hail#1
Severe | 7 | 5 | C,All Other Perils#1|Windstorm Or Hail#1
Severe | 8 | 5 | C,All Other Perils#1|Windstorm Or Hail#1
Severe | 9 | 5 | C,All Other Perils#1|Windstorm Or Hail#1
Severe | 10 | 5 | C,All Other Perils#1|Windstorm Or Hail#1
Severe | 11 | 5 | C,All Other Perils#1|Windstorm Or Hail#1
Severe | 12 | 5 | C,All Other Perils#1|Windstorm Or Hail#1
Severe | 13 | 5 | C,All Other Perils#1|Windstorm Or Hail#1
Severe | 14 | 5 | C,All Other Perils#1|Windstorm Or Hail#1
Severe | 15 | 5 | C,All Other Perils#1|Windstorm Or Hail#1
Severe | 16 | 5 | C,All Other Perils#1|Windstorm Or Hail#1
Severe | 17 | 5 | C,All Other Perils#1|Windstorm Or Hail#1
Severe | 18 | 5 | C,All Other Perils#1|Windstorm Or Hail#1
Severe | 19 | 5 | C,All Other Perils#1|Windstorm Or Hail#1
Severe | 20 | 5 | C,All Other Perils#1|Windstorm Or Hail#1