key,value
Non-Tenant | 0 | A,All Other Perils#0.7|Windstorm Or Hail#0.7|Earthquake#1|Hurricane#0|Wildfire#0|Flood#0
Non-Tenant | 1 | A,All Other Perils#0.74|Windstorm Or Hail#0.74|Earthquake#1|Hurricane#0|Wildfire#0|Flood#0
Non-Tenant | 2 | A,All Other Perils#0.78|Windstorm Or Hail#0.78|Earthquake#1|Hurricane#0|Wildfire#0|Flood#0
Non-Tenant | 3 | A,All Other Perils#0.82|Windstorm Or Hail#0.82|Earthquake#1|Hurricane#0|Wildfire#0|Flood#0
Non-Tenant | 4 | A,All Other Perils#0.84|Windstorm Or Hail#0.84|Earthquake#1|Hurricane#0|Wildfire#0|Flood#0
Non-Tenant | 5 | A,All Other Perils#0.86|Windstorm Or Hail#0.86|Earthquake#1|Hurricane#0|Wildfire#0|Flood#0
Non-Tenant | 6 | A,All Other Perils#0.88|Windstorm Or Hail#0.88|Earthquake#1|Hurricane#0|Wildfire#0|Flood#0
Non-Tenant | 7 | A,All Other Perils#0.9|Windstorm Or Hail#0.9|Earthquake#1|Hurricane#0|Wildfire#0|Flood#0
Non-Tenant | 8 | A,All Other Perils#0.95|Windstorm Or Hail#0.95|Earthquake#1|Hurricane#0|Wildfire#0|Flood#0
Non-Tenant | 9 | A,All Other Perils#0.94|Windstorm Or Hail#0.94|Earthquake#1|Hurricane#0|Wildfire#0|Flood#0
Non-Tenant | 10 | A,All Other Perils#1|Windstorm Or Hail#1|Earthquake#1|Hurricane#0|Wildfire#0|Flood#0
Non-Tenant | 11 | A,All Other Perils#1.04|Windstorm Or Hail#1.04|Earthquake#1|Hurricane#0|Wildfire#0|Flood#0
Non-Tenant | 12 | A,All Other Perils#1.06|Windstorm Or Hail#1.06|Earthquake#1|Hurricane#0|Wildfire#0|Flood#0
Non-Tenant | 13 | A,All Other Perils#1.08|Windstorm Or Hail#1.08|Earthquake#1|Hurricane#0|Wildfire#0|Flood#0
Non-Tenant | 14 | A,All Other Perils#1.1|Windstorm Or Hail#1.1|Earthquake#1|Hurricane#0|Wildfire#0|Flood#0
Non-Tenant | 15 | A,All Other Perils#1.13|Windstorm Or Hail#1.13|Earthquake#1|Hurricane#0|Wildfire#0|Flood#0
Non-Tenant | 16 | A,All Other Perils#1.17|Windstorm Or Hail#1.17|Earthquake#1|Hurricane#0|Wildfire#0|Flood#0
Non-Tenant | 17 | A,All Other Perils#1.2|Windstorm Or Hail#1.2|Earthquake#1|Hurricane#0|Wildfire#0|Flood#0
Non-Tenant | 18 | A,All Other Perils#1.23|Windstorm Or Hail#1.23|Earthquake#1|Hurricane#0|Wildfire#0|Flood#0
Non-Tenant | 19 | A,All Other Perils#1.25|Windstorm Or Hail#1.25|Earthquake#1|Hurricane#0|Wildfire#0|Flood#0
Non-Tenant | 20 | A,All Other Perils#1.27|Windstorm Or Hail#1.27|Earthquake#1|Hurricane#0|Wildfire#0|Flood#0
Non-Tenant | 21 | A,All Other Perils#1.3|Windstorm Or Hail#1.3|Earthquake#1|Hurricane#0|Wildfire#0|Flood#0
Non-Tenant | 22 | A,All Other Perils#1.33|Windstorm Or Hail#1.33|Earthquake#1|Hurricane#0|Wildfire#0|Flood#0
Non-Tenant | 23 | A,All Other Perils#1.36|Windstorm Or Hail#1.36|Earthquake#1|Hurricane#0|Wildfire#0|Flood#0
Non-Tenant | 24 | A,All Other Perils#1.39|Windstorm Or Hail#1.39|Earthquake#1|Hurricane#0|Wildfire#0|Flood#0
Non-Tenant | 25 | A,All Other Perils#1.39|Windstorm Or Hail#1.39|Earthquake#1|Hurricane#0|Wildfire#0|Flood#0
Non-Tenant | 26 | A,All Other Perils#1.39|Windstorm Or Hail#1.39|Earthquake#1|Hurricane#0|Wildfire#0|Flood#0
Non-Tenant | 27 | A,All Other Perils#1.39|Windstorm Or Hail#1.39|Earthquake#1|Hurricane#0|Wildfire#0|Flood#0
Non-Tenant | 28 | A,All Other Perils#1.39|Windstorm Or Hail#1.39|Earthquake#1|Hurricane#0|Wildfire#0|Flood#0
Non-Tenant | 29 | A,All Other Perils#1.39|Windstorm Or Hail#1.39|Earthquake#1|Hurricane#0|Wildfire#0|Flood#0
Non-Tenant | 30 | A,All Other Perils#1.39|Windstorm Or Hail#1.39|Earthquake#1|Hurricane#0|Wildfire#0|Flood#0
Non-Tenant | 31 | A,All Other Perils#1.42|Windstorm Or Hail#1.42|Earthquake#1|Hurricane#0|Wildfire#0|Flood#0
Non-Tenant | 32 | A,All Other Perils#1.45|Windstorm Or Hail#1.45|Earthquake#1|Hurricane#0|Wildfire#0|Flood#0
Non-Tenant | 33 | A,All Other Perils#1.48|Windstorm Or Hail#1.48|Earthquake#1|Hurricane#0|Wildfire#0|Flood#0
Non-Tenant | 34 | A,All Other Perils#1.51|Windstorm Or Hail#1.51|Earthquake#1|Hurricane#0|Wildfire#0|Flood#0
Non-Tenant | 35 | A,All Other Perils#1.51|Windstorm Or Hail#1.51|Earthquake#1|Hurricane#0|Wildfire#0|Flood#0
Non-Tenant | 36 | A,All Other Perils#1.51|Windstorm Or Hail#1.51|Earthquake#1|Hurricane#0|Wildfire#0|Flood#0
Non-Tenant | 37 | A,All Other Perils#1.51|Windstorm Or Hail#1.51|Earthquake#1|Hurricane#0|Wildfire#0|Flood#0
Non-Tenant | 38 | A,All Other Perils#1.51|Windstorm Or Hail#1.51|Earthquake#1|Hurricane#0|Wildfire#0|Flood#0
Non-Tenant | 39 | A,All Other Perils#1.51|Windstorm Or Hail#1.51|Earthquake#1|Hurricane#0|Wildfire#0|Flood#0
Non-Tenant | 40 | A,All Other Perils#1.51|Windstorm Or Hail#1.51|Earthquake#1|Hurricane#0|Wildfire#0|Flood#0
Non-Tenant | 41 | A,All Other Perils#1.51|Windstorm Or Hail#1.51|Earthquake#1|Hurricane#0|Wildfire#0|Flood#0
Non-Tenant | 42 | A,All Other Perils#1.51|Windstorm Or Hail#1.51|Earthquake#1|Hurricane#0|Wildfire#0|Flood#0
Non-Tenant | 43 | A,All Other Perils#1.51|Windstorm Or Hail#1.51|Earthquake#1|Hurricane#0|Wildfire#0|Flood#0
Non-Tenant | 44 | A,All Other Perils#1.51|Windstorm Or Hail#1.51|Earthquake#1|Hurricane#0|Wildfire#0|Flood#0
Non-Tenant | 45 | A,All Other Perils#1.51|Windstorm Or Hail#1.51|Earthquake#1|Hurricane#0|Wildfire#0|Flood#0
Non-Tenant | 46 | A,All Other Perils#1.51|Windstorm Or Hail#1.51|Earthquake#1|Hurricane#0|Wildfire#0|Flood#0
Non-Tenant | 47 | A,All Other Perils#1.51|Windstorm Or Hail#1.51|Earthquake#1|Hurricane#0|Wildfire#0|Flood#0
Non-Tenant | 48 | A,All Other Perils#1.51|Windstorm Or Hail#1.51|Earthquake#1|Hurricane#0|Wildfire#0|Flood#0
Non-Tenant | 49 | A,All Other Perils#1.51|Windstorm Or Hail#1.51|Earthquake#1|Hurricane#0|Wildfire#0|Flood#0
Non-Tenant | 50 | A,All Other Perils#1.51|Windstorm Or Hail#1.51|Earthquake#1|Hurricane#0|Wildfire#0|Flood#0
Non-Tenant | 0 | B,All Other Perils#0.7|Windstorm Or Hail#0.7|Earthquake#1|Hurricane#0|Wildfire#0|Flood#0
Non-Tenant | 1 | B,All Other Perils#0.74|Windstorm Or Hail#0.74|Earthquake#1|Hurricane#0|Wildfire#0|Flood#0
Non-Tenant | 2 | B,All Other Perils#0.78|Windstorm Or Hail#0.78|Earthquake#1|Hurricane#0|Wildfire#0|Flood#0
Non-Tenant | 3 | B,All Other Perils#0.82|Windstorm Or Hail#0.82|Earthquake#1|Hurricane#0|Wildfire#0|Flood#0
Non-Tenant | 4 | B,All Other Perils#0.84|Windstorm Or Hail#0.84|Earthquake#1|Hurricane#0|Wildfire#0|Flood#0
Non-Tenant | 5 | B,All Other Perils#0.86|Windstorm Or Hail#0.86|Earthquake#1|Hurricane#0|Wildfire#0|Flood#0
Non-Tenant | 6 | B,All Other Perils#0.88|Windstorm Or Hail#0.88|Earthquake#1|Hurricane#0|Wildfire#0|Flood#0
Non-Tenant | 7 | B,All Other Perils#0.9|Windstorm Or Hail#0.9|Earthquake#1|Hurricane#0|Wildfire#0|Flood#0
Non-Tenant | 8 | B,All Other Perils#0.95|Windstorm Or Hail#0.95|Earthquake#1|Hurricane#0|Wildfire#0|Flood#0
Non-Tenant | 9 | B,All Other Perils#0.94|Windstorm Or Hail#0.94|Earthquake#1|Hurricane#0|Wildfire#0|Flood#0
Non-Tenant | 10 | B,All Other Perils#1|Windstorm Or Hail#1|Earthquake#1|Hurricane#0|Wildfire#0|Flood#0
Non-Tenant | 11 | B,All Other Perils#1.04|Windstorm Or Hail#1.04|Earthquake#1|Hurricane#0|Wildfire#0|Flood#0
Non-Tenant | 12 | B,All Other Perils#1.06|Windstorm Or Hail#1.06|Earthquake#1|Hurricane#0|Wildfire#0|Flood#0
Non-Tenant | 13 | B,All Other Perils#1.08|Windstorm Or Hail#1.08|Earthquake#1|Hurricane#0|Wildfire#0|Flood#0
Non-Tenant | 14 | B,All Other Perils#1.1|Windstorm Or Hail#1.1|Earthquake#1|Hurricane#0|Wildfire#0|Flood#0
Non-Tenant | 15 | B,All Other Perils#1.13|Windstorm Or Hail#1.13|Earthquake#1|Hurricane#0|Wildfire#0|Flood#0
Non-Tenant | 16 | B,All Other Perils#1.17|Windstorm Or Hail#1.17|Earthquake#1|Hurricane#0|Wildfire#0|Flood#0
Non-Tenant | 17 | B,All Other Perils#1.2|Windstorm Or Hail#1.2|Earthquake#1|Hurricane#0|Wildfire#0|Flood#0
Non-Tenant | 18 | B,All Other Perils#1.23|Windstorm Or Hail#1.23|Earthquake#1|Hurricane#0|Wildfire#0|Flood#0
Non-Tenant | 19 | B,All Other Perils#1.25|Windstorm Or Hail#1.25|Earthquake#1|Hurricane#0|Wildfire#0|Flood#0
Non-Tenant | 20 | B,All Other Perils#1.27|Windstorm Or Hail#1.27|Earthquake#1|Hurricane#0|Wildfire#0|Flood#0
Non-Tenant | 21 | B,All Other Perils#1.3|Windstorm Or Hail#1.3|Earthquake#1|Hurricane#0|Wildfire#0|Flood#0
Non-Tenant | 22 | B,All Other Perils#1.33|Windstorm Or Hail#1.33|Earthquake#1|Hurricane#0|Wildfire#0|Flood#0
Non-Tenant | 23 | B,All Other Perils#1.36|Windstorm Or Hail#1.36|Earthquake#1|Hurricane#0|Wildfire#0|Flood#0
Non-Tenant | 24 | B,All Other Perils#1.39|Windstorm Or Hail#1.39|Earthquake#1|Hurricane#0|Wildfire#0|Flood#0
Non-Tenant | 25 | B,All Other Perils#1.39|Windstorm Or Hail#1.39|Earthquake#1|Hurricane#0|Wildfire#0|Flood#0
Non-Tenant | 26 | B,All Other Perils#1.39|Windstorm Or Hail#1.39|Earthquake#1|Hurricane#0|Wildfire#0|Flood#0
Non-Tenant | 27 | B,All Other Perils#1.39|Windstorm Or Hail#1.39|Earthquake#1|Hurricane#0|Wildfire#0|Flood#0
Non-Tenant | 28 | B,All Other Perils#1.39|Windstorm Or Hail#1.39|Earthquake#1|Hurricane#0|Wildfire#0|Flood#0
Non-Tenant | 29 | B,All Other Perils#1.39|Windstorm Or Hail#1.39|Earthquake#1|Hurricane#0|Wildfire#0|Flood#0
Non-Tenant | 30 | B,All Other Perils#1.39|Windstorm Or Hail#1.39|Earthquake#1|Hurricane#0|Wildfire#0|Flood#0
Non-Tenant | 31 | B,All Other Perils#1.42|Windstorm Or Hail#1.42|Earthquake#1|Hurricane#0|Wildfire#0|Flood#0
Non-Tenant | 32 | B,All Other Perils#1.45|Windstorm Or Hail#1.45|Earthquake#1|Hurricane#0|Wildfire#0|Flood#0
Non-Tenant | 33 | B,All Other Perils#1.48|Windstorm Or Hail#1.48|Earthquake#1|Hurricane#0|Wildfire#0|Flood#0
Non-Tenant | 34 | B,All Other Perils#1.51|Windstorm Or Hail#1.51|Earthquake#1|Hurricane#0|Wildfire#0|Flood#0
Non-Tenant | 35 | B,All Other Perils#1.51|Windstorm Or Hail#1.51|Earthquake#1|Hurricane#0|Wildfire#0|Flood#0
Non-Tenant | 36 | B,All Other Perils#1.51|Windstorm Or Hail#1.51|Earthquake#1|Hurricane#0|Wildfire#0|Flood#0
Non-Tenant | 37 | B,All Other Perils#1.51|Windstorm Or Hail#1.51|Earthquake#1|Hurricane#0|Wildfire#0|Flood#0
Non-Tenant | 38 | B,All Other Perils#1.51|Windstorm Or Hail#1.51|Earthquake#1|Hurricane#0|Wildfire#0|Flood#0
Non-Tenant | 39 | B,All Other Perils#1.51|Windstorm Or Hail#1.51|Earthquake#1|Hurricane#0|Wildfire#0|Flood#0
Non-Tenant | 40 | B,All Other Perils#1.51|Windstorm Or Hail#1.51|Earthquake#1|Hurricane#0|Wildfire#0|Flood#0
Non-Tenant | 41 | B,All Other Perils#1.51|Windstorm Or Hail#1.51|Earthquake#1|Hurricane#0|Wildfire#0|Flood#0
Non-Tenant | 42 | B,All Other Perils#1.51|Windstorm Or Hail#1.51|Earthquake#1|Hurricane#0|Wildfire#0|Flood#0
Non-Tenant | 43 | B,All Other Perils#1.51|Windstorm Or Hail#1.51|Earthquake#1|Hurricane#0|Wildfire#0|Flood#0
Non-Tenant | 44 | B,All Other Perils#1.51|Windstorm Or Hail#1.51|Earthquake#1|Hurricane#0|Wildfire#0|Flood#0
Non-Tenant | 45 | B,All Other Perils#1.51|Windstorm Or Hail#1.51|Earthquake#1|Hurricane#0|Wildfire#0|Flood#0
Non-Tenant | 46 | B,All Other Perils#1.51|Windstorm Or Hail#1.51|Earthquake#1|Hurricane#0|Wildfire#0|Flood#0
Non-Tenant | 47 | B,All Other Perils#1.51|Windstorm Or Hail#1.51|Earthquake#1|Hurricane#0|Wildfire#0|Flood#0
Non-Tenant | 48 | B,All Other Perils#1.51|Windstorm Or Hail#1.51|Earthquake#1|Hurricane#0|Wildfire#0|Flood#0
Non-Tenant | 49 | B,All Other Perils#1.51|Windstorm Or Hail#1.51|Earthquake#1|Hurricane#0|Wildfire#0|Flood#0
Non-Tenant | 50 | B,All Other Perils#1.51|Windstorm Or Hail#1.51|Earthquake#1|Hurricane#0|Wildfire#0|Flood#0
Non-Tenant | 0 | C,All Other Perils#0.7|Windstorm Or Hail#0.7|Earthquake#1|Hurricane#0|Wildfire#0|Flood#0
Non-Tenant | 1 | C,All Other Perils#0.74|Windstorm Or Hail#0.74|Earthquake#1|Hurricane#0|Wildfire#0|Flood#0
Non-Tenant | 2 | C,All Other Perils#0.78|Windstorm Or Hail#0.78|Earthquake#1|Hurricane#0|Wildfire#0|Flood#0
Non-Tenant | 3 | C,All Other Perils#0.82|Windstorm Or Hail#0.82|Earthquake#1|Hurricane#0|Wildfire#0|Flood#0
Non-Tenant | 4 | C,All Other Perils#0.84|Windstorm Or Hail#0.84|Earthquake#1|Hurricane#0|Wildfire#0|Flood#0
Non-Tenant | 5 | C,All Other Perils#0.86|Windstorm Or Hail#0.86|Earthquake#1|Hurricane#0|Wildfire#0|Flood#0
Non-Tenant | 6 | C,All Other Perils#0.88|Windstorm Or Hail#0.88|Earthquake#1|Hurricane#0|Wildfire#0|Flood#0
Non-Tenant | 7 | C,All Other Perils#0.9|Windstorm Or Hail#0.9|Earthquake#1|Hurricane#0|Wildfire#0|Flood#0
Non-Tenant | 8 | C,All Other Perils#0.95|Windstorm Or Hail#0.95|Earthquake#1|Hurricane#0|Wildfire#0|Flood#0
Non-Tenant | 9 | C,All Other Perils#0.94|Windstorm Or Hail#0.94|Earthquake#1|Hurricane#0|Wildfire#0|Flood#0
Non-Tenant | 10 | C,All Other Perils#1|Windstorm Or Hail#1|Earthquake#1|Hurricane#0|Wildfire#0|Flood#0
Non-Tenant | 11 | C,All Other Perils#1.04|Windstorm Or Hail#1.04|Earthquake#1|Hurricane#0|Wildfire#0|Flood#0
Non-Tenant | 12 | C,All Other Perils#1.06|Windstorm Or Hail#1.06|Earthquake#1|Hurricane#0|Wildfire#0|Flood#0
Non-Tenant | 13 | C,All Other Perils#1.08|Windstorm Or Hail#1.08|Earthquake#1|Hurricane#0|Wildfire#0|Flood#0
Non-Tenant | 14 | C,All Other Perils#1.1|Windstorm Or Hail#1.1|Earthquake#1|Hurricane#0|Wildfire#0|Flood#0
Non-Tenant | 15 | C,All Other Perils#1.13|Windstorm Or Hail#1.13|Earthquake#1|Hurricane#0|Wildfire#0|Flood#0
Non-Tenant | 16 | C,All Other Perils#1.17|Windstorm Or Hail#1.17|Earthquake#1|Hurricane#0|Wildfire#0|Flood#0
Non-Tenant | 17 | C,All Other Perils#1.2|Windstorm Or Hail#1.2|Earthquake#1|Hurricane#0|Wildfire#0|Flood#0
Non-Tenant | 18 | C,All Other Perils#1.23|Windstorm Or Hail#1.23|Earthquake#1|Hurricane#0|Wildfire#0|Flood#0
Non-Tenant | 19 | C,All Other Perils#1.25|Windstorm Or Hail#1.25|Earthquake#1|Hurricane#0|Wildfire#0|Flood#0
Non-Tenant | 20 | C,All Other Perils#1.27|Windstorm Or Hail#1.27|Earthquake#1|Hurricane#0|Wildfire#0|Flood#0
Non-Tenant | 21 | C,All Other Perils#1.3|Windstorm Or Hail#1.3|Earthquake#1|Hurricane#0|Wildfire#0|Flood#0
Non-Tenant | 22 | C,All Other Perils#1.33|Windstorm Or Hail#1.33|Earthquake#1|Hurricane#0|Wildfire#0|Flood#0
Non-Tenant | 23 | C,All Other Perils#1.36|Windstorm Or Hail#1.36|Earthquake#1|Hurricane#0|Wildfire#0|Flood#0
Non-Tenant | 24 | C,All Other Perils#1.39|Windstorm Or Hail#1.39|Earthquake#1|Hurricane#0|Wildfire#0|Flood#0
Non-Tenant | 25 | C,All Other Perils#1.39|Windstorm Or Hail#1.39|Earthquake#1|Hurricane#0|Wildfire#0|Flood#0
Non-Tenant | 26 | C,All Other Perils#1.39|Windstorm Or Hail#1.39|Earthquake#1|Hurricane#0|Wildfire#0|Flood#0
Non-Tenant | 27 | C,All Other Perils#1.39|Windstorm Or Hail#1.39|Earthquake#1|Hurricane#0|Wildfire#0|Flood#0
Non-Tenant | 28 | C,All Other Perils#1.39|Windstorm Or Hail#1.39|Earthquake#1|Hurricane#0|Wildfire#0|Flood#0
Non-Tenant | 29 | C,All Other Perils#1.39|Windstorm Or Hail#1.39|Earthquake#1|Hurricane#0|Wildfire#0|Flood#0
Non-Tenant | 30 | C,All Other Perils#1.39|Windstorm Or Hail#1.39|Earthquake#1|Hurricane#0|Wildfire#0|Flood#0
Non-Tenant | 31 | C,All Other Perils#1.42|Windstorm Or Hail#1.42|Earthquake#1|Hurricane#0|Wildfire#0|Flood#0
Non-Tenant | 32 | C,All Other Perils#1.45|Windstorm Or Hail#1.45|Earthquake#1|Hurricane#0|Wildfire#0|Flood#0
Non-Tenant | 33 | C,All Other Perils#1.48|Windstorm Or Hail#1.48|Earthquake#1|Hurricane#0|Wildfire#0|Flood#0
Non-Tenant | 34 | C,All Other Perils#1.51|Windstorm Or Hail#1.51|Earthquake#1|Hurricane#0|Wildfire#0|Flood#0
Non-Tenant | 35 | C,All Other Perils#1.51|Windstorm Or Hail#1.51|Earthquake#1|Hurricane#0|Wildfire#0|Flood#0
Non-Tenant | 36 | C,All Other Perils#1.51|Windstorm Or Hail#1.51|Earthquake#1|Hurricane#0|Wildfire#0|Flood#0
Non-Tenant | 37 | C,All Other Perils#1.51|Windstorm Or Hail#1.51|Earthquake#1|Hurricane#0|Wildfire#0|Flood#0
Non-Tenant | 38 | C,All Other Perils#1.51|Windstorm Or Hail#1.51|Earthquake#1|Hurricane#0|Wildfire#0|Flood#0
Non-Tenant | 39 | C,All Other Perils#1.51|Windstorm Or Hail#1.51|Earthquake#1|Hurricane#0|Wildfire#0|Flood#0
Non-Tenant | 40 | C,All Other Perils#1.51|Windstorm Or Hail#1.51|Earthquake#1|Hurricane#0|Wildfire#0|Flood#0
Non-Tenant | 41 | C,All Other Perils#1.51|Windstorm Or Hail#1.51|Earthquake#1|Hurricane#0|Wildfire#0|Flood#0
Non-Tenant | 42 | C,All Other Perils#1.51|Windstorm Or Hail#1.51|Earthquake#1|Hurricane#0|Wildfire#0|Flood#0
Non-Tenant | 43 | C,All Other Perils#1.51|Windstorm Or Hail#1.51|Earthquake#1|Hurricane#0|Wildfire#0|Flood#0
Non-Tenant | 44 | C,All Other Perils#1.51|Windstorm Or Hail#1.51|Earthquake#1|Hurricane#0|Wildfire#0|Flood#0
Non-Tenant | 45 | C,All Other Perils#1.51|Windstorm Or Hail#1.51|Earthquake#1|Hurricane#0|Wildfire#0|Flood#0
Non-Tenant | 46 | C,All Other Perils#1.51|Windstorm Or Hail#1.51|Earthquake#1|Hurricane#0|Wildfire#0|Flood#0
Non-Tenant | 47 | C,All Other Perils#1.51|Windstorm Or Hail#1.51|Earthquake#1|Hurricane#0|Wildfire#0|Flood#0
Non-Tenant | 48 | C,All Other Perils#1.51|Windstorm Or Hail#1.51|Earthquake#1|Hurricane#0|Wildfire#0|Flood#0
Non-Tenant | 49 | C,All Other Perils#1.51|Windstorm Or Hail#1.51|Earthquake#1|Hurricane#0|Wildfire#0|Flood#0
Non-Tenant | 50 | C,All Other Perils#1.51|Windstorm Or Hail#1.51|Earthquake#1|Hurricane#0|Wildfire#0|Flood#0
Tenant | 0 | C,All Other Perils#1|Windstorm Or Hail#1|Earthquake#1|Hurricane#0|Wildfire#0|Flood#0
