key,value
Basic | No | A,All Other Perils#1|Windstorm Or Hail#1|Earthquake#0|Hurricane#0|Wildfire#0
Broad | No | A,All Other Perils#1|Windstorm Or Hail#1|Earthquake#0|Hurricane#0|Wildfire#0
Special | No | A,All Other Perils#1|Windstorm Or Hail#1|Earthquake#0|Hurricane#0|Wildfire#0
Comprehensive | No | A,All Other Perils#1|Windstorm Or Hail#1|Earthquake#0|Hurricane#0|Wildfire#0
Basic | Local | A,All Other Perils#1|Windstorm Or Hail#1|Earthquake#0|Hurricane#0|Wildfire#0
Broad | Local | A,All Other Perils#1|Windstorm Or Hail#1|Earthquake#0|Hurricane#0|Wildfire#0
Special | Local | A,All Other Perils#0.9|Windstorm Or Hail#0.9|Earthquake#0|Hurricane#0|Wildfire#0
Comprehensive | Local | A,All Other Perils#0.9|Windstorm Or Hail#0.9|Earthquake#0|Hurricane#0|Wildfire#0
Basic | Central/ Monitored | A,All Other Perils#1|Windstorm Or Hail#1|Earthquake#0|Hurricane#0|Wildfire#0
Broad | Central/ Monitored | A,All Other Perils#1|Windstorm Or Hail#1|Earthquake#0|Hurricane#0|Wildfire#0
Special | Central/ Monitored | A,All Other Perils#0.9|Windstorm Or Hail#0.9|Earthquake#0|Hurricane#0|Wildfire#0
Comprehensive | Central/ Monitored | A,All Other Perils#0.9|Windstorm Or Hail#0.9|Earthquake#0|Hurricane#0|Wildfire#0
Basic | No | B,All Other Perils#1|Windstorm Or Hail#1|Earthquake#0|Hurricane#0|Wildfire#0
Broad | No | B,All Other Perils#1|Windstorm Or Hail#1|Earthquake#0|Hurricane#0|Wildfire#0
Special | No | B,All Other Perils#1|Windstorm Or Hail#1|Earthquake#0|Hurricane#0|Wildfire#0
Comprehensive | No | B,All Other Perils#1|Windstorm Or Hail#1|Earthquake#0|Hurricane#0|Wildfire#0
Basic | Local | B,All Other Perils#1|Windstorm Or Hail#1|Earthquake#0|Hurricane#0|Wildfire#0
Broad | Local | B,All Other Perils#1|Windstorm Or Hail#1|Earthquake#0|Hurricane#0|Wildfire#0
Special | Local | B,All Other Perils#1|Windstorm Or Hail#1|Earthquake#0|Hurricane#0|Wildfire#0
Comprehensive | Local | B,All Other Perils#1|Windstorm Or Hail#1|Earthquake#0|Hurricane#0|Wildfire#0
Basic | Central/ Monitored | B,All Other Perils#1|Windstorm Or Hail#1|Earthquake#0|Hurricane#0|Wildfire#0
Broad | Central/ Monitored | B,All Other Perils#1|Windstorm Or Hail#1|Earthquake#0|Hurricane#0|Wildfire#0
Special | Central/ Monitored | B,All Other Perils#1|Windstorm Or Hail#1|Earthquake#0|Hurricane#0|Wildfire#0
Comprehensive | Central/ Monitored | B,All Other Perils#1|Windstorm Or Hail#1|Earthquake#0|Hurricane#0|Wildfire#0
Basic | No | C,All Other Perils#1|Windstorm Or Hail#1|Earthquake#0|Hurricane#0|Wildfire#0
Broad | No | C,All Other Perils#1|Windstorm Or Hail#1|Earthquake#0|Hurricane#0|Wildfire#0
Special | No | C,All Other Perils#1|Windstorm Or Hail#1|Earthquake#0|Hurricane#0|Wildfire#0
Comprehensive | No | C,All Other Perils#1|Windstorm Or Hail#1|Earthquake#0|Hurricane#0|Wildfire#0
Basic | Local | C,All Other Perils#1|Windstorm Or Hail#1|Earthquake#0|Hurricane#0|Wildfire#0
Broad | Local | C,All Other Perils#1|Windstorm Or Hail#1|Earthquake#0|Hurricane#0|Wildfire#0
Special | Local | C,All Other Perils#1|Windstorm Or Hail#1|Earthquake#0|Hurricane#0|Wildfire#0
Comprehensive | Local | C,All Other Perils#1|Windstorm Or Hail#1|Earthquake#0|Hurricane#0|Wildfire#0
Basic | Central/ Monitored | C,All Other Perils#1|Windstorm Or Hail#1|Earthquake#0|Hurricane#0|Wildfire#0
Broad | Central/ Monitored | C,All Other Perils#1|Windstorm Or Hail#1|Earthquake#0|Hurricane#0|Wildfire#0
Special | Central/ Monitored | C,All Other Perils#1|Windstorm Or Hail#1|Earthquake#0|Hurricane#0|Wildfire#0
Comprehensive | Central/ Monitored | C,All Other Perils#1|Windstorm Or Hail#1|Earthquake#0|Hurricane#0|Wildfire#0