key,value
Owner | N/A | 0 | A,All Other Perils#1|Windstorm Or Hail#1|Earthquake#0|Hurricane#0|Wildfire#0
Owner | N/A | 1 | A,All Other Perils#1|Windstorm Or Hail#1|Earthquake#0|Hurricane#0|Wildfire#0
Owner | N/A | 2 | A,All Other Perils#1.2|Windstorm Or Hail#1.2|Earthquake#0|Hurricane#0|Wildfire#0
Owner | N/A | 3 | A,All Other Perils#1.5|Windstorm Or Hail#1.5|Earthquake#0|Hurricane#0|Wildfire#0
Owner | N/A | 4 | A,All Other Perils#1.7|Windstorm Or Hail#1.7|Earthquake#0|Hurricane#0|Wildfire#0
Seasonal | N/A | 0 | A,All Other Perils#1|Windstorm Or Hail#1|Earthquake#0|Hurricane#0|Wildfire#0
Seasonal | N/A | 1 | A,All Other Perils#1|Windstorm Or Hail#1|Earthquake#0|Hurricane#0|Wildfire#0
Seasonal | N/A | 2 | A,All Other Perils#1.2|Windstorm Or Hail#1.2|Earthquake#0|Hurricane#0|Wildfire#0
Seasonal | N/A | 3 | A,All Other Perils#1.5|Windstorm Or Hail#1.5|Earthquake#0|Hurricane#0|Wildfire#0
Seasonal | N/A | 4 | A,All Other Perils#1.7|Windstorm Or Hail#1.7|Earthquake#0|Hurricane#0|Wildfire#0
Rental | N/A | 0 | A,All Other Perils#1|Windstorm Or Hail#1|Earthquake#0|Hurricane#0|Wildfire#0
Rental | N/A | 1 | A,All Other Perils#1|Windstorm Or Hail#1|Earthquake#0|Hurricane#0|Wildfire#0
Rental | N/A | 2 | A,All Other Perils#1|Windstorm Or Hail#1|Earthquake#0|Hurricane#0|Wildfire#0
Rental | N/A | 3 | A,All Other Perils#1|Windstorm Or Hail#1|Earthquake#0|Hurricane#0|Wildfire#0
Rental | N/A | 4 | A,All Other Perils#1|Windstorm Or Hail#1|Earthquake#0|Hurricane#0|Wildfire#0
Vacant | Y | 0 | A,All Other Perils#1|Windstorm Or Hail#1|Earthquake#0|Hurricane#0|Wildfire#0
Vacant | Y | 1 | A,All Other Perils#1|Windstorm Or Hail#1|Earthquake#0|Hurricane#0|Wildfire#0
Vacant | Y | 2 | A,All Other Perils#1|Windstorm Or Hail#1|Earthquake#0|Hurricane#0|Wildfire#0
Vacant | Y | 3 | A,All Other Perils#1|Windstorm Or Hail#1|Earthquake#0|Hurricane#0|Wildfire#0
Vacant | Y | 4 | A,All Other Perils#1|Windstorm Or Hail#1|Earthquake#0|Hurricane#0|Wildfire#0
Vacant | N | 0 | A,All Other Perils#1|Windstorm Or Hail#1|Earthquake#0|Hurricane#0|Wildfire#0
Vacant | N | 1 | A,All Other Perils#1|Windstorm Or Hail#1|Earthquake#0|Hurricane#0|Wildfire#0
Vacant | N | 2 | A,All Other Perils#1.2|Windstorm Or Hail#1.2|Earthquake#0|Hurricane#0|Wildfire#0
Vacant | N | 3 | A,All Other Perils#1.5|Windstorm Or Hail#1.5|Earthquake#0|Hurricane#0|Wildfire#0
Vacant | N | 4 | A,All Other Perils#1.7|Windstorm Or Hail#1.7|Earthquake#0|Hurricane#0|Wildfire#0
Owner | N/A | 0 | B,All Other Perils#1|Windstorm Or Hail#1|Earthquake#0|Hurricane#0|Wildfire#0
Owner | N/A | 1 | B,All Other Perils#1|Windstorm Or Hail#1|Earthquake#0|Hurricane#0|Wildfire#0
Owner | N/A | 2 | B,All Other Perils#1.2|Windstorm Or Hail#1.2|Earthquake#0|Hurricane#0|Wildfire#0
Owner | N/A | 3 | B,All Other Perils#1.5|Windstorm Or Hail#1.5|Earthquake#0|Hurricane#0|Wildfire#0
Owner | N/A | 4 | B,All Other Perils#1.7|Windstorm Or Hail#1.7|Earthquake#0|Hurricane#0|Wildfire#0
Seasonal | N/A | 0 | B,All Other Perils#1|Windstorm Or Hail#1|Earthquake#0|Hurricane#0|Wildfire#0
Seasonal | N/A | 1 | B,All Other Perils#1|Windstorm Or Hail#1|Earthquake#0|Hurricane#0|Wildfire#0
Seasonal | N/A | 2 | B,All Other Perils#1.2|Windstorm Or Hail#1.2|Earthquake#0|Hurricane#0|Wildfire#0
Seasonal | N/A | 3 | B,All Other Perils#1.5|Windstorm Or Hail#1.5|Earthquake#0|Hurricane#0|Wildfire#0
Seasonal | N/A | 4 | B,All Other Perils#1.7|Windstorm Or Hail#1.7|Earthquake#0|Hurricane#0|Wildfire#0
Rental | N/A | 0 | B,All Other Perils#1|Windstorm Or Hail#1|Earthquake#0|Hurricane#0|Wildfire#0
Rental | N/A | 1 | B,All Other Perils#1|Windstorm Or Hail#1|Earthquake#0|Hurricane#0|Wildfire#0
Rental | N/A | 2 | B,All Other Perils#1|Windstorm Or Hail#1|Earthquake#0|Hurricane#0|Wildfire#0
Rental | N/A | 3 | B,All Other Perils#1|Windstorm Or Hail#1|Earthquake#0|Hurricane#0|Wildfire#0
Rental | N/A | 4 | B,All Other Perils#1|Windstorm Or Hail#1|Earthquake#0|Hurricane#0|Wildfire#0
Vacant | Y | 0 | B,All Other Perils#1|Windstorm Or Hail#1|Earthquake#0|Hurricane#0|Wildfire#0
Vacant | Y | 1 | B,All Other Perils#1|Windstorm Or Hail#1|Earthquake#0|Hurricane#0|Wildfire#0
Vacant | Y | 2 | B,All Other Perils#1|Windstorm Or Hail#1|Earthquake#0|Hurricane#0|Wildfire#0
Vacant | Y | 3 | B,All Other Perils#1|Windstorm Or Hail#1|Earthquake#0|Hurricane#0|Wildfire#0
Vacant | Y | 4 | B,All Other Perils#1|Windstorm Or Hail#1|Earthquake#0|Hurricane#0|Wildfire#0
Vacant | N | 0 | B,All Other Perils#1|Windstorm Or Hail#1|Earthquake#0|Hurricane#0|Wildfire#0
Vacant | N | 1 | B,All Other Perils#1|Windstorm Or Hail#1|Earthquake#0|Hurricane#0|Wildfire#0
Vacant | N | 2 | B,All Other Perils#1.2|Windstorm Or Hail#1.2|Earthquake#0|Hurricane#0|Wildfire#0
Vacant | N | 3 | B,All Other Perils#1.5|Windstorm Or Hail#1.5|Earthquake#0|Hurricane#0|Wildfire#0
Vacant | N | 4 | B,All Other Perils#1.7|Windstorm Or Hail#1.7|Earthquake#0|Hurricane#0|Wildfire#0
Owner | N/A | 0 | C,All Other Perils#1|Windstorm Or Hail#1|Earthquake#0|Hurricane#0|Wildfire#0
Owner | N/A | 1 | C,All Other Perils#1|Windstorm Or Hail#1|Earthquake#0|Hurricane#0|Wildfire#0
Owner | N/A | 2 | C,All Other Perils#1.2|Windstorm Or Hail#1.2|Earthquake#0|Hurricane#0|Wildfire#0
Owner | N/A | 3 | C,All Other Perils#1.5|Windstorm Or Hail#1.5|Earthquake#0|Hurricane#0|Wildfire#0
Owner | N/A | 4 | C,All Other Perils#1.7|Windstorm Or Hail#1.7|Earthquake#0|Hurricane#0|Wildfire#0
Seasonal | N/A | 0 | C,All Other Perils#1|Windstorm Or Hail#1|Earthquake#0|Hurricane#0|Wildfire#0
Seasonal | N/A | 1 | C,All Other Perils#1|Windstorm Or Hail#1|Earthquake#0|Hurricane#0|Wildfire#0
Seasonal | N/A | 2 | C,All Other Perils#1.2|Windstorm Or Hail#1.2|Earthquake#0|Hurricane#0|Wildfire#0
Seasonal | N/A | 3 | C,All Other Perils#1.5|Windstorm Or Hail#1.5|Earthquake#0|Hurricane#0|Wildfire#0
Seasonal | N/A | 4 | C,All Other Perils#1.7|Windstorm Or Hail#1.7|Earthquake#0|Hurricane#0|Wildfire#0
Rental | N/A | 0 | C,All Other Perils#1|Windstorm Or Hail#1|Earthquake#0|Hurricane#0|Wildfire#0
Rental | N/A | 1 | C,All Other Perils#1|Windstorm Or Hail#1|Earthquake#0|Hurricane#0|Wildfire#0
Rental | N/A | 2 | C,All Other Perils#1|Windstorm Or Hail#1|Earthquake#0|Hurricane#0|Wildfire#0
Rental | N/A | 3 | C,All Other Perils#1|Windstorm Or Hail#1|Earthquake#0|Hurricane#0|Wildfire#0
Rental | N/A | 4 | C,All Other Perils#1|Windstorm Or Hail#1|Earthquake#0|Hurricane#0|Wildfire#0
Vacant | Y | 0 | C,All Other Perils#1|Windstorm Or Hail#1|Earthquake#0|Hurricane#0|Wildfire#0
Vacant | Y | 1 | C,All Other Perils#1|Windstorm Or Hail#1|Earthquake#0|Hurricane#0|Wildfire#0
Vacant | Y | 2 | C,All Other Perils#1|Windstorm Or Hail#1|Earthquake#0|Hurricane#0|Wildfire#0
Vacant | Y | 3 | C,All Other Perils#1|Windstorm Or Hail#1|Earthquake#0|Hurricane#0|Wildfire#0
Vacant | Y | 4 | C,All Other Perils#1|Windstorm Or Hail#1|Earthquake#0|Hurricane#0|Wildfire#0
Vacant | N | 0 | C,All Other Perils#1|Windstorm Or Hail#1|Earthquake#0|Hurricane#0|Wildfire#0
Vacant | N | 1 | C,All Other Perils#1|Windstorm Or Hail#1|Earthquake#0|Hurricane#0|Wildfire#0
Vacant | N | 2 | C,All Other Perils#1.2|Windstorm Or Hail#1.2|Earthquake#0|Hurricane#0|Wildfire#0
Vacant | N | 3 | C,All Other Perils#1.5|Windstorm Or Hail#1.5|Earthquake#0|Hurricane#0|Wildfire#0
Vacant | N | 4 | C,All Other Perils#1.7|Windstorm Or Hail#1.7|Earthquake#0|Hurricane#0|Wildfire#0
Tenant | N/A | 0 | C,All Other Perils#1|Windstorm Or Hail#1|Earthquake#0|Hurricane#0|Wildfire#0
Tenant | N/A | 1 | C,All Other Perils#1|Windstorm Or Hail#1|Earthquake#0|Hurricane#0|Wildfire#0
Tenant | N/A | 2 | C,All Other Perils#1.2|Windstorm Or Hail#1.2|Earthquake#0|Hurricane#0|Wildfire#0
Tenant | N/A | 3 | C,All Other Perils#1.5|Windstorm Or Hail#1.5|Earthquake#0|Hurricane#0|Wildfire#0
Tenant | N/A | 4 | C,All Other Perils#1.7|Windstorm Or Hail#1.7|Earthquake#0|Hurricane#0|Wildfire#0
