key,value
Basic | A,All Other Perils#0.85|Windstorm Or Hail#0.85|Earthquake#0|Hurricane#0|Wildfire#0|Flood#0
Broad | A,All Other Perils#0.9|Windstorm Or Hail#0.9|Earthquake#0|Hurricane#0|Wildfire#0|Flood#0
Special | A,All Other Perils#0.97|Windstorm Or Hail#0.97|Earthquake#0|Hurricane#0|Wildfire#0|Flood#0
Comprehensive | A,All Other Perils#1|Windstorm Or Hail#1|Earthquake#0|Hurricane#0|Wildfire#0|Flood#0
Basic | B,All Other Perils#0.85|Windstorm Or Hail#0.85|Earthquake#0|Hurricane#0|Wildfire#0|Flood#0
Broad | B,All Other Perils#0.9|Windstorm Or Hail#0.9|Earthquake#0|Hurricane#0|Wildfire#0|Flood#0
Special | B,All Other Perils#0.97|Windstorm Or Hail#0.97|Earthquake#0|Hurricane#0|Wildfire#0|Flood#0
Comprehensive | B,All Other Perils#1|Windstorm Or Hail#1|Earthquake#0|Hurricane#0|Wildfire#0|Flood#0
Basic | C,All Other Perils#0.85|Windstorm Or Hail#0.85|Earthquake#0|Hurricane#0|Wildfire#0|Flood#0
Broad | C,All Other Perils#0.9|Windstorm Or Hail#0.9|Earthquake#0|Hurricane#0|Wildfire#0|Flood#0
Special | C,All Other Perils#0.97|Windstorm Or Hail#0.97|Earthquake#0|Hurricane#0|Wildfire#0|Flood#0
Comprehensive | C,All Other Perils#1|Windstorm Or Hail#1|Earthquake#0|Hurricane#0|Wildfire#0|Flood#0
