key,value
Owner | A,All Other Perils#1|Windstorm Or Hail#1|Earthquake#0|Hurricane#0|Wildfire#0|Flood#0
Rental | A,All Other Perils#1.05|Windstorm Or Hail#1.05|Earthquake#0|Hurricane#0|Wildfire#0|Flood#0
Seasonal | A,All Other Perils#1.05|Windstorm Or Hail#1.05|Earthquake#0|Hurricane#0|Wildfire#0|Flood#0
Vacant | A,All Other Perils#1.75|Windstorm Or Hail#1.75|Earthquake#0|Hurricane#0|Wildfire#0|Flood#0
Owner | B,All Other Perils#1|Windstorm Or Hail#1|Earthquake#0|Hurricane#0|Wildfire#0|Flood#0
Rental | B,All Other Perils#1.45|Windstorm Or Hail#1.45|Earthquake#0|Hurricane#0|Wildfire#0|Flood#0
Seasonal | B,All Other Perils#1.05|Windstorm Or Hail#1.05|Earthquake#0|Hurricane#0|Wildfire#0|Flood#0
Vacant | B,All Other Perils#1.4|Windstorm Or Hail#1.4|Earthquake#0|Hurricane#0|Wildfire#0|Flood#0
Owner | C,All Other Perils#1|Windstorm Or Hail#1|Earthquake#0|Hurricane#0|Wildfire#0|Flood#0
Rental | C,All Other Perils#1.3|Windstorm Or Hail#1.3|Earthquake#0|Hurricane#0|Wildfire#0|Flood#0
Seasonal | C,All Other Perils#1.05|Windstorm Or Hail#1.05|Earthquake#0|Hurricane#0|Wildfire#0|Flood#0
Vacant | C,All Other Perils#1.36|Windstorm Or Hail#1.36|Earthquake#0|Hurricane#0|Wildfire#0|Flood#0
Tenant | C,All Other Perils#3|Windstorm Or Hail#3|Earthquake#0|Hurricane#0|Wildfire#0|Flood#0
