key,value
Replacement Cost | A,All Other Perils#1|Windstorm Or Hail#1|Earthquake#1|Hurricane#0|Wildfire#0|Flood#0
Extended Replacement Cost | A,All Other Perils#1.13|Windstorm Or Hail#1.13|Earthquake#1.13|Hurricane#0|Wildfire#0|Flood#0
Replacement Cost | B,All Other Perils#1|Windstorm Or Hail#1|Earthquake#1|Hurricane#0|Wildfire#0|Flood#0
Extended Replacement Cost | B,All Other Perils#1.13|Windstorm Or Hail#1.13|Earthquake#1.13|Hurricane#0|Wildfire#0|Flood#0
Replacement Cost | C,All Other Perils#1|Windstorm Or Hail#1|Earthquake#1|Hurricane#0|Wildfire#0|Flood#0
