key,value
1 | A,All Other Perils#0.98|Windstorm Or Hail#0.98|Earthquake#0|Hurricane#0|Wildfire#0|Flood#0
2 | A,All Other Perils#1|Windstorm Or Hail#1|Earthquake#0|Hurricane#0|Wildfire#0|Flood#0
3 | A,All Other Perils#2.2|Windstorm Or Hail#2.2|Earthquake#0|Hurricane#0|Wildfire#0|Flood#0
4 | A,All Other Perils#1|Windstorm Or Hail#1|Earthquake#0|Hurricane#0|Wildfire#0|Flood#0
5 | A,All Other Perils#1|Windstorm Or Hail#1|Earthquake#0|Hurricane#0|Wildfire#0|Flood#0
6 | A,All Other Perils#2.2|Windstorm Or Hail#2.2|Earthquake#0|Hurricane#0|Wildfire#0|Flood#0
7 | A,All Other Perils#1.38|Windstorm Or Hail#1.38|Earthquake#0|Hurricane#0|Wildfire#0|Flood#0
8 | A,All Other Perils#1|Windstorm Or Hail#1|Earthquake#0|Hurricane#0|Wildfire#0|Flood#0
9 | A,All Other Perils#2.2|Windstorm Or Hail#2.2|Earthquake#0|Hurricane#0|Wildfire#0|Flood#0
10 | A,All Other Perils#0.99|Windstorm Or Hail#0.99|Earthquake#0|Hurricane#0|Wildfire#0|Flood#0
11 | A,All Other Perils#1.2|Windstorm Or Hail#1.2|Earthquake#0|Hurricane#0|Wildfire#0|Flood#0
12 | A,All Other Perils#2|Windstorm Or Hail#2|Earthquake#0|Hurricane#0|Wildfire#0|Flood#0
13 | A,All Other Perils#1|Windstorm Or Hail#1|Earthquake#0|Hurricane#0|Wildfire#0|Flood#0
14 | A,All Other Perils#2.2|Windstorm Or Hail#2.2|Earthquake#0|Hurricane#0|Wildfire#0|Flood#0
15 | A,All Other Perils#1.01|Windstorm Or Hail#1.01|Earthquake#0|Hurricane#0|Wildfire#0|Flood#0
16 | A,All Other Perils#1.02|Windstorm Or Hail#1.02|Earthquake#0|Hurricane#0|Wildfire#0|Flood#0
17 | A,All Other Perils#1|Windstorm Or Hail#1|Earthquake#0|Hurricane#0|Wildfire#0|Flood#0
18 | A,All Other Perils#1|Windstorm Or Hail#1|Earthquake#0|Hurricane#0|Wildfire#0|Flood#0
19 | A,All Other Perils#2.2|Windstorm Or Hail#2.2|Earthquake#0|Hurricane#0|Wildfire#0|Flood#0
20 | A,All Other Perils#1|Windstorm Or Hail#1|Earthquake#0|Hurricane#0|Wildfire#0|Flood#0
21 | A,All Other Perils#2.15|Windstorm Or Hail#2.15|Earthquake#1|Hurricane#0|Wildfire#0|Flood#0
22 | A,All Other Perils#1|Windstorm Or Hail#1|Earthquake#0|Hurricane#0|Wildfire#0|Flood#0
23 | A,All Other Perils#2.2|Windstorm Or Hail#2.2|Earthquake#0|Hurricane#0|Wildfire#0|Flood#0
24 | A,All Other Perils#0.99|Windstorm Or Hail#0.99|Earthquake#0|Hurricane#0|Wildfire#0|Flood#0
25 | A,All Other Perils#2.2|Windstorm Or Hail#2.2|Earthquake#0|Hurricane#0|Wildfire#0|Flood#0
26 | A,All Other Perils#0.99|Windstorm Or Hail#0.99|Earthquake#0|Hurricane#0|Wildfire#0|Flood#0
27 | A,All Other Perils#1|Windstorm Or Hail#1|Earthquake#0|Hurricane#0|Wildfire#0|Flood#0
28 | A,All Other Perils#0.97|Windstorm Or Hail#0.97|Earthquake#0|Hurricane#0|Wildfire#0|Flood#0
29 | A,All Other Perils#0.99|Windstorm Or Hail#0.99|Earthquake#0|Hurricane#0|Wildfire#0|Flood#0
30 | A,All Other Perils#0.99|Windstorm Or Hail#0.99|Earthquake#0|Hurricane#0|Wildfire#0|Flood#0
31 | A,All Other Perils#0.99|Windstorm Or Hail#0.99|Earthquake#0|Hurricane#0|Wildfire#0|Flood#0
32 | A,All Other Perils#2.15|Windstorm Or Hail#2.15|Earthquake#0|Hurricane#0|Wildfire#0|Flood#0
33 | A,All Other Perils#0.99|Windstorm Or Hail#0.99|Earthquake#0|Hurricane#0|Wildfire#0|Flood#0
01 | B,All Other Perils#0.98|Windstorm Or Hail#0.98|Earthquake#0|Hurricane#0|Wildfire#0|Flood#0
02 | B,All Other Perils#1|Windstorm Or Hail#1|Earthquake#0|Hurricane#0|Wildfire#0|Flood#0
03 | B,All Other Perils#2.2|Windstorm Or Hail#2.2|Earthquake#0|Hurricane#0|Wildfire#0|Flood#0
04 | B,All Other Perils#1|Windstorm Or Hail#1|Earthquake#0|Hurricane#0|Wildfire#0|Flood#0
05 | B,All Other Perils#1|Windstorm Or Hail#1|Earthquake#0|Hurricane#0|Wildfire#0|Flood#0
06 | B,All Other Perils#2.2|Windstorm Or Hail#2.2|Earthquake#0|Hurricane#0|Wildfire#0|Flood#0
07 | B,All Other Perils#1.38|Windstorm Or Hail#1.38|Earthquake#0|Hurricane#0|Wildfire#0|Flood#0
08 | B,All Other Perils#1|Windstorm Or Hail#1|Earthquake#0|Hurricane#0|Wildfire#0|Flood#0
09 | B,All Other Perils#2.2|Windstorm Or Hail#2.2|Earthquake#0|Hurricane#0|Wildfire#0|Flood#0
10 | B,All Other Perils#0.99|Windstorm Or Hail#0.99|Earthquake#0|Hurricane#0|Wildfire#0|Flood#0
11 | B,All Other Perils#1.2|Windstorm Or Hail#1.2|Earthquake#0|Hurricane#0|Wildfire#0|Flood#0
12 | B,All Other Perils#2|Windstorm Or Hail#2|Earthquake#0|Hurricane#0|Wildfire#0|Flood#0
13 | B,All Other Perils#1|Windstorm Or Hail#1|Earthquake#0|Hurricane#0|Wildfire#0|Flood#0
14 | B,All Other Perils#2.2|Windstorm Or Hail#2.2|Earthquake#0|Hurricane#0|Wildfire#0|Flood#0
15 | B,All Other Perils#1.01|Windstorm Or Hail#1.01|Earthquake#0|Hurricane#0|Wildfire#0|Flood#0
16 | B,All Other Perils#1.02|Windstorm Or Hail#1.02|Earthquake#0|Hurricane#0|Wildfire#0|Flood#0
17 | B,All Other Perils#1|Windstorm Or Hail#1|Earthquake#0|Hurricane#0|Wildfire#0|Flood#0
18 | B,All Other Perils#1|Windstorm Or Hail#1|Earthquake#0|Hurricane#0|Wildfire#0|Flood#0
19 | B,All Other Perils#2.2|Windstorm Or Hail#2.2|Earthquake#0|Hurricane#0|Wildfire#0|Flood#0
20 | B,All Other Perils#1|Windstorm Or Hail#1|Earthquake#0|Hurricane#0|Wildfire#0|Flood#0
21 | B,All Other Perils#2.15|Windstorm Or Hail#2.15|Earthquake#1|Hurricane#0|Wildfire#0|Flood#0
22 | B,All Other Perils#1|Windstorm Or Hail#1|Earthquake#0|Hurricane#0|Wildfire#0|Flood#0
23 | B,All Other Perils#2.2|Windstorm Or Hail#2.2|Earthquake#0|Hurricane#0|Wildfire#0|Flood#0
24 | B,All Other Perils#0.99|Windstorm Or Hail#0.99|Earthquake#0|Hurricane#0|Wildfire#0|Flood#0
25 | B,All Other Perils#2.2|Windstorm Or Hail#2.2|Earthquake#0|Hurricane#0|Wildfire#0|Flood#0
26 | B,All Other Perils#0.99|Windstorm Or Hail#0.99|Earthquake#0|Hurricane#0|Wildfire#0|Flood#0
27 | B,All Other Perils#1|Windstorm Or Hail#1|Earthquake#0|Hurricane#0|Wildfire#0|Flood#0
28 | B,All Other Perils#0.97|Windstorm Or Hail#0.97|Earthquake#0|Hurricane#0|Wildfire#0|Flood#0
29 | B,All Other Perils#0.99|Windstorm Or Hail#0.99|Earthquake#0|Hurricane#0|Wildfire#0|Flood#0
30 | B,All Other Perils#0.99|Windstorm Or Hail#0.99|Earthquake#0|Hurricane#0|Wildfire#0|Flood#0
31 | B,All Other Perils#0.99|Windstorm Or Hail#0.99|Earthquake#0|Hurricane#0|Wildfire#0|Flood#0
32 | B,All Other Perils#2.15|Windstorm Or Hail#2.15|Earthquake#0|Hurricane#0|Wildfire#0|Flood#0
33 | B,All Other Perils#0.99|Windstorm Or Hail#0.99|Earthquake#0|Hurricane#0|Wildfire#0|Flood#0
01 | C,All Other Perils#0.98|Windstorm Or Hail#0.98|Earthquake#0|Hurricane#0|Wildfire#0|Flood#0
02 | C,All Other Perils#1|Windstorm Or Hail#1|Earthquake#0|Hurricane#0|Wildfire#0|Flood#0
03 | C,All Other Perils#2.2|Windstorm Or Hail#2.2|Earthquake#0|Hurricane#0|Wildfire#0|Flood#0
04 | C,All Other Perils#1|Windstorm Or Hail#1|Earthquake#0|Hurricane#0|Wildfire#0|Flood#0
05 | C,All Other Perils#1|Windstorm Or Hail#1|Earthquake#0|Hurricane#0|Wildfire#0|Flood#0
06 | C,All Other Perils#2.2|Windstorm Or Hail#2.2|Earthquake#0|Hurricane#0|Wildfire#0|Flood#0
07 | C,All Other Perils#1.38|Windstorm Or Hail#1.38|Earthquake#0|Hurricane#0|Wildfire#0|Flood#0
08 | C,All Other Perils#1|Windstorm Or Hail#1|Earthquake#0|Hurricane#0|Wildfire#0|Flood#0
09 | C,All Other Perils#2.2|Windstorm Or Hail#2.2|Earthquake#0|Hurricane#0|Wildfire#0|Flood#0
10 | C,All Other Perils#0.99|Windstorm Or Hail#0.99|Earthquake#0|Hurricane#0|Wildfire#0|Flood#0
11 | C,All Other Perils#1.2|Windstorm Or Hail#1.2|Earthquake#0|Hurricane#0|Wildfire#0|Flood#0
12 | C,All Other Perils#2|Windstorm Or Hail#2|Earthquake#0|Hurricane#0|Wildfire#0|Flood#0
13 | C,All Other Perils#1|Windstorm Or Hail#1|Earthquake#0|Hurricane#0|Wildfire#0|Flood#0
14 | C,All Other Perils#2.2|Windstorm Or Hail#2.2|Earthquake#0|Hurricane#0|Wildfire#0|Flood#0
15 | C,All Other Perils#1.01|Windstorm Or Hail#1.01|Earthquake#0|Hurricane#0|Wildfire#0|Flood#0
16 | C,All Other Perils#1.02|Windstorm Or Hail#1.02|Earthquake#0|Hurricane#0|Wildfire#0|Flood#0
17 | C,All Other Perils#1|Windstorm Or Hail#1|Earthquake#0|Hurricane#0|Wildfire#0|Flood#0
18 | C,All Other Perils#1|Windstorm Or Hail#1|Earthquake#0|Hurricane#0|Wildfire#0|Flood#0
19 | C,All Other Perils#2.2|Windstorm Or Hail#2.2|Earthquake#0|Hurricane#0|Wildfire#0|Flood#0
20 | C,All Other Perils#1|Windstorm Or Hail#1|Earthquake#0|Hurricane#0|Wildfire#0|Flood#0
21 | C,All Other Perils#2.15|Windstorm Or Hail#2.15|Earthquake#1|Hurricane#0|Wildfire#0|Flood#0
22 | C,All Other Perils#1|Windstorm Or Hail#1|Earthquake#0|Hurricane#0|Wildfire#0|Flood#0
23 | C,All Other Perils#2.2|Windstorm Or Hail#2.2|Earthquake#0|Hurricane#0|Wildfire#0|Flood#0
24 | C,All Other Perils#0.99|Windstorm Or Hail#0.99|Earthquake#0|Hurricane#0|Wildfire#0|Flood#0
25 | C,All Other Perils#2.2|Windstorm Or Hail#2.2|Earthquake#0|Hurricane#0|Wildfire#0|Flood#0
26 | C,All Other Perils#0.99|Windstorm Or Hail#0.99|Earthquake#0|Hurricane#0|Wildfire#0|Flood#0
27 | C,All Other Perils#1|Windstorm Or Hail#1|Earthquake#0|Hurricane#0|Wildfire#0|Flood#0
28 | C,All Other Perils#0.97|Windstorm Or Hail#0.97|Earthquake#0|Hurricane#0|Wildfire#0|Flood#0
29 | C,All Other Perils#0.99|Windstorm Or Hail#0.99|Earthquake#0|Hurricane#0|Wildfire#0|Flood#0
30 | C,All Other Perils#0.99|Windstorm Or Hail#0.99|Earthquake#0|Hurricane#0|Wildfire#0|Flood#0
31 | C,All Other Perils#0.99|Windstorm Or Hail#0.99|Earthquake#0|Hurricane#0|Wildfire#0|Flood#0
32 | C,All Other Perils#2.15|Windstorm Or Hail#2.15|Earthquake#0|Hurricane#0|Wildfire#0|Flood#0
33 | C,All Other Perils#0.99|Windstorm Or Hail#0.99|Earthquake#0|Hurricane#0|Wildfire#0|Flood#0
21 | D,All Other Perils#0|Windstorm Or Hail#0|Earthquake#1|Hurricane#0|Wildfire#0|Flood#0
