key,value
0.1 | A,All Other Perils#-0.144|Windstorm Or Hail#-0.144|Earthquake#0|Hurricane#0|Wildfire#0|Flood#0
0.25 | A,All Other Perils#-0.105|Windstorm Or Hail#-0.105|Earthquake#0|Hurricane#0|Wildfire#0|Flood#0
0.5 | A,All Other Perils#-0.04|Windstorm Or Hail#-0.04|Earthquake#0|Hurricane#0|Wildfire#0|Flood#0
1 | A,All Other Perils#0|Windstorm Or Hail#0|Earthquake#0|Hurricane#0|Wildfire#0|Flood#0
0.1 | B,All Other Perils#-0.144|Windstorm Or Hail#-0.144|Earthquake#0|Hurricane#0|Wildfire#0|Flood#0
0.25 | B,All Other Perils#-0.105|Windstorm Or Hail#-0.105|Earthquake#0|Hurricane#0|Wildfire#0|Flood#0
0.5 | B,All Other Perils#-0.04|Windstorm Or Hail#-0.04|Earthquake#0|Hurricane#0|Wildfire#0|Flood#0
1 | B,All Other Perils#0|Windstorm Or Hail#0|Earthquake#0|Hurricane#0|Wildfire#0|Flood#0
0.1 | C,All Other Perils#-0.144|Windstorm Or Hail#-0.144|Earthquake#0|Hurricane#0|Wildfire#0|Flood#0
0.25 | C,All Other Perils#-0.105|Windstorm Or Hail#-0.105|Earthquake#0|Hurricane#0|Wildfire#0|Flood#0
0.5 | C,All Other Perils#-0.04|Windstorm Or Hail#-0.04|Earthquake#0|Hurricane#0|Wildfire#0|Flood#0
1 | C,All Other Perils#0|Windstorm Or Hail#0|Earthquake#0|Hurricane#0|Wildfire#0|Flood#0
