key,value
Non-Tenant | 0 | A,All Other Perils#0.57|Windstorm Or Hail#0.57|Earthquake#1|Hurricane#0|Wildfire#0|Flood#0
Non-Tenant | 1 | A,All Other Perils#0.6|Windstorm Or Hail#0.6|Earthquake#1|Hurricane#0|Wildfire#0|Flood#0
Non-Tenant | 2 | A,All Other Perils#0.64|Windstorm Or Hail#0.64|Earthquake#1|Hurricane#0|Wildfire#0|Flood#0
Non-Tenant | 3 | A,All Other Perils#0.68|Windstorm Or Hail#0.68|Earthquake#1|Hurricane#0|Wildfire#0|Flood#0
Non-Tenant | 4 | A,All Other Perils#0.72|Windstorm Or Hail#0.72|Earthquake#1|Hurricane#0|Wildfire#0|Flood#0
Non-Tenant | 5 | A,All Other Perils#0.76|Windstorm Or Hail#0.76|Earthquake#1|Hurricane#0|Wildfire#0|Flood#0
Non-Tenant | 6 | A,All Other Perils#0.8|Windstorm Or Hail#0.8|Earthquake#1|Hurricane#0|Wildfire#0|Flood#0
Non-Tenant | 7 | A,All Other Perils#0.85|Windstorm Or Hail#0.85|Earthquake#1|Hurricane#0|Wildfire#0|Flood#0
Non-Tenant | 8 | A,All Other Perils#0.875|Windstorm Or Hail#0.875|Earthquake#1|Hurricane#0|Wildfire#0|Flood#0
Non-Tenant | 9 | A,All Other Perils#0.9|Windstorm Or Hail#0.9|Earthquake#1|Hurricane#0|Wildfire#0|Flood#0
Non-Tenant | 10 | A,All Other Perils#0.925|Windstorm Or Hail#0.925|Earthquake#1|Hurricane#0|Wildfire#0|Flood#0
Non-Tenant | 11 | A,All Other Perils#0.95|Windstorm Or Hail#0.95|Earthquake#1|Hurricane#0|Wildfire#0|Flood#0
Non-Tenant | 12 | A,All Other Perils#0.9667|Windstorm Or Hail#0.9667|Earthquake#1|Hurricane#0|Wildfire#0|Flood#0
Non-Tenant | 13 | A,All Other Perils#0.9833|Windstorm Or Hail#0.9833|Earthquake#1|Hurricane#0|Wildfire#0|Flood#0
Non-Tenant | 14 | A,All Other Perils#1|Windstorm Or Hail#1|Earthquake#1|Hurricane#0|Wildfire#0|Flood#0
Non-Tenant | 15 | A,All Other Perils#1.0133|Windstorm Or Hail#1.0133|Earthquake#1|Hurricane#0|Wildfire#0|Flood#0
Non-Tenant | 16 | A,All Other Perils#1.0267|Windstorm Or Hail#1.0267|Earthquake#1|Hurricane#0|Wildfire#0|Flood#0
Non-Tenant | 17 | A,All Other Perils#1.04|Windstorm Or Hail#1.04|Earthquake#1|Hurricane#0|Wildfire#0|Flood#0
Non-Tenant | 18 | A,All Other Perils#1.0533|Windstorm Or Hail#1.0533|Earthquake#1|Hurricane#0|Wildfire#0|Flood#0
Non-Tenant | 19 | A,All Other Perils#1.0667|Windstorm Or Hail#1.0667|Earthquake#1|Hurricane#0|Wildfire#0|Flood#0
Non-Tenant | 20 | A,All Other Perils#1.08|Windstorm Or Hail#1.08|Earthquake#1|Hurricane#0|Wildfire#0|Flood#0
Non-Tenant | 21 | A,All Other Perils#1.094|Windstorm Or Hail#1.094|Earthquake#1|Hurricane#0|Wildfire#0|Flood#0
Non-Tenant | 22 | A,All Other Perils#1.108|Windstorm Or Hail#1.108|Earthquake#1|Hurricane#0|Wildfire#0|Flood#0
Non-Tenant | 23 | A,All Other Perils#1.122|Windstorm Or Hail#1.122|Earthquake#1|Hurricane#0|Wildfire#0|Flood#0
Non-Tenant | 24 | A,All Other Perils#1.136|Windstorm Or Hail#1.136|Earthquake#1|Hurricane#0|Wildfire#0|Flood#0
Non-Tenant | 25 | A,All Other Perils#1.15|Windstorm Or Hail#1.15|Earthquake#1|Hurricane#0|Wildfire#0|Flood#0
Non-Tenant | 26 | A,All Other Perils#1.164|Windstorm Or Hail#1.164|Earthquake#1|Hurricane#0|Wildfire#0|Flood#0
Non-Tenant | 27 | A,All Other Perils#1.178|Windstorm Or Hail#1.178|Earthquake#1|Hurricane#0|Wildfire#0|Flood#0
Non-Tenant | 28 | A,All Other Perils#1.192|Windstorm Or Hail#1.192|Earthquake#1|Hurricane#0|Wildfire#0|Flood#0
Non-Tenant | 29 | A,All Other Perils#1.206|Windstorm Or Hail#1.206|Earthquake#1|Hurricane#0|Wildfire#0|Flood#0
Non-Tenant | 30 | A,All Other Perils#1.22|Windstorm Or Hail#1.22|Earthquake#1|Hurricane#0|Wildfire#0|Flood#0
Non-Tenant | 31 | A,All Other Perils#1.234|Windstorm Or Hail#1.234|Earthquake#1|Hurricane#0|Wildfire#0|Flood#0
Non-Tenant | 32 | A,All Other Perils#1.248|Windstorm Or Hail#1.248|Earthquake#1|Hurricane#0|Wildfire#0|Flood#0
Non-Tenant | 33 | A,All Other Perils#1.262|Windstorm Or Hail#1.262|Earthquake#1|Hurricane#0|Wildfire#0|Flood#0
Non-Tenant | 34 | A,All Other Perils#1.276|Windstorm Or Hail#1.276|Earthquake#1|Hurricane#0|Wildfire#0|Flood#0
Non-Tenant | 35 | A,All Other Perils#1.29|Windstorm Or Hail#1.29|Earthquake#1|Hurricane#0|Wildfire#0|Flood#0
Non-Tenant | 36 | A,All Other Perils#1.304|Windstorm Or Hail#1.304|Earthquake#1|Hurricane#0|Wildfire#0|Flood#0
Non-Tenant | 37 | A,All Other Perils#1.318|Windstorm Or Hail#1.318|Earthquake#1|Hurricane#0|Wildfire#0|Flood#0
Non-Tenant | 38 | A,All Other Perils#1.332|Windstorm Or Hail#1.332|Earthquake#1|Hurricane#0|Wildfire#0|Flood#0
Non-Tenant | 39 | A,All Other Perils#1.346|Windstorm Or Hail#1.346|Earthquake#1|Hurricane#0|Wildfire#0|Flood#0
Non-Tenant | 40 | A,All Other Perils#1.36|Windstorm Or Hail#1.36|Earthquake#1|Hurricane#0|Wildfire#0|Flood#0
Non-Tenant | 41 | A,All Other Perils#1.376|Windstorm Or Hail#1.376|Earthquake#1|Hurricane#0|Wildfire#0|Flood#0
Non-Tenant | 42 | A,All Other Perils#1.392|Windstorm Or Hail#1.392|Earthquake#1|Hurricane#0|Wildfire#0|Flood#0
Non-Tenant | 43 | A,All Other Perils#1.408|Windstorm Or Hail#1.408|Earthquake#1|Hurricane#0|Wildfire#0|Flood#0
Non-Tenant | 44 | A,All Other Perils#1.424|Windstorm Or Hail#1.424|Earthquake#1|Hurricane#0|Wildfire#0|Flood#0
Non-Tenant | 45 | A,All Other Perils#1.44|Windstorm Or Hail#1.44|Earthquake#1|Hurricane#0|Wildfire#0|Flood#0
Non-Tenant | 46 | A,All Other Perils#1.458|Windstorm Or Hail#1.458|Earthquake#1|Hurricane#0|Wildfire#0|Flood#0
Non-Tenant | 47 | A,All Other Perils#1.476|Windstorm Or Hail#1.476|Earthquake#1|Hurricane#0|Wildfire#0|Flood#0
Non-Tenant | 48 | A,All Other Perils#1.494|Windstorm Or Hail#1.494|Earthquake#1|Hurricane#0|Wildfire#0|Flood#0
Non-Tenant | 49 | A,All Other Perils#1.512|Windstorm Or Hail#1.512|Earthquake#1|Hurricane#0|Wildfire#0|Flood#0
Non-Tenant | 50 | A,All Other Perils#1.53|Windstorm Or Hail#1.53|Earthquake#1|Hurricane#0|Wildfire#0|Flood#0
Non-Tenant | 0 | B,All Other Perils#1|Windstorm Or Hail#1|Earthquake#1|Hurricane#0|Wildfire#0|Flood#0
Non-Tenant | 1 | B,All Other Perils#1|Windstorm Or Hail#1|Earthquake#1|Hurricane#0|Wildfire#0|Flood#0
Non-Tenant | 2 | B,All Other Perils#1|Windstorm Or Hail#1|Earthquake#1|Hurricane#0|Wildfire#0|Flood#0
Non-Tenant | 3 | B,All Other Perils#1|Windstorm Or Hail#1|Earthquake#1|Hurricane#0|Wildfire#0|Flood#0
Non-Tenant | 4 | B,All Other Perils#1|Windstorm Or Hail#1|Earthquake#1|Hurricane#0|Wildfire#0|Flood#0
Non-Tenant | 5 | B,All Other Perils#1|Windstorm Or Hail#1|Earthquake#1|Hurricane#0|Wildfire#0|Flood#0
Non-Tenant | 6 | B,All Other Perils#1|Windstorm Or Hail#1|Earthquake#1|Hurricane#0|Wildfire#0|Flood#0
Non-Tenant | 7 | B,All Other Perils#1|Windstorm Or Hail#1|Earthquake#1|Hurricane#0|Wildfire#0|Flood#0
Non-Tenant | 8 | B,All Other Perils#1|Windstorm Or Hail#1|Earthquake#1|Hurricane#0|Wildfire#0|Flood#0
Non-Tenant | 9 | B,All Other Perils#1|Windstorm Or Hail#1|Earthquake#1|Hurricane#0|Wildfire#0|Flood#0
Non-Tenant | 10 | B,All Other Perils#1|Windstorm Or Hail#1|Earthquake#1|Hurricane#0|Wildfire#0|Flood#0
Non-Tenant | 11 | B,All Other Perils#1|Windstorm Or Hail#1|Earthquake#1|Hurricane#0|Wildfire#0|Flood#0
Non-Tenant | 12 | B,All Other Perils#1|Windstorm Or Hail#1|Earthquake#1|Hurricane#0|Wildfire#0|Flood#0
Non-Tenant | 13 | B,All Other Perils#1|Windstorm Or Hail#1|Earthquake#1|Hurricane#0|Wildfire#0|Flood#0
Non-Tenant | 14 | B,All Other Perils#1|Windstorm Or Hail#1|Earthquake#1|Hurricane#0|Wildfire#0|Flood#0
Non-Tenant | 15 | B,All Other Perils#1|Windstorm Or Hail#1|Earthquake#1|Hurricane#0|Wildfire#0|Flood#0
Non-Tenant | 16 | B,All Other Perils#1|Windstorm Or Hail#1|Earthquake#1|Hurricane#0|Wildfire#0|Flood#0
Non-Tenant | 17 | B,All Other Perils#1|Windstorm Or Hail#1|Earthquake#1|Hurricane#0|Wildfire#0|Flood#0
Non-Tenant | 18 | B,All Other Perils#1|Windstorm Or Hail#1|Earthquake#1|Hurricane#0|Wildfire#0|Flood#0
Non-Tenant | 19 | B,All Other Perils#1|Windstorm Or Hail#1|Earthquake#1|Hurricane#0|Wildfire#0|Flood#0
Non-Tenant | 20 | B,All Other Perils#1|Windstorm Or Hail#1|Earthquake#1|Hurricane#0|Wildfire#0|Flood#0
Non-Tenant | 21 | B,All Other Perils#1|Windstorm Or Hail#1|Earthquake#1|Hurricane#0|Wildfire#0|Flood#0
Non-Tenant | 22 | B,All Other Perils#1|Windstorm Or Hail#1|Earthquake#1|Hurricane#0|Wildfire#0|Flood#0
Non-Tenant | 23 | B,All Other Perils#1|Windstorm Or Hail#1|Earthquake#1|Hurricane#0|Wildfire#0|Flood#0
Non-Tenant | 24 | B,All Other Perils#1|Windstorm Or Hail#1|Earthquake#1|Hurricane#0|Wildfire#0|Flood#0
Non-Tenant | 25 | B,All Other Perils#1|Windstorm Or Hail#1|Earthquake#1|Hurricane#0|Wildfire#0|Flood#0
Non-Tenant | 26 | B,All Other Perils#1|Windstorm Or Hail#1|Earthquake#1|Hurricane#0|Wildfire#0|Flood#0
Non-Tenant | 27 | B,All Other Perils#1|Windstorm Or Hail#1|Earthquake#1|Hurricane#0|Wildfire#0|Flood#0
Non-Tenant | 28 | B,All Other Perils#1|Windstorm Or Hail#1|Earthquake#1|Hurricane#0|Wildfire#0|Flood#0
Non-Tenant | 29 | B,All Other Perils#1|Windstorm Or Hail#1|Earthquake#1|Hurricane#0|Wildfire#0|Flood#0
Non-Tenant | 30 | B,All Other Perils#1|Windstorm Or Hail#1|Earthquake#1|Hurricane#0|Wildfire#0|Flood#0
Non-Tenant | 31 | B,All Other Perils#1|Windstorm Or Hail#1|Earthquake#1|Hurricane#0|Wildfire#0|Flood#0
Non-Tenant | 32 | B,All Other Perils#1|Windstorm Or Hail#1|Earthquake#1|Hurricane#0|Wildfire#0|Flood#0
Non-Tenant | 33 | B,All Other Perils#1|Windstorm Or Hail#1|Earthquake#1|Hurricane#0|Wildfire#0|Flood#0
Non-Tenant | 34 | B,All Other Perils#1|Windstorm Or Hail#1|Earthquake#1|Hurricane#0|Wildfire#0|Flood#0
Non-Tenant | 35 | B,All Other Perils#1|Windstorm Or Hail#1|Earthquake#1|Hurricane#0|Wildfire#0|Flood#0
Non-Tenant | 36 | B,All Other Perils#1|Windstorm Or Hail#1|Earthquake#1|Hurricane#0|Wildfire#0|Flood#0
Non-Tenant | 37 | B,All Other Perils#1|Windstorm Or Hail#1|Earthquake#1|Hurricane#0|Wildfire#0|Flood#0
Non-Tenant | 38 | B,All Other Perils#1|Windstorm Or Hail#1|Earthquake#1|Hurricane#0|Wildfire#0|Flood#0
Non-Tenant | 39 | B,All Other Perils#1|Windstorm Or Hail#1|Earthquake#1|Hurricane#0|Wildfire#0|Flood#0
Non-Tenant | 40 | B,All Other Perils#1|Windstorm Or Hail#1|Earthquake#1|Hurricane#0|Wildfire#0|Flood#0
Non-Tenant | 41 | B,All Other Perils#1|Windstorm Or Hail#1|Earthquake#1|Hurricane#0|Wildfire#0|Flood#0
Non-Tenant | 42 | B,All Other Perils#1|Windstorm Or Hail#1|Earthquake#1|Hurricane#0|Wildfire#0|Flood#0
Non-Tenant | 43 | B,All Other Perils#1|Windstorm Or Hail#1|Earthquake#1|Hurricane#0|Wildfire#0|Flood#0
Non-Tenant | 44 | B,All Other Perils#1|Windstorm Or Hail#1|Earthquake#1|Hurricane#0|Wildfire#0|Flood#0
Non-Tenant | 45 | B,All Other Perils#1|Windstorm Or Hail#1|Earthquake#1|Hurricane#0|Wildfire#0|Flood#0
Non-Tenant | 46 | B,All Other Perils#1|Windstorm Or Hail#1|Earthquake#1|Hurricane#0|Wildfire#0|Flood#0
Non-Tenant | 47 | B,All Other Perils#1|Windstorm Or Hail#1|Earthquake#1|Hurricane#0|Wildfire#0|Flood#0
Non-Tenant | 48 | B,All Other Perils#1|Windstorm Or Hail#1|Earthquake#1|Hurricane#0|Wildfire#0|Flood#0
Non-Tenant | 49 | B,All Other Perils#1|Windstorm Or Hail#1|Earthquake#1|Hurricane#0|Wildfire#0|Flood#0
Non-Tenant | 50 | B,All Other Perils#1|Windstorm Or Hail#1|Earthquake#1|Hurricane#0|Wildfire#0|Flood#0
Non-Tenant | 0 | C,All Other Perils#1|Windstorm Or Hail#1|Earthquake#1|Hurricane#0|Wildfire#0|Flood#0
Non-Tenant | 1 | C,All Other Perils#1|Windstorm Or Hail#1|Earthquake#1|Hurricane#0|Wildfire#0|Flood#0
Non-Tenant | 2 | C,All Other Perils#1|Windstorm Or Hail#1|Earthquake#1|Hurricane#0|Wildfire#0|Flood#0
Non-Tenant | 3 | C,All Other Perils#1|Windstorm Or Hail#1|Earthquake#1|Hurricane#0|Wildfire#0|Flood#0
Non-Tenant | 4 | C,All Other Perils#1|Windstorm Or Hail#1|Earthquake#1|Hurricane#0|Wildfire#0|Flood#0
Non-Tenant | 5 | C,All Other Perils#1|Windstorm Or Hail#1|Earthquake#1|Hurricane#0|Wildfire#0|Flood#0
Non-Tenant | 6 | C,All Other Perils#1|Windstorm Or Hail#1|Earthquake#1|Hurricane#0|Wildfire#0|Flood#0
Non-Tenant | 7 | C,All Other Perils#1|Windstorm Or Hail#1|Earthquake#1|Hurricane#0|Wildfire#0|Flood#0
Non-Tenant | 8 | C,All Other Perils#1|Windstorm Or Hail#1|Earthquake#1|Hurricane#0|Wildfire#0|Flood#0
Non-Tenant | 9 | C,All Other Perils#1|Windstorm Or Hail#1|Earthquake#1|Hurricane#0|Wildfire#0|Flood#0
Non-Tenant | 10 | C,All Other Perils#1|Windstorm Or Hail#1|Earthquake#1|Hurricane#0|Wildfire#0|Flood#0
Non-Tenant | 11 | C,All Other Perils#1|Windstorm Or Hail#1|Earthquake#1|Hurricane#0|Wildfire#0|Flood#0
Non-Tenant | 12 | C,All Other Perils#1|Windstorm Or Hail#1|Earthquake#1|Hurricane#0|Wildfire#0|Flood#0
Non-Tenant | 13 | C,All Other Perils#1|Windstorm Or Hail#1|Earthquake#1|Hurricane#0|Wildfire#0|Flood#0
Non-Tenant | 14 | C,All Other Perils#1|Windstorm Or Hail#1|Earthquake#1|Hurricane#0|Wildfire#0|Flood#0
Non-Tenant | 15 | C,All Other Perils#1|Windstorm Or Hail#1|Earthquake#1|Hurricane#0|Wildfire#0|Flood#0
Non-Tenant | 16 | C,All Other Perils#1|Windstorm Or Hail#1|Earthquake#1|Hurricane#0|Wildfire#0|Flood#0
Non-Tenant | 17 | C,All Other Perils#1|Windstorm Or Hail#1|Earthquake#1|Hurricane#0|Wildfire#0|Flood#0
Non-Tenant | 18 | C,All Other Perils#1|Windstorm Or Hail#1|Earthquake#1|Hurricane#0|Wildfire#0|Flood#0
Non-Tenant | 19 | C,All Other Perils#1|Windstorm Or Hail#1|Earthquake#1|Hurricane#0|Wildfire#0|Flood#0
Non-Tenant | 20 | C,All Other Perils#1|Windstorm Or Hail#1|Earthquake#1|Hurricane#0|Wildfire#0|Flood#0
Non-Tenant | 21 | C,All Other Perils#1|Windstorm Or Hail#1|Earthquake#1|Hurricane#0|Wildfire#0|Flood#0
Non-Tenant | 22 | C,All Other Perils#1|Windstorm Or Hail#1|Earthquake#1|Hurricane#0|Wildfire#0|Flood#0
Non-Tenant | 23 | C,All Other Perils#1|Windstorm Or Hail#1|Earthquake#1|Hurricane#0|Wildfire#0|Flood#0
Non-Tenant | 24 | C,All Other Perils#1|Windstorm Or Hail#1|Earthquake#1|Hurricane#0|Wildfire#0|Flood#0
Non-Tenant | 25 | C,All Other Perils#1|Windstorm Or Hail#1|Earthquake#1|Hurricane#0|Wildfire#0|Flood#0
Non-Tenant | 26 | C,All Other Perils#1|Windstorm Or Hail#1|Earthquake#1|Hurricane#0|Wildfire#0|Flood#0
Non-Tenant | 27 | C,All Other Perils#1|Windstorm Or Hail#1|Earthquake#1|Hurricane#0|Wildfire#0|Flood#0
Non-Tenant | 28 | C,All Other Perils#1|Windstorm Or Hail#1|Earthquake#1|Hurricane#0|Wildfire#0|Flood#0
Non-Tenant | 29 | C,All Other Perils#1|Windstorm Or Hail#1|Earthquake#1|Hurricane#0|Wildfire#0|Flood#0
Non-Tenant | 30 | C,All Other Perils#1|Windstorm Or Hail#1|Earthquake#1|Hurricane#0|Wildfire#0|Flood#0
Non-Tenant | 31 | C,All Other Perils#1|Windstorm Or Hail#1|Earthquake#1|Hurricane#0|Wildfire#0|Flood#0
Non-Tenant | 32 | C,All Other Perils#1|Windstorm Or Hail#1|Earthquake#1|Hurricane#0|Wildfire#0|Flood#0
Non-Tenant | 33 | C,All Other Perils#1|Windstorm Or Hail#1|Earthquake#1|Hurricane#0|Wildfire#0|Flood#0
Non-Tenant | 34 | C,All Other Perils#1|Windstorm Or Hail#1|Earthquake#1|Hurricane#0|Wildfire#0|Flood#0
Non-Tenant | 35 | C,All Other Perils#1|Windstorm Or Hail#1|Earthquake#1|Hurricane#0|Wildfire#0|Flood#0
Non-Tenant | 36 | C,All Other Perils#1|Windstorm Or Hail#1|Earthquake#1|Hurricane#0|Wildfire#0|Flood#0
Non-Tenant | 37 | C,All Other Perils#1|Windstorm Or Hail#1|Earthquake#1|Hurricane#0|Wildfire#0|Flood#0
Non-Tenant | 38 | C,All Other Perils#1|Windstorm Or Hail#1|Earthquake#1|Hurricane#0|Wildfire#0|Flood#0
Non-Tenant | 39 | C,All Other Perils#1|Windstorm Or Hail#1|Earthquake#1|Hurricane#0|Wildfire#0|Flood#0
Non-Tenant | 40 | C,All Other Perils#1|Windstorm Or Hail#1|Earthquake#1|Hurricane#0|Wildfire#0|Flood#0
Non-Tenant | 41 | C,All Other Perils#1|Windstorm Or Hail#1|Earthquake#1|Hurricane#0|Wildfire#0|Flood#0
Non-Tenant | 42 | C,All Other Perils#1|Windstorm Or Hail#1|Earthquake#1|Hurricane#0|Wildfire#0|Flood#0
Non-Tenant | 43 | C,All Other Perils#1|Windstorm Or Hail#1|Earthquake#1|Hurricane#0|Wildfire#0|Flood#0
Non-Tenant | 44 | C,All Other Perils#1|Windstorm Or Hail#1|Earthquake#1|Hurricane#0|Wildfire#0|Flood#0
Non-Tenant | 45 | C,All Other Perils#1|Windstorm Or Hail#1|Earthquake#1|Hurricane#0|Wildfire#0|Flood#0
Non-Tenant | 46 | C,All Other Perils#1|Windstorm Or Hail#1|Earthquake#1|Hurricane#0|Wildfire#0|Flood#0
Non-Tenant | 47 | C,All Other Perils#1|Windstorm Or Hail#1|Earthquake#1|Hurricane#0|Wildfire#0|Flood#0
Non-Tenant | 48 | C,All Other Perils#1|Windstorm Or Hail#1|Earthquake#1|Hurricane#0|Wildfire#0|Flood#0
Non-Tenant | 49 | C,All Other Perils#1|Windstorm Or Hail#1|Earthquake#1|Hurricane#0|Wildfire#0|Flood#0
Non-Tenant | 50 | C,All Other Perils#1|Windstorm Or Hail#1|Earthquake#1|Hurricane#0|Wildfire#0|Flood#0
Tenant | 0 | C,All Other Perils#1|Windstorm Or Hail#1|Earthquake#1|Hurricane#0|Wildfire#0|Flood#0