key,value
18 | A,All Other Perils#1.05|Windstorm Or Hail#1.05|Earthquake#0|Hurricane#0|Wildfire#0|Flood#0
23 | A,All Other Perils#1.03|Windstorm Or Hail#1.03|Earthquake#0|Hurricane#0|Wildfire#0|Flood#0
28 | A,All Other Perils#1.03|Windstorm Or Hail#1.03|Earthquake#0|Hurricane#0|Wildfire#0|Flood#0
35 | A,All Other Perils#1.02|Windstorm Or Hail#1.02|Earthquake#0|Hurricane#0|Wildfire#0|Flood#0
45 | A,All Other Perils#1|Windstorm Or Hail#1|Earthquake#0|Hurricane#0|Wildfire#0|Flood#0
50 | A,All Other Perils#0.985|Windstorm Or Hail#0.985|Earthquake#0|Hurricane#0|Wildfire#0|Flood#0
55 | A,All Other Perils#0.97|Windstorm Or Hail#0.97|Earthquake#0|Hurricane#0|Wildfire#0|Flood#0
60 | A,All Other Perils#0.96|Windstorm Or Hail#0.96|Earthquake#0|Hurricane#0|Wildfire#0|Flood#0
65 | A,All Other Perils#0.95|Windstorm Or Hail#0.95|Earthquake#0|Hurricane#0|Wildfire#0|Flood#0
75 | A,All Other Perils#0.95|Windstorm Or Hail#0.95|Earthquake#0|Hurricane#0|Wildfire#0|Flood#0
85 | A,All Other Perils#0.95|Windstorm Or Hail#0.95|Earthquake#0|Hurricane#0|Wildfire#0|Flood#0
18 | B,All Other Perils#1.05|Windstorm Or Hail#1.05|Earthquake#0|Hurricane#0|Wildfire#0|Flood#0
23 | B,All Other Perils#1.03|Windstorm Or Hail#1.03|Earthquake#0|Hurricane#0|Wildfire#0|Flood#0
28 | B,All Other Perils#1.03|Windstorm Or Hail#1.03|Earthquake#0|Hurricane#0|Wildfire#0|Flood#0
35 | B,All Other Perils#1.02|Windstorm Or Hail#1.02|Earthquake#0|Hurricane#0|Wildfire#0|Flood#0
45 | B,All Other Perils#1|Windstorm Or Hail#1|Earthquake#0|Hurricane#0|Wildfire#0|Flood#0
50 | B,All Other Perils#0.985|Windstorm Or Hail#0.985|Earthquake#0|Hurricane#0|Wildfire#0|Flood#0
55 | B,All Other Perils#0.97|Windstorm Or Hail#0.97|Earthquake#0|Hurricane#0|Wildfire#0|Flood#0
60 | B,All Other Perils#0.96|Windstorm Or Hail#0.96|Earthquake#0|Hurricane#0|Wildfire#0|Flood#0
65 | B,All Other Perils#0.95|Windstorm Or Hail#0.95|Earthquake#0|Hurricane#0|Wildfire#0|Flood#0
75 | B,All Other Perils#0.95|Windstorm Or Hail#0.95|Earthquake#0|Hurricane#0|Wildfire#0|Flood#0
85 | B,All Other Perils#0.95|Windstorm Or Hail#0.95|Earthquake#0|Hurricane#0|Wildfire#0|Flood#0
18 | C,All Other Perils#1.05|Windstorm Or Hail#1.05|Earthquake#0|Hurricane#0|Wildfire#0|Flood#0
23 | C,All Other Perils#1.03|Windstorm Or Hail#1.03|Earthquake#0|Hurricane#0|Wildfire#0|Flood#0
28 | C,All Other Perils#1.03|Windstorm Or Hail#1.03|Earthquake#0|Hurricane#0|Wildfire#0|Flood#0
35 | C,All Other Perils#1.02|Windstorm Or Hail#1.02|Earthquake#0|Hurricane#0|Wildfire#0|Flood#0
45 | C,All Other Perils#1|Windstorm Or Hail#1|Earthquake#0|Hurricane#0|Wildfire#0|Flood#0
50 | C,All Other Perils#0.985|Windstorm Or Hail#0.985|Earthquake#0|Hurricane#0|Wildfire#0|Flood#0
55 | C,All Other Perils#0.97|Windstorm Or Hail#0.97|Earthquake#0|Hurricane#0|Wildfire#0|Flood#0
60 | C,All Other Perils#0.96|Windstorm Or Hail#0.96|Earthquake#0|Hurricane#0|Wildfire#0|Flood#0
65 | C,All Other Perils#0.95|Windstorm Or Hail#0.95|Earthquake#0|Hurricane#0|Wildfire#0|Flood#0
75 | C,All Other Perils#0.95|Windstorm Or Hail#0.95|Earthquake#0|Hurricane#0|Wildfire#0|Flood#0
85 | C,All Other Perils#0.95|Windstorm Or Hail#0.95|Earthquake#0|Hurricane#0|Wildfire#0|Flood#0