key,value
Owner | 1 | A,All Other Perils#2.25|Windstorm Or Hail#2.25|Earthquake#0|Hurricane#1|Wildfire#0|Flood#0
Owner | 391 | A,All Other Perils#1.97|Windstorm Or Hail#1.97|Earthquake#0|Hurricane#1|Wildfire#0|Flood#0
Owner | 431 | A,All Other Perils#1.82|Windstorm Or Hail#1.82|Earthquake#0|Hurricane#1|Wildfire#0|Flood#0
Owner | 451 | A,All Other Perils#1.73|Windstorm Or Hail#1.73|Earthquake#0|Hurricane#1|Wildfire#0|Flood#0
Owner | 466 | A,All Other Perils#1.65|Windstorm Or Hail#1.65|Earthquake#0|Hurricane#1|Wildfire#0|Flood#0
Owner | 481 | A,All Other Perils#1.58|Windstorm Or Hail#1.58|Earthquake#0|Hurricane#1|Wildfire#0|Flood#0
Owner | 496 | A,All Other Perils#1.51|Windstorm Or Hail#1.51|Earthquake#0|Hurricane#1|Wildfire#0|Flood#0
Owner | 511 | A,All Other Perils#1.45|Windstorm Or Hail#1.45|Earthquake#0|Hurricane#1|Wildfire#0|Flood#0
Owner | 521 | A,All Other Perils#1.39|Windstorm Or Hail#1.39|Earthquake#0|Hurricane#1|Wildfire#0|Flood#0
Owner | 531 | A,All Other Perils#1.33|Windstorm Or Hail#1.33|Earthquake#0|Hurricane#1|Wildfire#0|Flood#0
Owner | 541 | A,All Other Perils#1.28|Windstorm Or Hail#1.28|Earthquake#0|Hurricane#1|Wildfire#0|Flood#0
Owner | 551 | A,All Other Perils#1.24|Windstorm Or Hail#1.24|Earthquake#0|Hurricane#1|Wildfire#0|Flood#0
Owner | 561 | A,All Other Perils#1.2|Windstorm Or Hail#1.2|Earthquake#0|Hurricane#1|Wildfire#0|Flood#0
Owner | 571 | A,All Other Perils#1.16|Windstorm Or Hail#1.16|Earthquake#0|Hurricane#1|Wildfire#0|Flood#0
Owner | 581 | A,All Other Perils#1.13|Windstorm Or Hail#1.13|Earthquake#0|Hurricane#1|Wildfire#0|Flood#0
Owner | 591 | A,All Other Perils#1.1|Windstorm Or Hail#1.1|Earthquake#0|Hurricane#1|Wildfire#0|Flood#0
Owner | 601 | A,All Other Perils#1.06|Windstorm Or Hail#1.06|Earthquake#0|Hurricane#1|Wildfire#0|Flood#0
Owner | 611 | A,All Other Perils#1.03|Windstorm Or Hail#1.03|Earthquake#0|Hurricane#1|Wildfire#0|Flood#0
Owner | 621 | A,All Other Perils#1|Windstorm Or Hail#1|Earthquake#0|Hurricane#1|Wildfire#0|Flood#0
Owner | 631 | A,All Other Perils#0.98|Windstorm Or Hail#0.98|Earthquake#0|Hurricane#1|Wildfire#0|Flood#0
Owner | 641 | A,All Other Perils#0.95|Windstorm Or Hail#0.95|Earthquake#0|Hurricane#1|Wildfire#0|Flood#0
Owner | 651 | A,All Other Perils#0.93|Windstorm Or Hail#0.93|Earthquake#0|Hurricane#1|Wildfire#0|Flood#0
Owner | 661 | A,All Other Perils#0.91|Windstorm Or Hail#0.91|Earthquake#0|Hurricane#1|Wildfire#0|Flood#0
Owner | 671 | A,All Other Perils#0.89|Windstorm Or Hail#0.89|Earthquake#0|Hurricane#1|Wildfire#0|Flood#0
Owner | 681 | A,All Other Perils#0.87|Windstorm Or Hail#0.87|Earthquake#0|Hurricane#1|Wildfire#0|Flood#0
Owner | 691 | A,All Other Perils#0.85|Windstorm Or Hail#0.85|Earthquake#0|Hurricane#1|Wildfire#0|Flood#0
Owner | 701 | A,All Other Perils#0.84|Windstorm Or Hail#0.84|Earthquake#0|Hurricane#1|Wildfire#0|Flood#0
Owner | 711 | A,All Other Perils#0.82|Windstorm Or Hail#0.82|Earthquake#0|Hurricane#1|Wildfire#0|Flood#0
Owner | 721 | A,All Other Perils#0.8|Windstorm Or Hail#0.8|Earthquake#0|Hurricane#1|Wildfire#0|Flood#0
Owner | 731 | A,All Other Perils#0.78|Windstorm Or Hail#0.78|Earthquake#0|Hurricane#1|Wildfire#0|Flood#0
Owner | 741 | A,All Other Perils#0.77|Windstorm Or Hail#0.77|Earthquake#0|Hurricane#1|Wildfire#0|Flood#0
Owner | 751 | A,All Other Perils#0.75|Windstorm Or Hail#0.75|Earthquake#0|Hurricane#1|Wildfire#0|Flood#0
Owner | 766 | A,All Other Perils#0.73|Windstorm Or Hail#0.73|Earthquake#0|Hurricane#1|Wildfire#0|Flood#0
Owner | 781 | A,All Other Perils#0.7|Windstorm Or Hail#0.7|Earthquake#0|Hurricane#1|Wildfire#0|Flood#0
Owner | 796 | A,All Other Perils#0.68|Windstorm Or Hail#0.68|Earthquake#0|Hurricane#1|Wildfire#0|Flood#0
Owner | 811 | A,All Other Perils#0.66|Windstorm Or Hail#0.66|Earthquake#0|Hurricane#1|Wildfire#0|Flood#0
Owner | 826 | A,All Other Perils#0.63|Windstorm Or Hail#0.63|Earthquake#0|Hurricane#1|Wildfire#0|Flood#0
Owner | 841 | A,All Other Perils#0.62|Windstorm Or Hail#0.62|Earthquake#0|Hurricane#1|Wildfire#0|Flood#0
Owner | 861 | A,All Other Perils#0.57|Windstorm Or Hail#0.57|Earthquake#0|Hurricane#1|Wildfire#0|Flood#0
Owner | 998 | A,All Other Perils#1|Windstorm Or Hail#1|Earthquake#0|Hurricane#1|Wildfire#0|Flood#0
Owner | 999 | A,All Other Perils#1|Windstorm Or Hail#1|Earthquake#0|Hurricane#1|Wildfire#0|Flood#0
Seasonal | 1 | A,All Other Perils#2.25|Windstorm Or Hail#2.25|Earthquake#0|Hurricane#1|Wildfire#0|Flood#0
Seasonal | 391 | A,All Other Perils#1.97|Windstorm Or Hail#1.97|Earthquake#0|Hurricane#1|Wildfire#0|Flood#0
Seasonal | 431 | A,All Other Perils#1.82|Windstorm Or Hail#1.82|Earthquake#0|Hurricane#1|Wildfire#0|Flood#0
Seasonal | 451 | A,All Other Perils#1.73|Windstorm Or Hail#1.73|Earthquake#0|Hurricane#1|Wildfire#0|Flood#0
Seasonal | 466 | A,All Other Perils#1.65|Windstorm Or Hail#1.65|Earthquake#0|Hurricane#1|Wildfire#0|Flood#0
Seasonal | 481 | A,All Other Perils#1.58|Windstorm Or Hail#1.58|Earthquake#0|Hurricane#1|Wildfire#0|Flood#0
Seasonal | 496 | A,All Other Perils#1.51|Windstorm Or Hail#1.51|Earthquake#0|Hurricane#1|Wildfire#0|Flood#0
Seasonal | 511 | A,All Other Perils#1.45|Windstorm Or Hail#1.45|Earthquake#0|Hurricane#1|Wildfire#0|Flood#0
Seasonal | 521 | A,All Other Perils#1.39|Windstorm Or Hail#1.39|Earthquake#0|Hurricane#1|Wildfire#0|Flood#0
Seasonal | 531 | A,All Other Perils#1.33|Windstorm Or Hail#1.33|Earthquake#0|Hurricane#1|Wildfire#0|Flood#0
Seasonal | 541 | A,All Other Perils#1.28|Windstorm Or Hail#1.28|Earthquake#0|Hurricane#1|Wildfire#0|Flood#0
Seasonal | 551 | A,All Other Perils#1.24|Windstorm Or Hail#1.24|Earthquake#0|Hurricane#1|Wildfire#0|Flood#0
Seasonal | 561 | A,All Other Perils#1.2|Windstorm Or Hail#1.2|Earthquake#0|Hurricane#1|Wildfire#0|Flood#0
Seasonal | 571 | A,All Other Perils#1.16|Windstorm Or Hail#1.16|Earthquake#0|Hurricane#1|Wildfire#0|Flood#0
Seasonal | 581 | A,All Other Perils#1.13|Windstorm Or Hail#1.13|Earthquake#0|Hurricane#1|Wildfire#0|Flood#0
Seasonal | 591 | A,All Other Perils#1.1|Windstorm Or Hail#1.1|Earthquake#0|Hurricane#1|Wildfire#0|Flood#0
Seasonal | 601 | A,All Other Perils#1.06|Windstorm Or Hail#1.06|Earthquake#0|Hurricane#1|Wildfire#0|Flood#0
Seasonal | 611 | A,All Other Perils#1.03|Windstorm Or Hail#1.03|Earthquake#0|Hurricane#1|Wildfire#0|Flood#0
Seasonal | 621 | A,All Other Perils#1|Windstorm Or Hail#1|Earthquake#0|Hurricane#1|Wildfire#0|Flood#0
Seasonal | 631 | A,All Other Perils#0.98|Windstorm Or Hail#0.98|Earthquake#0|Hurricane#1|Wildfire#0|Flood#0
Seasonal | 641 | A,All Other Perils#0.95|Windstorm Or Hail#0.95|Earthquake#0|Hurricane#1|Wildfire#0|Flood#0
Seasonal | 651 | A,All Other Perils#0.93|Windstorm Or Hail#0.93|Earthquake#0|Hurricane#1|Wildfire#0|Flood#0
Seasonal | 661 | A,All Other Perils#0.91|Windstorm Or Hail#0.91|Earthquake#0|Hurricane#1|Wildfire#0|Flood#0
Seasonal | 671 | A,All Other Perils#0.89|Windstorm Or Hail#0.89|Earthquake#0|Hurricane#1|Wildfire#0|Flood#0
Seasonal | 681 | A,All Other Perils#0.87|Windstorm Or Hail#0.87|Earthquake#0|Hurricane#1|Wildfire#0|Flood#0
Seasonal | 691 | A,All Other Perils#0.85|Windstorm Or Hail#0.85|Earthquake#0|Hurricane#1|Wildfire#0|Flood#0
Seasonal | 701 | A,All Other Perils#0.84|Windstorm Or Hail#0.84|Earthquake#0|Hurricane#1|Wildfire#0|Flood#0
Seasonal | 711 | A,All Other Perils#0.82|Windstorm Or Hail#0.82|Earthquake#0|Hurricane#1|Wildfire#0|Flood#0
Seasonal | 721 | A,All Other Perils#0.8|Windstorm Or Hail#0.8|Earthquake#0|Hurricane#1|Wildfire#0|Flood#0
Seasonal | 731 | A,All Other Perils#0.78|Windstorm Or Hail#0.78|Earthquake#0|Hurricane#1|Wildfire#0|Flood#0
Seasonal | 741 | A,All Other Perils#0.77|Windstorm Or Hail#0.77|Earthquake#0|Hurricane#1|Wildfire#0|Flood#0
Seasonal | 751 | A,All Other Perils#0.75|Windstorm Or Hail#0.75|Earthquake#0|Hurricane#1|Wildfire#0|Flood#0
Seasonal | 766 | A,All Other Perils#0.73|Windstorm Or Hail#0.73|Earthquake#0|Hurricane#1|Wildfire#0|Flood#0
Seasonal | 781 | A,All Other Perils#0.7|Windstorm Or Hail#0.7|Earthquake#0|Hurricane#1|Wildfire#0|Flood#0
Seasonal | 796 | A,All Other Perils#0.68|Windstorm Or Hail#0.68|Earthquake#0|Hurricane#1|Wildfire#0|Flood#0
Seasonal | 811 | A,All Other Perils#0.66|Windstorm Or Hail#0.66|Earthquake#0|Hurricane#1|Wildfire#0|Flood#0
Seasonal | 826 | A,All Other Perils#0.63|Windstorm Or Hail#0.63|Earthquake#0|Hurricane#1|Wildfire#0|Flood#0
Seasonal | 841 | A,All Other Perils#0.62|Windstorm Or Hail#0.62|Earthquake#0|Hurricane#1|Wildfire#0|Flood#0
Seasonal | 861 | A,All Other Perils#0.57|Windstorm Or Hail#0.57|Earthquake#0|Hurricane#1|Wildfire#0|Flood#0
Seasonal | 998 | A,All Other Perils#1|Windstorm Or Hail#1|Earthquake#0|Hurricane#1|Wildfire#0|Flood#0
Seasonal | 999 | A,All Other Perils#1|Windstorm Or Hail#1|Earthquake#0|Hurricane#1|Wildfire#0|Flood#0
Rental | 1 | A,All Other Perils#1.39|Windstorm Or Hail#1.39|Earthquake#0|Hurricane#1|Wildfire#0|Flood#0
Rental | 391 | A,All Other Perils#1.39|Windstorm Or Hail#1.39|Earthquake#0|Hurricane#1|Wildfire#0|Flood#0
Rental | 431 | A,All Other Perils#1.39|Windstorm Or Hail#1.39|Earthquake#0|Hurricane#1|Wildfire#0|Flood#0
Rental | 451 | A,All Other Perils#1.39|Windstorm Or Hail#1.39|Earthquake#0|Hurricane#1|Wildfire#0|Flood#0
Rental | 466 | A,All Other Perils#1.39|Windstorm Or Hail#1.39|Earthquake#0|Hurricane#1|Wildfire#0|Flood#0
Rental | 481 | A,All Other Perils#1.39|Windstorm Or Hail#1.39|Earthquake#0|Hurricane#1|Wildfire#0|Flood#0
Rental | 496 | A,All Other Perils#1.39|Windstorm Or Hail#1.39|Earthquake#0|Hurricane#1|Wildfire#0|Flood#0
Rental | 511 | A,All Other Perils#1.39|Windstorm Or Hail#1.39|Earthquake#0|Hurricane#1|Wildfire#0|Flood#0
Rental | 521 | A,All Other Perils#1.39|Windstorm Or Hail#1.39|Earthquake#0|Hurricane#1|Wildfire#0|Flood#0
Rental | 531 | A,All Other Perils#1.33|Windstorm Or Hail#1.33|Earthquake#0|Hurricane#1|Wildfire#0|Flood#0
Rental | 541 | A,All Other Perils#1.28|Windstorm Or Hail#1.28|Earthquake#0|Hurricane#1|Wildfire#0|Flood#0
Rental | 551 | A,All Other Perils#1.24|Windstorm Or Hail#1.24|Earthquake#0|Hurricane#1|Wildfire#0|Flood#0
Rental | 561 | A,All Other Perils#1.2|Windstorm Or Hail#1.2|Earthquake#0|Hurricane#1|Wildfire#0|Flood#0
Rental | 571 | A,All Other Perils#1.16|Windstorm Or Hail#1.16|Earthquake#0|Hurricane#1|Wildfire#0|Flood#0
Rental | 581 | A,All Other Perils#1.13|Windstorm Or Hail#1.13|Earthquake#0|Hurricane#1|Wildfire#0|Flood#0
Rental | 591 | A,All Other Perils#1.1|Windstorm Or Hail#1.1|Earthquake#0|Hurricane#1|Wildfire#0|Flood#0
Rental | 601 | A,All Other Perils#1.06|Windstorm Or Hail#1.06|Earthquake#0|Hurricane#1|Wildfire#0|Flood#0
Rental | 611 | A,All Other Perils#1.03|Windstorm Or Hail#1.03|Earthquake#0|Hurricane#1|Wildfire#0|Flood#0
Rental | 621 | A,All Other Perils#1|Windstorm Or Hail#1|Earthquake#0|Hurricane#1|Wildfire#0|Flood#0
Rental | 631 | A,All Other Perils#0.98|Windstorm Or Hail#0.98|Earthquake#0|Hurricane#1|Wildfire#0|Flood#0
Rental | 641 | A,All Other Perils#0.95|Windstorm Or Hail#0.95|Earthquake#0|Hurricane#1|Wildfire#0|Flood#0
Rental | 651 | A,All Other Perils#0.93|Windstorm Or Hail#0.93|Earthquake#0|Hurricane#1|Wildfire#0|Flood#0
Rental | 661 | A,All Other Perils#0.91|Windstorm Or Hail#0.91|Earthquake#0|Hurricane#1|Wildfire#0|Flood#0
Rental | 671 | A,All Other Perils#0.89|Windstorm Or Hail#0.89|Earthquake#0|Hurricane#1|Wildfire#0|Flood#0
Rental | 681 | A,All Other Perils#0.87|Windstorm Or Hail#0.87|Earthquake#0|Hurricane#1|Wildfire#0|Flood#0
Rental | 691 | A,All Other Perils#0.85|Windstorm Or Hail#0.85|Earthquake#0|Hurricane#1|Wildfire#0|Flood#0
Rental | 701 | A,All Other Perils#0.84|Windstorm Or Hail#0.84|Earthquake#0|Hurricane#1|Wildfire#0|Flood#0
Rental | 711 | A,All Other Perils#0.84|Windstorm Or Hail#0.84|Earthquake#0|Hurricane#1|Wildfire#0|Flood#0
Rental | 721 | A,All Other Perils#0.84|Windstorm Or Hail#0.84|Earthquake#0|Hurricane#1|Wildfire#0|Flood#0
Rental | 731 | A,All Other Perils#0.84|Windstorm Or Hail#0.84|Earthquake#0|Hurricane#1|Wildfire#0|Flood#0
Rental | 741 | A,All Other Perils#0.84|Windstorm Or Hail#0.84|Earthquake#0|Hurricane#1|Wildfire#0|Flood#0
Rental | 751 | A,All Other Perils#0.84|Windstorm Or Hail#0.84|Earthquake#0|Hurricane#1|Wildfire#0|Flood#0
Rental | 766 | A,All Other Perils#0.84|Windstorm Or Hail#0.84|Earthquake#0|Hurricane#1|Wildfire#0|Flood#0
Rental | 781 | A,All Other Perils#0.84|Windstorm Or Hail#0.84|Earthquake#0|Hurricane#1|Wildfire#0|Flood#0
Rental | 796 | A,All Other Perils#0.84|Windstorm Or Hail#0.84|Earthquake#0|Hurricane#1|Wildfire#0|Flood#0
Rental | 811 | A,All Other Perils#0.84|Windstorm Or Hail#0.84|Earthquake#0|Hurricane#1|Wildfire#0|Flood#0
Rental | 826 | A,All Other Perils#0.84|Windstorm Or Hail#0.84|Earthquake#0|Hurricane#1|Wildfire#0|Flood#0
Rental | 841 | A,All Other Perils#0.84|Windstorm Or Hail#0.84|Earthquake#0|Hurricane#1|Wildfire#0|Flood#0
Rental | 861 | A,All Other Perils#0.84|Windstorm Or Hail#0.84|Earthquake#0|Hurricane#1|Wildfire#0|Flood#0
Rental | 998 | A,All Other Perils#1|Windstorm Or Hail#1|Earthquake#0|Hurricane#1|Wildfire#0|Flood#0
Rental | 999 | A,All Other Perils#1|Windstorm Or Hail#1|Earthquake#0|Hurricane#1|Wildfire#0|Flood#0
Vacant | 1 | A,All Other Perils#2.25|Windstorm Or Hail#2.25|Earthquake#0|Hurricane#1|Wildfire#0|Flood#0
Vacant | 391 | A,All Other Perils#1.97|Windstorm Or Hail#1.97|Earthquake#0|Hurricane#1|Wildfire#0|Flood#0
Vacant | 431 | A,All Other Perils#1.82|Windstorm Or Hail#1.82|Earthquake#0|Hurricane#1|Wildfire#0|Flood#0
Vacant | 451 | A,All Other Perils#1.73|Windstorm Or Hail#1.73|Earthquake#0|Hurricane#1|Wildfire#0|Flood#0
Vacant | 466 | A,All Other Perils#1.65|Windstorm Or Hail#1.65|Earthquake#0|Hurricane#1|Wildfire#0|Flood#0
Vacant | 481 | A,All Other Perils#1.58|Windstorm Or Hail#1.58|Earthquake#0|Hurricane#1|Wildfire#0|Flood#0
Vacant | 496 | A,All Other Perils#1.51|Windstorm Or Hail#1.51|Earthquake#0|Hurricane#1|Wildfire#0|Flood#0
Vacant | 511 | A,All Other Perils#1.45|Windstorm Or Hail#1.45|Earthquake#0|Hurricane#1|Wildfire#0|Flood#0
Vacant | 521 | A,All Other Perils#1.39|Windstorm Or Hail#1.39|Earthquake#0|Hurricane#1|Wildfire#0|Flood#0
Vacant | 531 | A,All Other Perils#1.33|Windstorm Or Hail#1.33|Earthquake#0|Hurricane#1|Wildfire#0|Flood#0
Vacant | 541 | A,All Other Perils#1.28|Windstorm Or Hail#1.28|Earthquake#0|Hurricane#1|Wildfire#0|Flood#0
Vacant | 551 | A,All Other Perils#1.24|Windstorm Or Hail#1.24|Earthquake#0|Hurricane#1|Wildfire#0|Flood#0
Vacant | 561 | A,All Other Perils#1.2|Windstorm Or Hail#1.2|Earthquake#0|Hurricane#1|Wildfire#0|Flood#0
Vacant | 571 | A,All Other Perils#1.16|Windstorm Or Hail#1.16|Earthquake#0|Hurricane#1|Wildfire#0|Flood#0
Vacant | 581 | A,All Other Perils#1.13|Windstorm Or Hail#1.13|Earthquake#0|Hurricane#1|Wildfire#0|Flood#0
Vacant | 591 | A,All Other Perils#1.1|Windstorm Or Hail#1.1|Earthquake#0|Hurricane#1|Wildfire#0|Flood#0
Vacant | 601 | A,All Other Perils#1.06|Windstorm Or Hail#1.06|Earthquake#0|Hurricane#1|Wildfire#0|Flood#0
Vacant | 611 | A,All Other Perils#1.03|Windstorm Or Hail#1.03|Earthquake#0|Hurricane#1|Wildfire#0|Flood#0
Vacant | 621 | A,All Other Perils#1|Windstorm Or Hail#1|Earthquake#0|Hurricane#1|Wildfire#0|Flood#0
Vacant | 631 | A,All Other Perils#0.98|Windstorm Or Hail#0.98|Earthquake#0|Hurricane#1|Wildfire#0|Flood#0
Vacant | 641 | A,All Other Perils#0.95|Windstorm Or Hail#0.95|Earthquake#0|Hurricane#1|Wildfire#0|Flood#0
Vacant | 651 | A,All Other Perils#0.93|Windstorm Or Hail#0.93|Earthquake#0|Hurricane#1|Wildfire#0|Flood#0
Vacant | 661 | A,All Other Perils#0.91|Windstorm Or Hail#0.91|Earthquake#0|Hurricane#1|Wildfire#0|Flood#0
Vacant | 671 | A,All Other Perils#0.89|Windstorm Or Hail#0.89|Earthquake#0|Hurricane#1|Wildfire#0|Flood#0
Vacant | 681 | A,All Other Perils#0.87|Windstorm Or Hail#0.87|Earthquake#0|Hurricane#1|Wildfire#0|Flood#0
Vacant | 691 | A,All Other Perils#0.85|Windstorm Or Hail#0.85|Earthquake#0|Hurricane#1|Wildfire#0|Flood#0
Vacant | 701 | A,All Other Perils#0.84|Windstorm Or Hail#0.84|Earthquake#0|Hurricane#1|Wildfire#0|Flood#0
Vacant | 711 | A,All Other Perils#0.82|Windstorm Or Hail#0.82|Earthquake#0|Hurricane#1|Wildfire#0|Flood#0
Vacant | 721 | A,All Other Perils#0.8|Windstorm Or Hail#0.8|Earthquake#0|Hurricane#1|Wildfire#0|Flood#0
Vacant | 731 | A,All Other Perils#0.78|Windstorm Or Hail#0.78|Earthquake#0|Hurricane#1|Wildfire#0|Flood#0
Vacant | 741 | A,All Other Perils#0.77|Windstorm Or Hail#0.77|Earthquake#0|Hurricane#1|Wildfire#0|Flood#0
Vacant | 751 | A,All Other Perils#0.75|Windstorm Or Hail#0.75|Earthquake#0|Hurricane#1|Wildfire#0|Flood#0
Vacant | 766 | A,All Other Perils#0.73|Windstorm Or Hail#0.73|Earthquake#0|Hurricane#1|Wildfire#0|Flood#0
Vacant | 781 | A,All Other Perils#0.7|Windstorm Or Hail#0.7|Earthquake#0|Hurricane#1|Wildfire#0|Flood#0
Vacant | 796 | A,All Other Perils#0.68|Windstorm Or Hail#0.68|Earthquake#0|Hurricane#1|Wildfire#0|Flood#0
Vacant | 811 | A,All Other Perils#0.66|Windstorm Or Hail#0.66|Earthquake#0|Hurricane#1|Wildfire#0|Flood#0
Vacant | 826 | A,All Other Perils#0.63|Windstorm Or Hail#0.63|Earthquake#0|Hurricane#1|Wildfire#0|Flood#0
Vacant | 841 | A,All Other Perils#0.62|Windstorm Or Hail#0.62|Earthquake#0|Hurricane#1|Wildfire#0|Flood#0
Vacant | 861 | A,All Other Perils#0.57|Windstorm Or Hail#0.57|Earthquake#0|Hurricane#1|Wildfire#0|Flood#0
Vacant | 998 | A,All Other Perils#1|Windstorm Or Hail#1|Earthquake#0|Hurricane#1|Wildfire#0|Flood#0
Vacant | 999 | A,All Other Perils#1|Windstorm Or Hail#1|Earthquake#0|Hurricane#1|Wildfire#0|Flood#0
Owner | 1 | B,All Other Perils#2.25|Windstorm Or Hail#2.25|Earthquake#0|Hurricane#1|Wildfire#0|Flood#0
Owner | 391 | B,All Other Perils#1.97|Windstorm Or Hail#1.97|Earthquake#0|Hurricane#1|Wildfire#0|Flood#0
Owner | 431 | B,All Other Perils#1.82|Windstorm Or Hail#1.82|Earthquake#0|Hurricane#1|Wildfire#0|Flood#0
Owner | 451 | B,All Other Perils#1.73|Windstorm Or Hail#1.73|Earthquake#0|Hurricane#1|Wildfire#0|Flood#0
Owner | 466 | B,All Other Perils#1.65|Windstorm Or Hail#1.65|Earthquake#0|Hurricane#1|Wildfire#0|Flood#0
Owner | 481 | B,All Other Perils#1.58|Windstorm Or Hail#1.58|Earthquake#0|Hurricane#1|Wildfire#0|Flood#0
Owner | 496 | B,All Other Perils#1.51|Windstorm Or Hail#1.51|Earthquake#0|Hurricane#1|Wildfire#0|Flood#0
Owner | 511 | B,All Other Perils#1.45|Windstorm Or Hail#1.45|Earthquake#0|Hurricane#1|Wildfire#0|Flood#0
Owner | 521 | B,All Other Perils#1.39|Windstorm Or Hail#1.39|Earthquake#0|Hurricane#1|Wildfire#0|Flood#0
Owner | 531 | B,All Other Perils#1.33|Windstorm Or Hail#1.33|Earthquake#0|Hurricane#1|Wildfire#0|Flood#0
Owner | 541 | B,All Other Perils#1.28|Windstorm Or Hail#1.28|Earthquake#0|Hurricane#1|Wildfire#0|Flood#0
Owner | 551 | B,All Other Perils#1.24|Windstorm Or Hail#1.24|Earthquake#0|Hurricane#1|Wildfire#0|Flood#0
Owner | 561 | B,All Other Perils#1.2|Windstorm Or Hail#1.2|Earthquake#0|Hurricane#1|Wildfire#0|Flood#0
Owner | 571 | B,All Other Perils#1.16|Windstorm Or Hail#1.16|Earthquake#0|Hurricane#1|Wildfire#0|Flood#0
Owner | 581 | B,All Other Perils#1.13|Windstorm Or Hail#1.13|Earthquake#0|Hurricane#1|Wildfire#0|Flood#0
Owner | 591 | B,All Other Perils#1.1|Windstorm Or Hail#1.1|Earthquake#0|Hurricane#1|Wildfire#0|Flood#0
Owner | 601 | B,All Other Perils#1.06|Windstorm Or Hail#1.06|Earthquake#0|Hurricane#1|Wildfire#0|Flood#0
Owner | 611 | B,All Other Perils#1.03|Windstorm Or Hail#1.03|Earthquake#0|Hurricane#1|Wildfire#0|Flood#0
Owner | 621 | B,All Other Perils#1|Windstorm Or Hail#1|Earthquake#0|Hurricane#1|Wildfire#0|Flood#0
Owner | 631 | B,All Other Perils#0.98|Windstorm Or Hail#0.98|Earthquake#0|Hurricane#1|Wildfire#0|Flood#0
Owner | 641 | B,All Other Perils#0.95|Windstorm Or Hail#0.95|Earthquake#0|Hurricane#1|Wildfire#0|Flood#0
Owner | 651 | B,All Other Perils#0.93|Windstorm Or Hail#0.93|Earthquake#0|Hurricane#1|Wildfire#0|Flood#0
Owner | 661 | B,All Other Perils#0.91|Windstorm Or Hail#0.91|Earthquake#0|Hurricane#1|Wildfire#0|Flood#0
Owner | 671 | B,All Other Perils#0.89|Windstorm Or Hail#0.89|Earthquake#0|Hurricane#1|Wildfire#0|Flood#0
Owner | 681 | B,All Other Perils#0.87|Windstorm Or Hail#0.87|Earthquake#0|Hurricane#1|Wildfire#0|Flood#0
Owner | 691 | B,All Other Perils#0.85|Windstorm Or Hail#0.85|Earthquake#0|Hurricane#1|Wildfire#0|Flood#0
Owner | 701 | B,All Other Perils#0.84|Windstorm Or Hail#0.84|Earthquake#0|Hurricane#1|Wildfire#0|Flood#0
Owner | 711 | B,All Other Perils#0.82|Windstorm Or Hail#0.82|Earthquake#0|Hurricane#1|Wildfire#0|Flood#0
Owner | 721 | B,All Other Perils#0.8|Windstorm Or Hail#0.8|Earthquake#0|Hurricane#1|Wildfire#0|Flood#0
Owner | 731 | B,All Other Perils#0.78|Windstorm Or Hail#0.78|Earthquake#0|Hurricane#1|Wildfire#0|Flood#0
Owner | 741 | B,All Other Perils#0.77|Windstorm Or Hail#0.77|Earthquake#0|Hurricane#1|Wildfire#0|Flood#0
Owner | 751 | B,All Other Perils#0.75|Windstorm Or Hail#0.75|Earthquake#0|Hurricane#1|Wildfire#0|Flood#0
Owner | 766 | B,All Other Perils#0.73|Windstorm Or Hail#0.73|Earthquake#0|Hurricane#1|Wildfire#0|Flood#0
Owner | 781 | B,All Other Perils#0.7|Windstorm Or Hail#0.7|Earthquake#0|Hurricane#1|Wildfire#0|Flood#0
Owner | 796 | B,All Other Perils#0.68|Windstorm Or Hail#0.68|Earthquake#0|Hurricane#1|Wildfire#0|Flood#0
Owner | 811 | B,All Other Perils#0.66|Windstorm Or Hail#0.66|Earthquake#0|Hurricane#1|Wildfire#0|Flood#0
Owner | 826 | B,All Other Perils#0.63|Windstorm Or Hail#0.63|Earthquake#0|Hurricane#1|Wildfire#0|Flood#0
Owner | 841 | B,All Other Perils#0.62|Windstorm Or Hail#0.62|Earthquake#0|Hurricane#1|Wildfire#0|Flood#0
Owner | 861 | B,All Other Perils#0.57|Windstorm Or Hail#0.57|Earthquake#0|Hurricane#1|Wildfire#0|Flood#0
Owner | 998 | B,All Other Perils#1|Windstorm Or Hail#1|Earthquake#0|Hurricane#1|Wildfire#0|Flood#0
Owner | 999 | B,All Other Perils#1|Windstorm Or Hail#1|Earthquake#0|Hurricane#1|Wildfire#0|Flood#0
Seasonal | 1 | B,All Other Perils#2.25|Windstorm Or Hail#2.25|Earthquake#0|Hurricane#1|Wildfire#0|Flood#0
Seasonal | 391 | B,All Other Perils#1.97|Windstorm Or Hail#1.97|Earthquake#0|Hurricane#1|Wildfire#0|Flood#0
Seasonal | 431 | B,All Other Perils#1.82|Windstorm Or Hail#1.82|Earthquake#0|Hurricane#1|Wildfire#0|Flood#0
Seasonal | 451 | B,All Other Perils#1.73|Windstorm Or Hail#1.73|Earthquake#0|Hurricane#1|Wildfire#0|Flood#0
Seasonal | 466 | B,All Other Perils#1.65|Windstorm Or Hail#1.65|Earthquake#0|Hurricane#1|Wildfire#0|Flood#0
Seasonal | 481 | B,All Other Perils#1.58|Windstorm Or Hail#1.58|Earthquake#0|Hurricane#1|Wildfire#0|Flood#0
Seasonal | 496 | B,All Other Perils#1.51|Windstorm Or Hail#1.51|Earthquake#0|Hurricane#1|Wildfire#0|Flood#0
Seasonal | 511 | B,All Other Perils#1.45|Windstorm Or Hail#1.45|Earthquake#0|Hurricane#1|Wildfire#0|Flood#0
Seasonal | 521 | B,All Other Perils#1.39|Windstorm Or Hail#1.39|Earthquake#0|Hurricane#1|Wildfire#0|Flood#0
Seasonal | 531 | B,All Other Perils#1.33|Windstorm Or Hail#1.33|Earthquake#0|Hurricane#1|Wildfire#0|Flood#0
Seasonal | 541 | B,All Other Perils#1.28|Windstorm Or Hail#1.28|Earthquake#0|Hurricane#1|Wildfire#0|Flood#0
Seasonal | 551 | B,All Other Perils#1.24|Windstorm Or Hail#1.24|Earthquake#0|Hurricane#1|Wildfire#0|Flood#0
Seasonal | 561 | B,All Other Perils#1.2|Windstorm Or Hail#1.2|Earthquake#0|Hurricane#1|Wildfire#0|Flood#0
Seasonal | 571 | B,All Other Perils#1.16|Windstorm Or Hail#1.16|Earthquake#0|Hurricane#1|Wildfire#0|Flood#0
Seasonal | 581 | B,All Other Perils#1.13|Windstorm Or Hail#1.13|Earthquake#0|Hurricane#1|Wildfire#0|Flood#0
Seasonal | 591 | B,All Other Perils#1.1|Windstorm Or Hail#1.1|Earthquake#0|Hurricane#1|Wildfire#0|Flood#0
Seasonal | 601 | B,All Other Perils#1.06|Windstorm Or Hail#1.06|Earthquake#0|Hurricane#1|Wildfire#0|Flood#0
Seasonal | 611 | B,All Other Perils#1.03|Windstorm Or Hail#1.03|Earthquake#0|Hurricane#1|Wildfire#0|Flood#0
Seasonal | 621 | B,All Other Perils#1|Windstorm Or Hail#1|Earthquake#0|Hurricane#1|Wildfire#0|Flood#0
Seasonal | 631 | B,All Other Perils#0.98|Windstorm Or Hail#0.98|Earthquake#0|Hurricane#1|Wildfire#0|Flood#0
Seasonal | 641 | B,All Other Perils#0.95|Windstorm Or Hail#0.95|Earthquake#0|Hurricane#1|Wildfire#0|Flood#0
Seasonal | 651 | B,All Other Perils#0.93|Windstorm Or Hail#0.93|Earthquake#0|Hurricane#1|Wildfire#0|Flood#0
Seasonal | 661 | B,All Other Perils#0.91|Windstorm Or Hail#0.91|Earthquake#0|Hurricane#1|Wildfire#0|Flood#0
Seasonal | 671 | B,All Other Perils#0.89|Windstorm Or Hail#0.89|Earthquake#0|Hurricane#1|Wildfire#0|Flood#0
Seasonal | 681 | B,All Other Perils#0.87|Windstorm Or Hail#0.87|Earthquake#0|Hurricane#1|Wildfire#0|Flood#0
Seasonal | 691 | B,All Other Perils#0.85|Windstorm Or Hail#0.85|Earthquake#0|Hurricane#1|Wildfire#0|Flood#0
Seasonal | 701 | B,All Other Perils#0.84|Windstorm Or Hail#0.84|Earthquake#0|Hurricane#1|Wildfire#0|Flood#0
Seasonal | 711 | B,All Other Perils#0.82|Windstorm Or Hail#0.82|Earthquake#0|Hurricane#1|Wildfire#0|Flood#0
Seasonal | 721 | B,All Other Perils#0.8|Windstorm Or Hail#0.8|Earthquake#0|Hurricane#1|Wildfire#0|Flood#0
Seasonal | 731 | B,All Other Perils#0.78|Windstorm Or Hail#0.78|Earthquake#0|Hurricane#1|Wildfire#0|Flood#0
Seasonal | 741 | B,All Other Perils#0.77|Windstorm Or Hail#0.77|Earthquake#0|Hurricane#1|Wildfire#0|Flood#0
Seasonal | 751 | B,All Other Perils#0.75|Windstorm Or Hail#0.75|Earthquake#0|Hurricane#1|Wildfire#0|Flood#0
Seasonal | 766 | B,All Other Perils#0.73|Windstorm Or Hail#0.73|Earthquake#0|Hurricane#1|Wildfire#0|Flood#0
Seasonal | 781 | B,All Other Perils#0.7|Windstorm Or Hail#0.7|Earthquake#0|Hurricane#1|Wildfire#0|Flood#0
Seasonal | 796 | B,All Other Perils#0.68|Windstorm Or Hail#0.68|Earthquake#0|Hurricane#1|Wildfire#0|Flood#0
Seasonal | 811 | B,All Other Perils#0.66|Windstorm Or Hail#0.66|Earthquake#0|Hurricane#1|Wildfire#0|Flood#0
Seasonal | 826 | B,All Other Perils#0.63|Windstorm Or Hail#0.63|Earthquake#0|Hurricane#1|Wildfire#0|Flood#0
Seasonal | 841 | B,All Other Perils#0.62|Windstorm Or Hail#0.62|Earthquake#0|Hurricane#1|Wildfire#0|Flood#0
Seasonal | 861 | B,All Other Perils#0.57|Windstorm Or Hail#0.57|Earthquake#0|Hurricane#1|Wildfire#0|Flood#0
Seasonal | 998 | B,All Other Perils#1|Windstorm Or Hail#1|Earthquake#0|Hurricane#1|Wildfire#0|Flood#0
Seasonal | 999 | B,All Other Perils#1|Windstorm Or Hail#1|Earthquake#0|Hurricane#1|Wildfire#0|Flood#0
Rental | 1 | B,All Other Perils#1.39|Windstorm Or Hail#1.39|Earthquake#0|Hurricane#1|Wildfire#0|Flood#0
Rental | 391 | B,All Other Perils#1.39|Windstorm Or Hail#1.39|Earthquake#0|Hurricane#1|Wildfire#0|Flood#0
Rental | 431 | B,All Other Perils#1.39|Windstorm Or Hail#1.39|Earthquake#0|Hurricane#1|Wildfire#0|Flood#0
Rental | 451 | B,All Other Perils#1.39|Windstorm Or Hail#1.39|Earthquake#0|Hurricane#1|Wildfire#0|Flood#0
Rental | 466 | B,All Other Perils#1.39|Windstorm Or Hail#1.39|Earthquake#0|Hurricane#1|Wildfire#0|Flood#0
Rental | 481 | B,All Other Perils#1.39|Windstorm Or Hail#1.39|Earthquake#0|Hurricane#1|Wildfire#0|Flood#0
Rental | 496 | B,All Other Perils#1.39|Windstorm Or Hail#1.39|Earthquake#0|Hurricane#1|Wildfire#0|Flood#0
Rental | 511 | B,All Other Perils#1.39|Windstorm Or Hail#1.39|Earthquake#0|Hurricane#1|Wildfire#0|Flood#0
Rental | 521 | B,All Other Perils#1.39|Windstorm Or Hail#1.39|Earthquake#0|Hurricane#1|Wildfire#0|Flood#0
Rental | 531 | B,All Other Perils#1.33|Windstorm Or Hail#1.33|Earthquake#0|Hurricane#1|Wildfire#0|Flood#0
Rental | 541 | B,All Other Perils#1.28|Windstorm Or Hail#1.28|Earthquake#0|Hurricane#1|Wildfire#0|Flood#0
Rental | 551 | B,All Other Perils#1.24|Windstorm Or Hail#1.24|Earthquake#0|Hurricane#1|Wildfire#0|Flood#0
Rental | 561 | B,All Other Perils#1.2|Windstorm Or Hail#1.2|Earthquake#0|Hurricane#1|Wildfire#0|Flood#0
Rental | 571 | B,All Other Perils#1.16|Windstorm Or Hail#1.16|Earthquake#0|Hurricane#1|Wildfire#0|Flood#0
Rental | 581 | B,All Other Perils#1.13|Windstorm Or Hail#1.13|Earthquake#0|Hurricane#1|Wildfire#0|Flood#0
Rental | 591 | B,All Other Perils#1.1|Windstorm Or Hail#1.1|Earthquake#0|Hurricane#1|Wildfire#0|Flood#0
Rental | 601 | B,All Other Perils#1.06|Windstorm Or Hail#1.06|Earthquake#0|Hurricane#1|Wildfire#0|Flood#0
Rental | 611 | B,All Other Perils#1.03|Windstorm Or Hail#1.03|Earthquake#0|Hurricane#1|Wildfire#0|Flood#0
Rental | 621 | B,All Other Perils#1|Windstorm Or Hail#1|Earthquake#0|Hurricane#1|Wildfire#0|Flood#0
Rental | 631 | B,All Other Perils#0.98|Windstorm Or Hail#0.98|Earthquake#0|Hurricane#1|Wildfire#0|Flood#0
Rental | 641 | B,All Other Perils#0.95|Windstorm Or Hail#0.95|Earthquake#0|Hurricane#1|Wildfire#0|Flood#0
Rental | 651 | B,All Other Perils#0.93|Windstorm Or Hail#0.93|Earthquake#0|Hurricane#1|Wildfire#0|Flood#0
Rental | 661 | B,All Other Perils#0.91|Windstorm Or Hail#0.91|Earthquake#0|Hurricane#1|Wildfire#0|Flood#0
Rental | 671 | B,All Other Perils#0.89|Windstorm Or Hail#0.89|Earthquake#0|Hurricane#1|Wildfire#0|Flood#0
Rental | 681 | B,All Other Perils#0.87|Windstorm Or Hail#0.87|Earthquake#0|Hurricane#1|Wildfire#0|Flood#0
Rental | 691 | B,All Other Perils#0.85|Windstorm Or Hail#0.85|Earthquake#0|Hurricane#1|Wildfire#0|Flood#0
Rental | 701 | B,All Other Perils#0.84|Windstorm Or Hail#0.84|Earthquake#0|Hurricane#1|Wildfire#0|Flood#0
Rental | 711 | B,All Other Perils#0.84|Windstorm Or Hail#0.84|Earthquake#0|Hurricane#1|Wildfire#0|Flood#0
Rental | 721 | B,All Other Perils#0.84|Windstorm Or Hail#0.84|Earthquake#0|Hurricane#1|Wildfire#0|Flood#0
Rental | 731 | B,All Other Perils#0.84|Windstorm Or Hail#0.84|Earthquake#0|Hurricane#1|Wildfire#0|Flood#0
Rental | 741 | B,All Other Perils#0.84|Windstorm Or Hail#0.84|Earthquake#0|Hurricane#1|Wildfire#0|Flood#0
Rental | 751 | B,All Other Perils#0.84|Windstorm Or Hail#0.84|Earthquake#0|Hurricane#1|Wildfire#0|Flood#0
Rental | 766 | B,All Other Perils#0.84|Windstorm Or Hail#0.84|Earthquake#0|Hurricane#1|Wildfire#0|Flood#0
Rental | 781 | B,All Other Perils#0.84|Windstorm Or Hail#0.84|Earthquake#0|Hurricane#1|Wildfire#0|Flood#0
Rental | 796 | B,All Other Perils#0.84|Windstorm Or Hail#0.84|Earthquake#0|Hurricane#1|Wildfire#0|Flood#0
Rental | 811 | B,All Other Perils#0.84|Windstorm Or Hail#0.84|Earthquake#0|Hurricane#1|Wildfire#0|Flood#0
Rental | 826 | B,All Other Perils#0.84|Windstorm Or Hail#0.84|Earthquake#0|Hurricane#1|Wildfire#0|Flood#0
Rental | 841 | B,All Other Perils#0.84|Windstorm Or Hail#0.84|Earthquake#0|Hurricane#1|Wildfire#0|Flood#0
Rental | 861 | B,All Other Perils#0.84|Windstorm Or Hail#0.84|Earthquake#0|Hurricane#1|Wildfire#0|Flood#0
Rental | 998 | B,All Other Perils#1|Windstorm Or Hail#1|Earthquake#0|Hurricane#1|Wildfire#0|Flood#0
Rental | 999 | B,All Other Perils#1|Windstorm Or Hail#1|Earthquake#0|Hurricane#1|Wildfire#0|Flood#0
Vacant | 1 | B,All Other Perils#2.25|Windstorm Or Hail#2.25|Earthquake#0|Hurricane#1|Wildfire#0|Flood#0
Vacant | 391 | B,All Other Perils#1.97|Windstorm Or Hail#1.97|Earthquake#0|Hurricane#1|Wildfire#0|Flood#0
Vacant | 431 | B,All Other Perils#1.82|Windstorm Or Hail#1.82|Earthquake#0|Hurricane#1|Wildfire#0|Flood#0
Vacant | 451 | B,All Other Perils#1.73|Windstorm Or Hail#1.73|Earthquake#0|Hurricane#1|Wildfire#0|Flood#0
Vacant | 466 | B,All Other Perils#1.65|Windstorm Or Hail#1.65|Earthquake#0|Hurricane#1|Wildfire#0|Flood#0
Vacant | 481 | B,All Other Perils#1.58|Windstorm Or Hail#1.58|Earthquake#0|Hurricane#1|Wildfire#0|Flood#0
Vacant | 496 | B,All Other Perils#1.51|Windstorm Or Hail#1.51|Earthquake#0|Hurricane#1|Wildfire#0|Flood#0
Vacant | 511 | B,All Other Perils#1.45|Windstorm Or Hail#1.45|Earthquake#0|Hurricane#1|Wildfire#0|Flood#0
Vacant | 521 | B,All Other Perils#1.39|Windstorm Or Hail#1.39|Earthquake#0|Hurricane#1|Wildfire#0|Flood#0
Vacant | 531 | B,All Other Perils#1.33|Windstorm Or Hail#1.33|Earthquake#0|Hurricane#1|Wildfire#0|Flood#0
Vacant | 541 | B,All Other Perils#1.28|Windstorm Or Hail#1.28|Earthquake#0|Hurricane#1|Wildfire#0|Flood#0
Vacant | 551 | B,All Other Perils#1.24|Windstorm Or Hail#1.24|Earthquake#0|Hurricane#1|Wildfire#0|Flood#0
Vacant | 561 | B,All Other Perils#1.2|Windstorm Or Hail#1.2|Earthquake#0|Hurricane#1|Wildfire#0|Flood#0
Vacant | 571 | B,All Other Perils#1.16|Windstorm Or Hail#1.16|Earthquake#0|Hurricane#1|Wildfire#0|Flood#0
Vacant | 581 | B,All Other Perils#1.13|Windstorm Or Hail#1.13|Earthquake#0|Hurricane#1|Wildfire#0|Flood#0
Vacant | 591 | B,All Other Perils#1.1|Windstorm Or Hail#1.1|Earthquake#0|Hurricane#1|Wildfire#0|Flood#0
Vacant | 601 | B,All Other Perils#1.06|Windstorm Or Hail#1.06|Earthquake#0|Hurricane#1|Wildfire#0|Flood#0
Vacant | 611 | B,All Other Perils#1.03|Windstorm Or Hail#1.03|Earthquake#0|Hurricane#1|Wildfire#0|Flood#0
Vacant | 621 | B,All Other Perils#1|Windstorm Or Hail#1|Earthquake#0|Hurricane#1|Wildfire#0|Flood#0
Vacant | 631 | B,All Other Perils#0.98|Windstorm Or Hail#0.98|Earthquake#0|Hurricane#1|Wildfire#0|Flood#0
Vacant | 641 | B,All Other Perils#0.95|Windstorm Or Hail#0.95|Earthquake#0|Hurricane#1|Wildfire#0|Flood#0
Vacant | 651 | B,All Other Perils#0.93|Windstorm Or Hail#0.93|Earthquake#0|Hurricane#1|Wildfire#0|Flood#0
Vacant | 661 | B,All Other Perils#0.91|Windstorm Or Hail#0.91|Earthquake#0|Hurricane#1|Wildfire#0|Flood#0
Vacant | 671 | B,All Other Perils#0.89|Windstorm Or Hail#0.89|Earthquake#0|Hurricane#1|Wildfire#0|Flood#0
Vacant | 681 | B,All Other Perils#0.87|Windstorm Or Hail#0.87|Earthquake#0|Hurricane#1|Wildfire#0|Flood#0
Vacant | 691 | B,All Other Perils#0.85|Windstorm Or Hail#0.85|Earthquake#0|Hurricane#1|Wildfire#0|Flood#0
Vacant | 701 | B,All Other Perils#0.84|Windstorm Or Hail#0.84|Earthquake#0|Hurricane#1|Wildfire#0|Flood#0
Vacant | 711 | B,All Other Perils#0.82|Windstorm Or Hail#0.82|Earthquake#0|Hurricane#1|Wildfire#0|Flood#0
Vacant | 721 | B,All Other Perils#0.8|Windstorm Or Hail#0.8|Earthquake#0|Hurricane#1|Wildfire#0|Flood#0
Vacant | 731 | B,All Other Perils#0.78|Windstorm Or Hail#0.78|Earthquake#0|Hurricane#1|Wildfire#0|Flood#0
Vacant | 741 | B,All Other Perils#0.77|Windstorm Or Hail#0.77|Earthquake#0|Hurricane#1|Wildfire#0|Flood#0
Vacant | 751 | B,All Other Perils#0.75|Windstorm Or Hail#0.75|Earthquake#0|Hurricane#1|Wildfire#0|Flood#0
Vacant | 766 | B,All Other Perils#0.73|Windstorm Or Hail#0.73|Earthquake#0|Hurricane#1|Wildfire#0|Flood#0
Vacant | 781 | B,All Other Perils#0.7|Windstorm Or Hail#0.7|Earthquake#0|Hurricane#1|Wildfire#0|Flood#0
Vacant | 796 | B,All Other Perils#0.68|Windstorm Or Hail#0.68|Earthquake#0|Hurricane#1|Wildfire#0|Flood#0
Vacant | 811 | B,All Other Perils#0.66|Windstorm Or Hail#0.66|Earthquake#0|Hurricane#1|Wildfire#0|Flood#0
Vacant | 826 | B,All Other Perils#0.63|Windstorm Or Hail#0.63|Earthquake#0|Hurricane#1|Wildfire#0|Flood#0
Vacant | 841 | B,All Other Perils#0.62|Windstorm Or Hail#0.62|Earthquake#0|Hurricane#1|Wildfire#0|Flood#0
Vacant | 861 | B,All Other Perils#0.57|Windstorm Or Hail#0.57|Earthquake#0|Hurricane#1|Wildfire#0|Flood#0
Vacant | 998 | B,All Other Perils#1|Windstorm Or Hail#1|Earthquake#0|Hurricane#1|Wildfire#0|Flood#0
Vacant | 999 | B,All Other Perils#1|Windstorm Or Hail#1|Earthquake#0|Hurricane#1|Wildfire#0|Flood#0
Owner | 1 | C,All Other Perils#2.25|Windstorm Or Hail#2.25|Earthquake#0|Hurricane#1|Wildfire#0|Flood#0
Owner | 391 | C,All Other Perils#1.97|Windstorm Or Hail#1.97|Earthquake#0|Hurricane#1|Wildfire#0|Flood#0
Owner | 431 | C,All Other Perils#1.82|Windstorm Or Hail#1.82|Earthquake#0|Hurricane#1|Wildfire#0|Flood#0
Owner | 451 | C,All Other Perils#1.73|Windstorm Or Hail#1.73|Earthquake#0|Hurricane#1|Wildfire#0|Flood#0
Owner | 466 | C,All Other Perils#1.65|Windstorm Or Hail#1.65|Earthquake#0|Hurricane#1|Wildfire#0|Flood#0
Owner | 481 | C,All Other Perils#1.58|Windstorm Or Hail#1.58|Earthquake#0|Hurricane#1|Wildfire#0|Flood#0
Owner | 496 | C,All Other Perils#1.51|Windstorm Or Hail#1.51|Earthquake#0|Hurricane#1|Wildfire#0|Flood#0
Owner | 511 | C,All Other Perils#1.45|Windstorm Or Hail#1.45|Earthquake#0|Hurricane#1|Wildfire#0|Flood#0
Owner | 521 | C,All Other Perils#1.39|Windstorm Or Hail#1.39|Earthquake#0|Hurricane#1|Wildfire#0|Flood#0
Owner | 531 | C,All Other Perils#1.33|Windstorm Or Hail#1.33|Earthquake#0|Hurricane#1|Wildfire#0|Flood#0
Owner | 541 | C,All Other Perils#1.28|Windstorm Or Hail#1.28|Earthquake#0|Hurricane#1|Wildfire#0|Flood#0
Owner | 551 | C,All Other Perils#1.24|Windstorm Or Hail#1.24|Earthquake#0|Hurricane#1|Wildfire#0|Flood#0
Owner | 561 | C,All Other Perils#1.2|Windstorm Or Hail#1.2|Earthquake#0|Hurricane#1|Wildfire#0|Flood#0
Owner | 571 | C,All Other Perils#1.16|Windstorm Or Hail#1.16|Earthquake#0|Hurricane#1|Wildfire#0|Flood#0
Owner | 581 | C,All Other Perils#1.13|Windstorm Or Hail#1.13|Earthquake#0|Hurricane#1|Wildfire#0|Flood#0
Owner | 591 | C,All Other Perils#1.1|Windstorm Or Hail#1.1|Earthquake#0|Hurricane#1|Wildfire#0|Flood#0
Owner | 601 | C,All Other Perils#1.06|Windstorm Or Hail#1.06|Earthquake#0|Hurricane#1|Wildfire#0|Flood#0
Owner | 611 | C,All Other Perils#1.03|Windstorm Or Hail#1.03|Earthquake#0|Hurricane#1|Wildfire#0|Flood#0
Owner | 621 | C,All Other Perils#1|Windstorm Or Hail#1|Earthquake#0|Hurricane#1|Wildfire#0|Flood#0
Owner | 631 | C,All Other Perils#0.98|Windstorm Or Hail#0.98|Earthquake#0|Hurricane#1|Wildfire#0|Flood#0
Owner | 641 | C,All Other Perils#0.95|Windstorm Or Hail#0.95|Earthquake#0|Hurricane#1|Wildfire#0|Flood#0
Owner | 651 | C,All Other Perils#0.93|Windstorm Or Hail#0.93|Earthquake#0|Hurricane#1|Wildfire#0|Flood#0
Owner | 661 | C,All Other Perils#0.91|Windstorm Or Hail#0.91|Earthquake#0|Hurricane#1|Wildfire#0|Flood#0
Owner | 671 | C,All Other Perils#0.89|Windstorm Or Hail#0.89|Earthquake#0|Hurricane#1|Wildfire#0|Flood#0
Owner | 681 | C,All Other Perils#0.87|Windstorm Or Hail#0.87|Earthquake#0|Hurricane#1|Wildfire#0|Flood#0
Owner | 691 | C,All Other Perils#0.85|Windstorm Or Hail#0.85|Earthquake#0|Hurricane#1|Wildfire#0|Flood#0
Owner | 701 | C,All Other Perils#0.84|Windstorm Or Hail#0.84|Earthquake#0|Hurricane#1|Wildfire#0|Flood#0
Owner | 711 | C,All Other Perils#0.82|Windstorm Or Hail#0.82|Earthquake#0|Hurricane#1|Wildfire#0|Flood#0
Owner | 721 | C,All Other Perils#0.8|Windstorm Or Hail#0.8|Earthquake#0|Hurricane#1|Wildfire#0|Flood#0
Owner | 731 | C,All Other Perils#0.78|Windstorm Or Hail#0.78|Earthquake#0|Hurricane#1|Wildfire#0|Flood#0
Owner | 741 | C,All Other Perils#0.77|Windstorm Or Hail#0.77|Earthquake#0|Hurricane#1|Wildfire#0|Flood#0
Owner | 751 | C,All Other Perils#0.75|Windstorm Or Hail#0.75|Earthquake#0|Hurricane#1|Wildfire#0|Flood#0
Owner | 766 | C,All Other Perils#0.73|Windstorm Or Hail#0.73|Earthquake#0|Hurricane#1|Wildfire#0|Flood#0
Owner | 781 | C,All Other Perils#0.7|Windstorm Or Hail#0.7|Earthquake#0|Hurricane#1|Wildfire#0|Flood#0
Owner | 796 | C,All Other Perils#0.68|Windstorm Or Hail#0.68|Earthquake#0|Hurricane#1|Wildfire#0|Flood#0
Owner | 811 | C,All Other Perils#0.66|Windstorm Or Hail#0.66|Earthquake#0|Hurricane#1|Wildfire#0|Flood#0
Owner | 826 | C,All Other Perils#0.63|Windstorm Or Hail#0.63|Earthquake#0|Hurricane#1|Wildfire#0|Flood#0
Owner | 841 | C,All Other Perils#0.62|Windstorm Or Hail#0.62|Earthquake#0|Hurricane#1|Wildfire#0|Flood#0
Owner | 861 | C,All Other Perils#0.57|Windstorm Or Hail#0.57|Earthquake#0|Hurricane#1|Wildfire#0|Flood#0
Owner | 998 | C,All Other Perils#1|Windstorm Or Hail#1|Earthquake#0|Hurricane#1|Wildfire#0|Flood#0
Owner | 999 | C,All Other Perils#1|Windstorm Or Hail#1|Earthquake#0|Hurricane#1|Wildfire#0|Flood#0
Seasonal | 1 | C,All Other Perils#2.25|Windstorm Or Hail#2.25|Earthquake#0|Hurricane#1|Wildfire#0|Flood#0
Seasonal | 391 | C,All Other Perils#1.97|Windstorm Or Hail#1.97|Earthquake#0|Hurricane#1|Wildfire#0|Flood#0
Seasonal | 431 | C,All Other Perils#1.82|Windstorm Or Hail#1.82|Earthquake#0|Hurricane#1|Wildfire#0|Flood#0
Seasonal | 451 | C,All Other Perils#1.73|Windstorm Or Hail#1.73|Earthquake#0|Hurricane#1|Wildfire#0|Flood#0
Seasonal | 466 | C,All Other Perils#1.65|Windstorm Or Hail#1.65|Earthquake#0|Hurricane#1|Wildfire#0|Flood#0
Seasonal | 481 | C,All Other Perils#1.58|Windstorm Or Hail#1.58|Earthquake#0|Hurricane#1|Wildfire#0|Flood#0
Seasonal | 496 | C,All Other Perils#1.51|Windstorm Or Hail#1.51|Earthquake#0|Hurricane#1|Wildfire#0|Flood#0
Seasonal | 511 | C,All Other Perils#1.45|Windstorm Or Hail#1.45|Earthquake#0|Hurricane#1|Wildfire#0|Flood#0
Seasonal | 521 | C,All Other Perils#1.39|Windstorm Or Hail#1.39|Earthquake#0|Hurricane#1|Wildfire#0|Flood#0
Seasonal | 531 | C,All Other Perils#1.33|Windstorm Or Hail#1.33|Earthquake#0|Hurricane#1|Wildfire#0|Flood#0
Seasonal | 541 | C,All Other Perils#1.28|Windstorm Or Hail#1.28|Earthquake#0|Hurricane#1|Wildfire#0|Flood#0
Seasonal | 551 | C,All Other Perils#1.24|Windstorm Or Hail#1.24|Earthquake#0|Hurricane#1|Wildfire#0|Flood#0
Seasonal | 561 | C,All Other Perils#1.2|Windstorm Or Hail#1.2|Earthquake#0|Hurricane#1|Wildfire#0|Flood#0
Seasonal | 571 | C,All Other Perils#1.16|Windstorm Or Hail#1.16|Earthquake#0|Hurricane#1|Wildfire#0|Flood#0
Seasonal | 581 | C,All Other Perils#1.13|Windstorm Or Hail#1.13|Earthquake#0|Hurricane#1|Wildfire#0|Flood#0
Seasonal | 591 | C,All Other Perils#1.1|Windstorm Or Hail#1.1|Earthquake#0|Hurricane#1|Wildfire#0|Flood#0
Seasonal | 601 | C,All Other Perils#1.06|Windstorm Or Hail#1.06|Earthquake#0|Hurricane#1|Wildfire#0|Flood#0
Seasonal | 611 | C,All Other Perils#1.03|Windstorm Or Hail#1.03|Earthquake#0|Hurricane#1|Wildfire#0|Flood#0
Seasonal | 621 | C,All Other Perils#1|Windstorm Or Hail#1|Earthquake#0|Hurricane#1|Wildfire#0|Flood#0
Seasonal | 631 | C,All Other Perils#0.98|Windstorm Or Hail#0.98|Earthquake#0|Hurricane#1|Wildfire#0|Flood#0
Seasonal | 641 | C,All Other Perils#0.95|Windstorm Or Hail#0.95|Earthquake#0|Hurricane#1|Wildfire#0|Flood#0
Seasonal | 651 | C,All Other Perils#0.93|Windstorm Or Hail#0.93|Earthquake#0|Hurricane#1|Wildfire#0|Flood#0
Seasonal | 661 | C,All Other Perils#0.91|Windstorm Or Hail#0.91|Earthquake#0|Hurricane#1|Wildfire#0|Flood#0
Seasonal | 671 | C,All Other Perils#0.89|Windstorm Or Hail#0.89|Earthquake#0|Hurricane#1|Wildfire#0|Flood#0
Seasonal | 681 | C,All Other Perils#0.87|Windstorm Or Hail#0.87|Earthquake#0|Hurricane#1|Wildfire#0|Flood#0
Seasonal | 691 | C,All Other Perils#0.85|Windstorm Or Hail#0.85|Earthquake#0|Hurricane#1|Wildfire#0|Flood#0
Seasonal | 701 | C,All Other Perils#0.84|Windstorm Or Hail#0.84|Earthquake#0|Hurricane#1|Wildfire#0|Flood#0
Seasonal | 711 | C,All Other Perils#0.82|Windstorm Or Hail#0.82|Earthquake#0|Hurricane#1|Wildfire#0|Flood#0
Seasonal | 721 | C,All Other Perils#0.8|Windstorm Or Hail#0.8|Earthquake#0|Hurricane#1|Wildfire#0|Flood#0
Seasonal | 731 | C,All Other Perils#0.78|Windstorm Or Hail#0.78|Earthquake#0|Hurricane#1|Wildfire#0|Flood#0
Seasonal | 741 | C,All Other Perils#0.77|Windstorm Or Hail#0.77|Earthquake#0|Hurricane#1|Wildfire#0|Flood#0
Seasonal | 751 | C,All Other Perils#0.75|Windstorm Or Hail#0.75|Earthquake#0|Hurricane#1|Wildfire#0|Flood#0
Seasonal | 766 | C,All Other Perils#0.73|Windstorm Or Hail#0.73|Earthquake#0|Hurricane#1|Wildfire#0|Flood#0
Seasonal | 781 | C,All Other Perils#0.7|Windstorm Or Hail#0.7|Earthquake#0|Hurricane#1|Wildfire#0|Flood#0
Seasonal | 796 | C,All Other Perils#0.68|Windstorm Or Hail#0.68|Earthquake#0|Hurricane#1|Wildfire#0|Flood#0
Seasonal | 811 | C,All Other Perils#0.66|Windstorm Or Hail#0.66|Earthquake#0|Hurricane#1|Wildfire#0|Flood#0
Seasonal | 826 | C,All Other Perils#0.63|Windstorm Or Hail#0.63|Earthquake#0|Hurricane#1|Wildfire#0|Flood#0
Seasonal | 841 | C,All Other Perils#0.62|Windstorm Or Hail#0.62|Earthquake#0|Hurricane#1|Wildfire#0|Flood#0
Seasonal | 861 | C,All Other Perils#0.57|Windstorm Or Hail#0.57|Earthquake#0|Hurricane#1|Wildfire#0|Flood#0
Seasonal | 998 | C,All Other Perils#1|Windstorm Or Hail#1|Earthquake#0|Hurricane#1|Wildfire#0|Flood#0
Seasonal | 999 | C,All Other Perils#1|Windstorm Or Hail#1|Earthquake#0|Hurricane#1|Wildfire#0|Flood#0
Rental | 1 | C,All Other Perils#1.39|Windstorm Or Hail#1.39|Earthquake#0|Hurricane#1|Wildfire#0|Flood#0
Rental | 391 | C,All Other Perils#1.39|Windstorm Or Hail#1.39|Earthquake#0|Hurricane#1|Wildfire#0|Flood#0
Rental | 431 | C,All Other Perils#1.39|Windstorm Or Hail#1.39|Earthquake#0|Hurricane#1|Wildfire#0|Flood#0
Rental | 451 | C,All Other Perils#1.39|Windstorm Or Hail#1.39|Earthquake#0|Hurricane#1|Wildfire#0|Flood#0
Rental | 466 | C,All Other Perils#1.39|Windstorm Or Hail#1.39|Earthquake#0|Hurricane#1|Wildfire#0|Flood#0
Rental | 481 | C,All Other Perils#1.39|Windstorm Or Hail#1.39|Earthquake#0|Hurricane#1|Wildfire#0|Flood#0
Rental | 496 | C,All Other Perils#1.39|Windstorm Or Hail#1.39|Earthquake#0|Hurricane#1|Wildfire#0|Flood#0
Rental | 511 | C,All Other Perils#1.39|Windstorm Or Hail#1.39|Earthquake#0|Hurricane#1|Wildfire#0|Flood#0
Rental | 521 | C,All Other Perils#1.39|Windstorm Or Hail#1.39|Earthquake#0|Hurricane#1|Wildfire#0|Flood#0
Rental | 531 | C,All Other Perils#1.33|Windstorm Or Hail#1.33|Earthquake#0|Hurricane#1|Wildfire#0|Flood#0
Rental | 541 | C,All Other Perils#1.28|Windstorm Or Hail#1.28|Earthquake#0|Hurricane#1|Wildfire#0|Flood#0
Rental | 551 | C,All Other Perils#1.24|Windstorm Or Hail#1.24|Earthquake#0|Hurricane#1|Wildfire#0|Flood#0
Rental | 561 | C,All Other Perils#1.2|Windstorm Or Hail#1.2|Earthquake#0|Hurricane#1|Wildfire#0|Flood#0
Rental | 571 | C,All Other Perils#1.16|Windstorm Or Hail#1.16|Earthquake#0|Hurricane#1|Wildfire#0|Flood#0
Rental | 581 | C,All Other Perils#1.13|Windstorm Or Hail#1.13|Earthquake#0|Hurricane#1|Wildfire#0|Flood#0
Rental | 591 | C,All Other Perils#1.1|Windstorm Or Hail#1.1|Earthquake#0|Hurricane#1|Wildfire#0|Flood#0
Rental | 601 | C,All Other Perils#1.06|Windstorm Or Hail#1.06|Earthquake#0|Hurricane#1|Wildfire#0|Flood#0
Rental | 611 | C,All Other Perils#1.03|Windstorm Or Hail#1.03|Earthquake#0|Hurricane#1|Wildfire#0|Flood#0
Rental | 621 | C,All Other Perils#1|Windstorm Or Hail#1|Earthquake#0|Hurricane#1|Wildfire#0|Flood#0
Rental | 631 | C,All Other Perils#0.98|Windstorm Or Hail#0.98|Earthquake#0|Hurricane#1|Wildfire#0|Flood#0
Rental | 641 | C,All Other Perils#0.95|Windstorm Or Hail#0.95|Earthquake#0|Hurricane#1|Wildfire#0|Flood#0
Rental | 651 | C,All Other Perils#0.93|Windstorm Or Hail#0.93|Earthquake#0|Hurricane#1|Wildfire#0|Flood#0
Rental | 661 | C,All Other Perils#0.91|Windstorm Or Hail#0.91|Earthquake#0|Hurricane#1|Wildfire#0|Flood#0
Rental | 671 | C,All Other Perils#0.89|Windstorm Or Hail#0.89|Earthquake#0|Hurricane#1|Wildfire#0|Flood#0
Rental | 681 | C,All Other Perils#0.87|Windstorm Or Hail#0.87|Earthquake#0|Hurricane#1|Wildfire#0|Flood#0
Rental | 691 | C,All Other Perils#0.85|Windstorm Or Hail#0.85|Earthquake#0|Hurricane#1|Wildfire#0|Flood#0
Rental | 701 | C,All Other Perils#0.84|Windstorm Or Hail#0.84|Earthquake#0|Hurricane#1|Wildfire#0|Flood#0
Rental | 711 | C,All Other Perils#0.84|Windstorm Or Hail#0.84|Earthquake#0|Hurricane#1|Wildfire#0|Flood#0
Rental | 721 | C,All Other Perils#0.84|Windstorm Or Hail#0.84|Earthquake#0|Hurricane#1|Wildfire#0|Flood#0
Rental | 731 | C,All Other Perils#0.84|Windstorm Or Hail#0.84|Earthquake#0|Hurricane#1|Wildfire#0|Flood#0
Rental | 741 | C,All Other Perils#0.84|Windstorm Or Hail#0.84|Earthquake#0|Hurricane#1|Wildfire#0|Flood#0
Rental | 751 | C,All Other Perils#0.84|Windstorm Or Hail#0.84|Earthquake#0|Hurricane#1|Wildfire#0|Flood#0
Rental | 766 | C,All Other Perils#0.84|Windstorm Or Hail#0.84|Earthquake#0|Hurricane#1|Wildfire#0|Flood#0
Rental | 781 | C,All Other Perils#0.84|Windstorm Or Hail#0.84|Earthquake#0|Hurricane#1|Wildfire#0|Flood#0
Rental | 796 | C,All Other Perils#0.84|Windstorm Or Hail#0.84|Earthquake#0|Hurricane#1|Wildfire#0|Flood#0
Rental | 811 | C,All Other Perils#0.84|Windstorm Or Hail#0.84|Earthquake#0|Hurricane#1|Wildfire#0|Flood#0
Rental | 826 | C,All Other Perils#0.84|Windstorm Or Hail#0.84|Earthquake#0|Hurricane#1|Wildfire#0|Flood#0
Rental | 841 | C,All Other Perils#0.84|Windstorm Or Hail#0.84|Earthquake#0|Hurricane#1|Wildfire#0|Flood#0
Rental | 861 | C,All Other Perils#0.84|Windstorm Or Hail#0.84|Earthquake#0|Hurricane#1|Wildfire#0|Flood#0
Rental | 998 | C,All Other Perils#1|Windstorm Or Hail#1|Earthquake#0|Hurricane#1|Wildfire#0|Flood#0
Rental | 999 | C,All Other Perils#1|Windstorm Or Hail#1|Earthquake#0|Hurricane#1|Wildfire#0|Flood#0
Vacant | 1 | C,All Other Perils#2.25|Windstorm Or Hail#2.25|Earthquake#0|Hurricane#1|Wildfire#0|Flood#0
Vacant | 391 | C,All Other Perils#1.97|Windstorm Or Hail#1.97|Earthquake#0|Hurricane#1|Wildfire#0|Flood#0
Vacant | 431 | C,All Other Perils#1.82|Windstorm Or Hail#1.82|Earthquake#0|Hurricane#1|Wildfire#0|Flood#0
Vacant | 451 | C,All Other Perils#1.73|Windstorm Or Hail#1.73|Earthquake#0|Hurricane#1|Wildfire#0|Flood#0
Vacant | 466 | C,All Other Perils#1.65|Windstorm Or Hail#1.65|Earthquake#0|Hurricane#1|Wildfire#0|Flood#0
Vacant | 481 | C,All Other Perils#1.58|Windstorm Or Hail#1.58|Earthquake#0|Hurricane#1|Wildfire#0|Flood#0
Vacant | 496 | C,All Other Perils#1.51|Windstorm Or Hail#1.51|Earthquake#0|Hurricane#1|Wildfire#0|Flood#0
Vacant | 511 | C,All Other Perils#1.45|Windstorm Or Hail#1.45|Earthquake#0|Hurricane#1|Wildfire#0|Flood#0
Vacant | 521 | C,All Other Perils#1.39|Windstorm Or Hail#1.39|Earthquake#0|Hurricane#1|Wildfire#0|Flood#0
Vacant | 531 | C,All Other Perils#1.33|Windstorm Or Hail#1.33|Earthquake#0|Hurricane#1|Wildfire#0|Flood#0
Vacant | 541 | C,All Other Perils#1.28|Windstorm Or Hail#1.28|Earthquake#0|Hurricane#1|Wildfire#0|Flood#0
Vacant | 551 | C,All Other Perils#1.24|Windstorm Or Hail#1.24|Earthquake#0|Hurricane#1|Wildfire#0|Flood#0
Vacant | 561 | C,All Other Perils#1.2|Windstorm Or Hail#1.2|Earthquake#0|Hurricane#1|Wildfire#0|Flood#0
Vacant | 571 | C,All Other Perils#1.16|Windstorm Or Hail#1.16|Earthquake#0|Hurricane#1|Wildfire#0|Flood#0
Vacant | 581 | C,All Other Perils#1.13|Windstorm Or Hail#1.13|Earthquake#0|Hurricane#1|Wildfire#0|Flood#0
Vacant | 591 | C,All Other Perils#1.1|Windstorm Or Hail#1.1|Earthquake#0|Hurricane#1|Wildfire#0|Flood#0
Vacant | 601 | C,All Other Perils#1.06|Windstorm Or Hail#1.06|Earthquake#0|Hurricane#1|Wildfire#0|Flood#0
Vacant | 611 | C,All Other Perils#1.03|Windstorm Or Hail#1.03|Earthquake#0|Hurricane#1|Wildfire#0|Flood#0
Vacant | 621 | C,All Other Perils#1|Windstorm Or Hail#1|Earthquake#0|Hurricane#1|Wildfire#0|Flood#0
Vacant | 631 | C,All Other Perils#0.98|Windstorm Or Hail#0.98|Earthquake#0|Hurricane#1|Wildfire#0|Flood#0
Vacant | 641 | C,All Other Perils#0.95|Windstorm Or Hail#0.95|Earthquake#0|Hurricane#1|Wildfire#0|Flood#0
Vacant | 651 | C,All Other Perils#0.93|Windstorm Or Hail#0.93|Earthquake#0|Hurricane#1|Wildfire#0|Flood#0
Vacant | 661 | C,All Other Perils#0.91|Windstorm Or Hail#0.91|Earthquake#0|Hurricane#1|Wildfire#0|Flood#0
Vacant | 671 | C,All Other Perils#0.89|Windstorm Or Hail#0.89|Earthquake#0|Hurricane#1|Wildfire#0|Flood#0
Vacant | 681 | C,All Other Perils#0.87|Windstorm Or Hail#0.87|Earthquake#0|Hurricane#1|Wildfire#0|Flood#0
Vacant | 691 | C,All Other Perils#0.85|Windstorm Or Hail#0.85|Earthquake#0|Hurricane#1|Wildfire#0|Flood#0
Vacant | 701 | C,All Other Perils#0.84|Windstorm Or Hail#0.84|Earthquake#0|Hurricane#1|Wildfire#0|Flood#0
Vacant | 711 | C,All Other Perils#0.82|Windstorm Or Hail#0.82|Earthquake#0|Hurricane#1|Wildfire#0|Flood#0
Vacant | 721 | C,All Other Perils#0.8|Windstorm Or Hail#0.8|Earthquake#0|Hurricane#1|Wildfire#0|Flood#0
Vacant | 731 | C,All Other Perils#0.78|Windstorm Or Hail#0.78|Earthquake#0|Hurricane#1|Wildfire#0|Flood#0
Vacant | 741 | C,All Other Perils#0.77|Windstorm Or Hail#0.77|Earthquake#0|Hurricane#1|Wildfire#0|Flood#0
Vacant | 751 | C,All Other Perils#0.75|Windstorm Or Hail#0.75|Earthquake#0|Hurricane#1|Wildfire#0|Flood#0
Vacant | 766 | C,All Other Perils#0.73|Windstorm Or Hail#0.73|Earthquake#0|Hurricane#1|Wildfire#0|Flood#0
Vacant | 781 | C,All Other Perils#0.7|Windstorm Or Hail#0.7|Earthquake#0|Hurricane#1|Wildfire#0|Flood#0
Vacant | 796 | C,All Other Perils#0.68|Windstorm Or Hail#0.68|Earthquake#0|Hurricane#1|Wildfire#0|Flood#0
Vacant | 811 | C,All Other Perils#0.66|Windstorm Or Hail#0.66|Earthquake#0|Hurricane#1|Wildfire#0|Flood#0
Vacant | 826 | C,All Other Perils#0.63|Windstorm Or Hail#0.63|Earthquake#0|Hurricane#1|Wildfire#0|Flood#0
Vacant | 841 | C,All Other Perils#0.62|Windstorm Or Hail#0.62|Earthquake#0|Hurricane#1|Wildfire#0|Flood#0
Vacant | 861 | C,All Other Perils#0.57|Windstorm Or Hail#0.57|Earthquake#0|Hurricane#1|Wildfire#0|Flood#0
Vacant | 998 | C,All Other Perils#1|Windstorm Or Hail#1|Earthquake#0|Hurricane#1|Wildfire#0|Flood#0
Vacant | 999 | C,All Other Perils#1|Windstorm Or Hail#1|Earthquake#0|Hurricane#1|Wildfire#0|Flood#0
Tenant | 1 | C,All Other Perils#2.25|Windstorm Or Hail#2.25|Earthquake#0|Hurricane#1|Wildfire#0|Flood#0
Tenant | 391 | C,All Other Perils#1.97|Windstorm Or Hail#1.97|Earthquake#0|Hurricane#1|Wildfire#0|Flood#0
Tenant | 431 | C,All Other Perils#1.82|Windstorm Or Hail#1.82|Earthquake#0|Hurricane#1|Wildfire#0|Flood#0
Tenant | 451 | C,All Other Perils#1.73|Windstorm Or Hail#1.73|Earthquake#0|Hurricane#1|Wildfire#0|Flood#0
Tenant | 466 | C,All Other Perils#1.65|Windstorm Or Hail#1.65|Earthquake#0|Hurricane#1|Wildfire#0|Flood#0
Tenant | 481 | C,All Other Perils#1.58|Windstorm Or Hail#1.58|Earthquake#0|Hurricane#1|Wildfire#0|Flood#0
Tenant | 496 | C,All Other Perils#1.51|Windstorm Or Hail#1.51|Earthquake#0|Hurricane#1|Wildfire#0|Flood#0
Tenant | 511 | C,All Other Perils#1.45|Windstorm Or Hail#1.45|Earthquake#0|Hurricane#1|Wildfire#0|Flood#0
Tenant | 521 | C,All Other Perils#1.39|Windstorm Or Hail#1.39|Earthquake#0|Hurricane#1|Wildfire#0|Flood#0
Tenant | 531 | C,All Other Perils#1.33|Windstorm Or Hail#1.33|Earthquake#0|Hurricane#1|Wildfire#0|Flood#0
Tenant | 541 | C,All Other Perils#1.28|Windstorm Or Hail#1.28|Earthquake#0|Hurricane#1|Wildfire#0|Flood#0
Tenant | 551 | C,All Other Perils#1.24|Windstorm Or Hail#1.24|Earthquake#0|Hurricane#1|Wildfire#0|Flood#0
Tenant | 561 | C,All Other Perils#1.2|Windstorm Or Hail#1.2|Earthquake#0|Hurricane#1|Wildfire#0|Flood#0
Tenant | 571 | C,All Other Perils#1.16|Windstorm Or Hail#1.16|Earthquake#0|Hurricane#1|Wildfire#0|Flood#0
Tenant | 581 | C,All Other Perils#1.13|Windstorm Or Hail#1.13|Earthquake#0|Hurricane#1|Wildfire#0|Flood#0
Tenant | 591 | C,All Other Perils#1.1|Windstorm Or Hail#1.1|Earthquake#0|Hurricane#1|Wildfire#0|Flood#0
Tenant | 601 | C,All Other Perils#1.06|Windstorm Or Hail#1.06|Earthquake#0|Hurricane#1|Wildfire#0|Flood#0
Tenant | 611 | C,All Other Perils#1.03|Windstorm Or Hail#1.03|Earthquake#0|Hurricane#1|Wildfire#0|Flood#0
Tenant | 621 | C,All Other Perils#1|Windstorm Or Hail#1|Earthquake#0|Hurricane#1|Wildfire#0|Flood#0
Tenant | 631 | C,All Other Perils#0.98|Windstorm Or Hail#0.98|Earthquake#0|Hurricane#1|Wildfire#0|Flood#0
Tenant | 641 | C,All Other Perils#0.95|Windstorm Or Hail#0.95|Earthquake#0|Hurricane#1|Wildfire#0|Flood#0
Tenant | 651 | C,All Other Perils#0.93|Windstorm Or Hail#0.93|Earthquake#0|Hurricane#1|Wildfire#0|Flood#0
Tenant | 661 | C,All Other Perils#0.91|Windstorm Or Hail#0.91|Earthquake#0|Hurricane#1|Wildfire#0|Flood#0
Tenant | 671 | C,All Other Perils#0.89|Windstorm Or Hail#0.89|Earthquake#0|Hurricane#1|Wildfire#0|Flood#0
Tenant | 681 | C,All Other Perils#0.87|Windstorm Or Hail#0.87|Earthquake#0|Hurricane#1|Wildfire#0|Flood#0
Tenant | 691 | C,All Other Perils#0.85|Windstorm Or Hail#0.85|Earthquake#0|Hurricane#1|Wildfire#0|Flood#0
Tenant | 701 | C,All Other Perils#0.84|Windstorm Or Hail#0.84|Earthquake#0|Hurricane#1|Wildfire#0|Flood#0
Tenant | 711 | C,All Other Perils#0.82|Windstorm Or Hail#0.82|Earthquake#0|Hurricane#1|Wildfire#0|Flood#0
Tenant | 721 | C,All Other Perils#0.8|Windstorm Or Hail#0.8|Earthquake#0|Hurricane#1|Wildfire#0|Flood#0
Tenant | 731 | C,All Other Perils#0.78|Windstorm Or Hail#0.78|Earthquake#0|Hurricane#1|Wildfire#0|Flood#0
Tenant | 741 | C,All Other Perils#0.77|Windstorm Or Hail#0.77|Earthquake#0|Hurricane#1|Wildfire#0|Flood#0
Tenant | 751 | C,All Other Perils#0.75|Windstorm Or Hail#0.75|Earthquake#0|Hurricane#1|Wildfire#0|Flood#0
Tenant | 766 | C,All Other Perils#0.73|Windstorm Or Hail#0.73|Earthquake#0|Hurricane#1|Wildfire#0|Flood#0
Tenant | 781 | C,All Other Perils#0.7|Windstorm Or Hail#0.7|Earthquake#0|Hurricane#1|Wildfire#0|Flood#0
Tenant | 796 | C,All Other Perils#0.68|Windstorm Or Hail#0.68|Earthquake#0|Hurricane#1|Wildfire#0|Flood#0
Tenant | 811 | C,All Other Perils#0.66|Windstorm Or Hail#0.66|Earthquake#0|Hurricane#1|Wildfire#0|Flood#0
Tenant | 826 | C,All Other Perils#0.63|Windstorm Or Hail#0.63|Earthquake#0|Hurricane#1|Wildfire#0|Flood#0
Tenant | 841 | C,All Other Perils#0.62|Windstorm Or Hail#0.62|Earthquake#0|Hurricane#1|Wildfire#0|Flood#0
Tenant | 861 | C,All Other Perils#0.57|Windstorm Or Hail#0.57|Earthquake#0|Hurricane#1|Wildfire#0|Flood#0
Tenant | 998 | C,All Other Perils#1|Windstorm Or Hail#1|Earthquake#0|Hurricane#1|Wildfire#0|Flood#0
Tenant | 999 | C,All Other Perils#1|Windstorm Or Hail#1|Earthquake#0|Hurricane#1|Wildfire#0|Flood#0