key,value
Athens,Mandatory
Belmont,Mandatory
Carroll,Mandatory
Columbiana,Mandatory
Coshocton,Mandatory
Gallia,Mandatory
Guernsey,Mandatory
Harrison,Mandatory
Hocking,Mandatory
Holmes,Mandatory
Jackson,Mandatory
Jefferson,Mandatory
Lawrence,Mandatory
Mahoning,Mandatory
Meigs,Mandatory
Monroe,Mandatory
Morgan,Mandatory
Muskingum,Mandatory
Noble,Mandatory
Perry,Mandatory
Scioto,Mandatory
Stark,Mandatory
Trumbull,Mandatory
Tuscarawas,Mandatory
Vinton,Mandatory
Washington,Mandatory
Delaware,Optional
Erie,Optional
Geauga,Optional
Lake,Optional
Licking,Optional
Medina,Optional
Ottawa,Optional
Portage,Optional
Preble,Optional
Summit,Optional
Wayne,Optional
*,Not Applied