key,value
1 | A,All Other Perils#1|Windstorm Or Hail#1|Earthquake#0|Hurricane#0|Wildfire#0|Flood#0
2 | A,All Other Perils#0.95|Windstorm Or Hail#0.95|Earthquake#0|Hurricane#0|Wildfire#0|Flood#0
1 | B,All Other Perils#1|Windstorm Or Hail#1|Earthquake#0|Hurricane#0|Wildfire#0|Flood#0
2 | B,All Other Perils#0.95|Windstorm Or Hail#0.95|Earthquake#0|Hurricane#0|Wildfire#0|Flood#0
1 | C,All Other Perils#1|Windstorm Or Hail#1|Earthquake#0|Hurricane#0|Wildfire#0|Flood#0
2 | C,All Other Perils#0.95|Windstorm Or Hail#0.95|Earthquake#0|Hurricane#0|Wildfire#0|Flood#0