key,value
Owner | A,All Other Perils#0.98|Windstorm Or Hail#0.98|Earthquake#0|Hurricane#1|Wildfire#0|Flood#0
Rental | A,All Other Perils#1.4|Windstorm Or Hail#1.4|Earthquake#0|Hurricane#1|Wildfire#0|Flood#0
Seasonal | A,All Other Perils#0.95|Windstorm Or Hail#0.95|Earthquake#0|Hurricane#1|Wildfire#0|Flood#0
Vacant | A,All Other Perils#1.86|Windstorm Or Hail#1.86|Earthquake#0|Hurricane#0|Wildfire#0|Flood#0
Owner | B,All Other Perils#0.94|Windstorm Or Hail#0.94|Earthquake#0|Hurricane#1|Wildfire#0|Flood#0
Rental | B,All Other Perils#1.25|Windstorm Or Hail#1.25|Earthquake#0|Hurricane#1|Wildfire#0|Flood#0
Seasonal | B,All Other Perils#0.94|Windstorm Or Hail#0.94|Earthquake#0|Hurricane#1|Wildfire#0|Flood#0
Vacant | B,All Other Perils#1.25|Windstorm Or Hail#1.25|Earthquake#0|Hurricane#0|Wildfire#0|Flood#0
Owner | C,All Other Perils#1|Windstorm Or Hail#1|Earthquake#0|Hurricane#1|Wildfire#0|Flood#0
Rental | C,All Other Perils#1.32|Windstorm Or Hail#1.32|Earthquake#0|Hurricane#1|Wildfire#0|Flood#0
Seasonal | C,All Other Perils#1.3|Windstorm Or Hail#1.3|Earthquake#0|Hurricane#1|Wildfire#0|Flood#0
Vacant | C,All Other Perils#1.32|Windstorm Or Hail#1.32|Earthquake#0|Hurricane#0|Wildfire#0|Flood#0
Tenant | C,All Other Perils#9|Windstorm Or Hail#9|Earthquake#0|Hurricane#1|Wildfire#0|Flood#0