key,value
Owner | 1 | 0 | A,All Other Perils#1|Windstorm Or Hail#1|Earthquake#0|Hurricane#0|Wildfire#0
Owner | 1 | 8 | A,All Other Perils#1.1|Windstorm Or Hail#1.1|Earthquake#0|Hurricane#0|Wildfire#0
Owner | 1 | 31 | A,All Other Perils#1.3|Windstorm Or Hail#1.3|Earthquake#0|Hurricane#0|Wildfire#0
Owner | 1 | 91 | A,All Other Perils#1.5|Windstorm Or Hail#1.5|Earthquake#0|Hurricane#0|Wildfire#0
Owner | 2 | 0 | A,All Other Perils#1|Windstorm Or Hail#1|Earthquake#0|Hurricane#0|Wildfire#0
Owner | 2 | 8 | A,All Other Perils#1|Windstorm Or Hail#1|Earthquake#0|Hurricane#0|Wildfire#0
Owner | 2 | 31 | A,All Other Perils#1|Windstorm Or Hail#1|Earthquake#0|Hurricane#0|Wildfire#0
Owner | 2 | 91 | A,All Other Perils#1|Windstorm Or Hail#1|Earthquake#0|Hurricane#0|Wildfire#0
Seasonal | 1 | 0 | A,All Other Perils#1|Windstorm Or Hail#1|Earthquake#0|Hurricane#0|Wildfire#0
Seasonal | 1 | 8 | A,All Other Perils#1.1|Windstorm Or Hail#1.1|Earthquake#0|Hurricane#0|Wildfire#0
Seasonal | 1 | 31 | A,All Other Perils#1.3|Windstorm Or Hail#1.3|Earthquake#0|Hurricane#0|Wildfire#0
Seasonal | 1 | 91 | A,All Other Perils#1.5|Windstorm Or Hail#1.5|Earthquake#0|Hurricane#0|Wildfire#0
Seasonal | 2 | 0 | A,All Other Perils#1|Windstorm Or Hail#1|Earthquake#0|Hurricane#0|Wildfire#0
Seasonal | 2 | 8 | A,All Other Perils#1|Windstorm Or Hail#1|Earthquake#0|Hurricane#0|Wildfire#0
Seasonal | 2 | 31 | A,All Other Perils#1|Windstorm Or Hail#1|Earthquake#0|Hurricane#0|Wildfire#0
Seasonal | 2 | 91 | A,All Other Perils#1|Windstorm Or Hail#1|Earthquake#0|Hurricane#0|Wildfire#0
Rental | 1 | 0 | A,All Other Perils#1|Windstorm Or Hail#1|Earthquake#0|Hurricane#0|Wildfire#0
Rental | 1 | 8 | A,All Other Perils#1.1|Windstorm Or Hail#1.1|Earthquake#0|Hurricane#0|Wildfire#0
Rental | 1 | 31 | A,All Other Perils#1.3|Windstorm Or Hail#1.3|Earthquake#0|Hurricane#0|Wildfire#0
Rental | 1 | 91 | A,All Other Perils#1.5|Windstorm Or Hail#1.5|Earthquake#0|Hurricane#0|Wildfire#0
Rental | 2 | 0 | A,All Other Perils#1|Windstorm Or Hail#1|Earthquake#0|Hurricane#0|Wildfire#0
Rental | 2 | 8 | A,All Other Perils#1|Windstorm Or Hail#1|Earthquake#0|Hurricane#0|Wildfire#0
Rental | 2 | 31 | A,All Other Perils#1|Windstorm Or Hail#1|Earthquake#0|Hurricane#0|Wildfire#0
Rental | 2 | 91 | A,All Other Perils#1|Windstorm Or Hail#1|Earthquake#0|Hurricane#0|Wildfire#0
Vacant | 1 | 0 | A,All Other Perils#1|Windstorm Or Hail#1|Earthquake#0|Hurricane#0|Wildfire#0
Vacant | 1 | 8 | A,All Other Perils#1.1|Windstorm Or Hail#1.1|Earthquake#0|Hurricane#0|Wildfire#0
Vacant | 1 | 31 | A,All Other Perils#1.3|Windstorm Or Hail#1.3|Earthquake#0|Hurricane#0|Wildfire#0
Vacant | 1 | 91 | A,All Other Perils#1.5|Windstorm Or Hail#1.5|Earthquake#0|Hurricane#0|Wildfire#0
Vacant | 2 | 0 | A,All Other Perils#1|Windstorm Or Hail#1|Earthquake#0|Hurricane#0|Wildfire#0
Vacant | 2 | 8 | A,All Other Perils#1|Windstorm Or Hail#1|Earthquake#0|Hurricane#0|Wildfire#0
Vacant | 2 | 31 | A,All Other Perils#1|Windstorm Or Hail#1|Earthquake#0|Hurricane#0|Wildfire#0
Vacant | 2 | 91 | A,All Other Perils#1|Windstorm Or Hail#1|Earthquake#0|Hurricane#0|Wildfire#0
Owner | 1 | 0 | B,All Other Perils#1|Windstorm Or Hail#1|Earthquake#0|Hurricane#0|Wildfire#0
Owner | 1 | 8 | B,All Other Perils#1.1|Windstorm Or Hail#1.1|Earthquake#0|Hurricane#0|Wildfire#0
Owner | 1 | 31 | B,All Other Perils#1.3|Windstorm Or Hail#1.3|Earthquake#0|Hurricane#0|Wildfire#0
Owner | 1 | 91 | B,All Other Perils#1.5|Windstorm Or Hail#1.5|Earthquake#0|Hurricane#0|Wildfire#0
Owner | 2 | 0 | B,All Other Perils#1|Windstorm Or Hail#1|Earthquake#0|Hurricane#0|Wildfire#0
Owner | 2 | 8 | B,All Other Perils#1|Windstorm Or Hail#1|Earthquake#0|Hurricane#0|Wildfire#0
Owner | 2 | 31 | B,All Other Perils#1|Windstorm Or Hail#1|Earthquake#0|Hurricane#0|Wildfire#0
Owner | 2 | 91 | B,All Other Perils#1|Windstorm Or Hail#1|Earthquake#0|Hurricane#0|Wildfire#0
Seasonal | 1 | 0 | B,All Other Perils#1|Windstorm Or Hail#1|Earthquake#0|Hurricane#0|Wildfire#0
Seasonal | 1 | 8 | B,All Other Perils#1.1|Windstorm Or Hail#1.1|Earthquake#0|Hurricane#0|Wildfire#0
Seasonal | 1 | 31 | B,All Other Perils#1.3|Windstorm Or Hail#1.3|Earthquake#0|Hurricane#0|Wildfire#0
Seasonal | 1 | 91 | B,All Other Perils#1.5|Windstorm Or Hail#1.5|Earthquake#0|Hurricane#0|Wildfire#0
Seasonal | 2 | 0 | B,All Other Perils#1|Windstorm Or Hail#1|Earthquake#0|Hurricane#0|Wildfire#0
Seasonal | 2 | 8 | B,All Other Perils#1|Windstorm Or Hail#1|Earthquake#0|Hurricane#0|Wildfire#0
Seasonal | 2 | 31 | B,All Other Perils#1|Windstorm Or Hail#1|Earthquake#0|Hurricane#0|Wildfire#0
Seasonal | 2 | 91 | B,All Other Perils#1|Windstorm Or Hail#1|Earthquake#0|Hurricane#0|Wildfire#0
Rental | 1 | 0 | B,All Other Perils#1|Windstorm Or Hail#1|Earthquake#0|Hurricane#0|Wildfire#0
Rental | 1 | 8 | B,All Other Perils#1.1|Windstorm Or Hail#1.1|Earthquake#0|Hurricane#0|Wildfire#0
Rental | 1 | 31 | B,All Other Perils#1.3|Windstorm Or Hail#1.3|Earthquake#0|Hurricane#0|Wildfire#0
Rental | 1 | 91 | B,All Other Perils#1.5|Windstorm Or Hail#1.5|Earthquake#0|Hurricane#0|Wildfire#0
Rental | 2 | 0 | B,All Other Perils#1|Windstorm Or Hail#1|Earthquake#0|Hurricane#0|Wildfire#0
Rental | 2 | 8 | B,All Other Perils#1|Windstorm Or Hail#1|Earthquake#0|Hurricane#0|Wildfire#0
Rental | 2 | 31 | B,All Other Perils#1|Windstorm Or Hail#1|Earthquake#0|Hurricane#0|Wildfire#0
Rental | 2 | 91 | B,All Other Perils#1|Windstorm Or Hail#1|Earthquake#0|Hurricane#0|Wildfire#0
Vacant | 1 | 0 | B,All Other Perils#1|Windstorm Or Hail#1|Earthquake#0|Hurricane#0|Wildfire#0
Vacant | 1 | 8 | B,All Other Perils#1.1|Windstorm Or Hail#1.1|Earthquake#0|Hurricane#0|Wildfire#0
Vacant | 1 | 31 | B,All Other Perils#1.3|Windstorm Or Hail#1.3|Earthquake#0|Hurricane#0|Wildfire#0
Vacant | 1 | 91 | B,All Other Perils#1.5|Windstorm Or Hail#1.5|Earthquake#0|Hurricane#0|Wildfire#0
Vacant | 2 | 0 | B,All Other Perils#1|Windstorm Or Hail#1|Earthquake#0|Hurricane#0|Wildfire#0
Vacant | 2 | 8 | B,All Other Perils#1|Windstorm Or Hail#1|Earthquake#0|Hurricane#0|Wildfire#0
Vacant | 2 | 31 | B,All Other Perils#1|Windstorm Or Hail#1|Earthquake#0|Hurricane#0|Wildfire#0
Vacant | 2 | 91 | B,All Other Perils#1|Windstorm Or Hail#1|Earthquake#0|Hurricane#0|Wildfire#0
Owner | 1 | 0 | C,All Other Perils#1|Windstorm Or Hail#1|Earthquake#0|Hurricane#0|Wildfire#0
Owner | 1 | 8 | C,All Other Perils#1.1|Windstorm Or Hail#1.1|Earthquake#0|Hurricane#0|Wildfire#0
Owner | 1 | 31 | C,All Other Perils#1.3|Windstorm Or Hail#1.3|Earthquake#0|Hurricane#0|Wildfire#0
Owner | 1 | 91 | C,All Other Perils#1.5|Windstorm Or Hail#1.5|Earthquake#0|Hurricane#0|Wildfire#0
Owner | 2 | 0 | C,All Other Perils#1|Windstorm Or Hail#1|Earthquake#0|Hurricane#0|Wildfire#0
Owner | 2 | 8 | C,All Other Perils#1|Windstorm Or Hail#1|Earthquake#0|Hurricane#0|Wildfire#0
Owner | 2 | 31 | C,All Other Perils#1|Windstorm Or Hail#1|Earthquake#0|Hurricane#0|Wildfire#0
Owner | 2 | 91 | C,All Other Perils#1|Windstorm Or Hail#1|Earthquake#0|Hurricane#0|Wildfire#0
Seasonal | 1 | 0 | C,All Other Perils#1|Windstorm Or Hail#1|Earthquake#0|Hurricane#0|Wildfire#0
Seasonal | 1 | 8 | C,All Other Perils#1.1|Windstorm Or Hail#1.1|Earthquake#0|Hurricane#0|Wildfire#0
Seasonal | 1 | 31 | C,All Other Perils#1.3|Windstorm Or Hail#1.3|Earthquake#0|Hurricane#0|Wildfire#0
Seasonal | 1 | 91 | C,All Other Perils#1.5|Windstorm Or Hail#1.5|Earthquake#0|Hurricane#0|Wildfire#0
Seasonal | 2 | 0 | C,All Other Perils#1|Windstorm Or Hail#1|Earthquake#0|Hurricane#0|Wildfire#0
Seasonal | 2 | 8 | C,All Other Perils#1|Windstorm Or Hail#1|Earthquake#0|Hurricane#0|Wildfire#0
Seasonal | 2 | 31 | C,All Other Perils#1|Windstorm Or Hail#1|Earthquake#0|Hurricane#0|Wildfire#0
Seasonal | 2 | 91 | C,All Other Perils#1|Windstorm Or Hail#1|Earthquake#0|Hurricane#0|Wildfire#0
Rental | 1 | 0 | C,All Other Perils#1|Windstorm Or Hail#1|Earthquake#0|Hurricane#0|Wildfire#0
Rental | 1 | 8 | C,All Other Perils#1.1|Windstorm Or Hail#1.1|Earthquake#0|Hurricane#0|Wildfire#0
Rental | 1 | 31 | C,All Other Perils#1.3|Windstorm Or Hail#1.3|Earthquake#0|Hurricane#0|Wildfire#0
Rental | 1 | 91 | C,All Other Perils#1.5|Windstorm Or Hail#1.5|Earthquake#0|Hurricane#0|Wildfire#0
Rental | 2 | 0 | C,All Other Perils#1|Windstorm Or Hail#1|Earthquake#0|Hurricane#0|Wildfire#0
Rental | 2 | 8 | C,All Other Perils#1|Windstorm Or Hail#1|Earthquake#0|Hurricane#0|Wildfire#0
Rental | 2 | 31 | C,All Other Perils#1|Windstorm Or Hail#1|Earthquake#0|Hurricane#0|Wildfire#0
Rental | 2 | 91 | C,All Other Perils#1|Windstorm Or Hail#1|Earthquake#0|Hurricane#0|Wildfire#0
Vacant | 1 | 0 | C,All Other Perils#1|Windstorm Or Hail#1|Earthquake#0|Hurricane#0|Wildfire#0
Vacant | 1 | 8 | C,All Other Perils#1.1|Windstorm Or Hail#1.1|Earthquake#0|Hurricane#0|Wildfire#0
Vacant | 1 | 31 | C,All Other Perils#1.3|Windstorm Or Hail#1.3|Earthquake#0|Hurricane#0|Wildfire#0
Vacant | 1 | 91 | C,All Other Perils#1.5|Windstorm Or Hail#1.5|Earthquake#0|Hurricane#0|Wildfire#0
Vacant | 2 | 0 | C,All Other Perils#1|Windstorm Or Hail#1|Earthquake#0|Hurricane#0|Wildfire#0
Vacant | 2 | 8 | C,All Other Perils#1|Windstorm Or Hail#1|Earthquake#0|Hurricane#0|Wildfire#0
Vacant | 2 | 31 | C,All Other Perils#1|Windstorm Or Hail#1|Earthquake#0|Hurricane#0|Wildfire#0
Vacant | 2 | 91 | C,All Other Perils#1|Windstorm Or Hail#1|Earthquake#0|Hurricane#0|Wildfire#0
Tenant | 1 | 0 | C,All Other Perils#1|Windstorm Or Hail#1|Earthquake#0|Hurricane#0|Wildfire#0