key,value
Shingle - Composition (3-Tab) | A,All Other Perils#1|Windstorm Or Hail#1|Earthquake#0|Hurricane#1|Wildfire#0|Flood#0
Shingle - Architectural | A,All Other Perils#1|Windstorm Or Hail#1|Earthquake#0|Hurricane#1|Wildfire#0|Flood#0
Metal - Elastomeric Coated | A,All Other Perils#1|Windstorm Or Hail#1|Earthquake#0|Hurricane#1|Wildfire#0|Flood#0
Metal - Standing Seam Heavy Gauge | A,All Other Perils#1|Windstorm Or Hail#1|Earthquake#0|Hurricane#1|Wildfire#0|Flood#0
Membrane Roof | A,All Other Perils#1|Windstorm Or Hail#1|Earthquake#0|Hurricane#1|Wildfire#0|Flood#0
Unknown | A,All Other Perils#1|Windstorm Or Hail#1|Earthquake#0|Hurricane#1|Wildfire#0|Flood#0
Not Listed | A,All Other Perils#1|Windstorm Or Hail#1|Earthquake#0|Hurricane#1|Wildfire#0|Flood#0
Shingle - Composition (3-Tab) | B,All Other Perils#1|Windstorm Or Hail#1|Earthquake#0|Hurricane#1|Wildfire#0|Flood#0
Shingle - Architectural | B,All Other Perils#1|Windstorm Or Hail#1|Earthquake#0|Hurricane#1|Wildfire#0|Flood#0
Metal - Elastomeric Coated | B,All Other Perils#1|Windstorm Or Hail#1|Earthquake#0|Hurricane#1|Wildfire#0|Flood#0
Metal - Standing Seam Heavy Gauge | B,All Other Perils#1|Windstorm Or Hail#1|Earthquake#0|Hurricane#1|Wildfire#0|Flood#0
Membrane Roof | B,All Other Perils#1|Windstorm Or Hail#1|Earthquake#0|Hurricane#1|Wildfire#0|Flood#0
Unknown | B,All Other Perils#1|Windstorm Or Hail#1|Earthquake#0|Hurricane#1|Wildfire#0|Flood#0
Not Listed | B,All Other Perils#1|Windstorm Or Hail#1|Earthquake#0|Hurricane#1|Wildfire#0|Flood#0
Shingle - Composition (3-Tab) | C,All Other Perils#1|Windstorm Or Hail#1|Earthquake#0|Hurricane#1|Wildfire#0|Flood#0
Shingle - Architectural | C,All Other Perils#1|Windstorm Or Hail#1|Earthquake#0|Hurricane#1|Wildfire#0|Flood#0
Metal - Elastomeric Coated | C,All Other Perils#1|Windstorm Or Hail#1|Earthquake#0|Hurricane#1|Wildfire#0|Flood#0
Metal - Standing Seam Heavy Gauge | C,All Other Perils#1|Windstorm Or Hail#1|Earthquake#0|Hurricane#1|Wildfire#0|Flood#0
Membrane Roof | C,All Other Perils#1|Windstorm Or Hail#1|Earthquake#0|Hurricane#1|Wildfire#0|Flood#0
Unknown | C,All Other Perils#1|Windstorm Or Hail#1|Earthquake#0|Hurricane#1|Wildfire#0|Flood#0
Not Listed | C,All Other Perils#1|Windstorm Or Hail#1|Earthquake#0|Hurricane#1|Wildfire#0|Flood#0