key,value
Actual Cash Value | A,All Other Perils#1|Windstorm Or Hail#1|Earthquake#1|Hurricane#1|Wildfire#0|Flood#0
Full Repair Cost | A,All Other Perils#1.2|Windstorm Or Hail#1.2|Earthquake#1.2|Hurricane#0|Wildfire#0|Flood#0
Replacement Cost | A,All Other Perils#1.1|Windstorm Or Hail#1.1|Earthquake#1.1|Hurricane#1|Wildfire#0|Flood#0
Extended Replacement Cost | A,All Other Perils#1.13|Windstorm Or Hail#1.13|Earthquake#1.13|Hurricane#1|Wildfire#0|Flood#0
Actual Cash Value | B,All Other Perils#1|Windstorm Or Hail#1|Earthquake#1|Hurricane#1|Wildfire#0|Flood#0
Full Repair Cost | B,All Other Perils#1.2|Windstorm Or Hail#1.2|Earthquake#1.2|Hurricane#0|Wildfire#0|Flood#0
Replacement Cost | B,All Other Perils#1.1|Windstorm Or Hail#1.1|Earthquake#1.1|Hurricane#1|Wildfire#0|Flood#0
Extended Replacement Cost | B,All Other Perils#1.13|Windstorm Or Hail#1.13|Earthquake#1.13|Hurricane#1|Wildfire#0|Flood#0
Actual Cash Value | C,All Other Perils#1|Windstorm Or Hail#1|Earthquake#1|Hurricane#0|Wildfire#0|Flood#0
Full Repair Cost | C,All Other Perils#0|Windstorm Or Hail#0|Earthquake#0|Hurricane#1|Wildfire#0|Flood#0
Replacement Cost | C,All Other Perils#1.1|Windstorm Or Hail#1.1|Earthquake#1.1|Hurricane#1.1|Wildfire#0|Flood#0
Extended Replacement Cost | C,All Other Perils#0|Windstorm Or Hail#0|Earthquake#0|Hurricane#0|Wildfire#0|Flood#0