key,value
0.1 | A,All Other Perils#-0.185|Windstorm Or Hail#-0.185|Earthquake#0|Hurricane#0|Wildfire#0|Flood#0
0.25 | A,All Other Perils#-0.14|Windstorm Or Hail#-0.14|Earthquake#0|Hurricane#0|Wildfire#0|Flood#0
0.5 | A,All Other Perils#-0.065|Windstorm Or Hail#-0.065|Earthquake#0|Hurricane#0|Wildfire#0|Flood#0
1 | A,All Other Perils#0|Windstorm Or Hail#0|Earthquake#0|Hurricane#0|Wildfire#0|Flood#0
0.1 | B,All Other Perils#-0.185|Windstorm Or Hail#-0.185|Earthquake#0|Hurricane#0|Wildfire#0|Flood#0
0.25 | B,All Other Perils#-0.14|Windstorm Or Hail#-0.14|Earthquake#0|Hurricane#0|Wildfire#0|Flood#0
0.5 | B,All Other Perils#-0.065|Windstorm Or Hail#-0.065|Earthquake#0|Hurricane#0|Wildfire#0|Flood#0
1 | B,All Other Perils#0|Windstorm Or Hail#0|Earthquake#0|Hurricane#0|Wildfire#0|Flood#0
0.1 | C,All Other Perils#-0.185|Windstorm Or Hail#-0.185|Earthquake#0|Hurricane#0|Wildfire#0|Flood#0
0.25 | C,All Other Perils#-0.14|Windstorm Or Hail#-0.14|Earthquake#0|Hurricane#0|Wildfire#0|Flood#0
0.5 | C,All Other Perils#-0.065|Windstorm Or Hail#-0.065|Earthquake#0|Hurricane#0|Wildfire#0|Flood#0
1 | C,All Other Perils#0|Windstorm Or Hail#0|Earthquake#0|Hurricane#0|Wildfire#0|Flood#0