key,value
Athens,Athens
Belmont,Belmont
Carroll,Carroll
Columbiana,Columbiana
Coshocton,Coshocton
Gallia,Gallia
Guernsey,Guernsey
Harrison,Harrison
Hocking,Hocking
Holmes,Holmes
Jackson,Jackson
Jefferson,Jefferson
Lawrence,Lawrence
Mahoning,Mahoning
Meigs,Meigs
Monroe,Monroe
Morgan,Morgan
Muskingum,Muskingum
Noble,Noble
Perry,Perry
Scioto,Scioto
Stark,Stark
Trumbull,Trumbull
Tuscarawas,Tuscarawas
Vinton,Vinton
Delaware,Delaware
Washington,Washington
Erie,Erie
Geauga,Geauga
Lake,Lake
Licking,Licking
Medina,Medina
Ottawa,Ottawa
Portage,Portage
Preble,Preble
Summit,Summit
Wayne,Wayne