{
    "name": "Coverage C - Personal Property",
    "displayName": "Coverage C - Personal Property",
    "fields": [
        {
            "title": "Your Belongings Limit",
            "name": "unscheduled_personal_property_limit",
            "type": "number",
            "newline": true,
            "maximum": 999999999,
            "minimum": 0
        },
        {
            "title": "Personal Property Settlement Option",
            "name": "cov_c_settlement_option",
            "type": "select",
            "values": [
                "Actual Cash Value",
                "Replacement Cost"
            ],
            "newline": true
        }
    ],
    "indemnityPerItem": "0",
    "indemnityPerEvent": "0",
    "indemnityInAggregate": "0",
    "deductible": "0",
    "lumpSumPayment": "0"
}