{"name":"Coverage B - Other Structures","displayName":"Coverage B - Other Structures","fields":[{"title":"Other Structures Limit","name":"other_structures_limit","type":"number","newline":true,"minimum":0,"maximum":999999999},{"title":"Other Structures Settlement Option","name":"cov_b_settlement_option","type":"select","values":["Actual Cash Value","Replacement Cost","Extended Replacement Cost"],"newline":true}],"indemnityPerItem":"0","indemnityPerEvent":"0","indemnityInAggregate":"0","deductible":"0","lumpSumPayment":"0"}