{
    "name": "Damage to Property of Others",
    "displayName": "Damage to Property of Others",
    "fields": [
        {
            "title": "Damage to Property of Others",
            "name": "damage_to_property_of_others",
            "type": "select",
            "values": [
                "$500"
            ],
            "newline": true
        }
    ],
    "indemnityPerItem": "0",
    "indemnityPerEvent": "0",
    "indemnityInAggregate": "0",
    "deductible": "0",
    "lumpSumPayment": "0"
}