{
    "name": "Golf Cart",
    "displayName": "Golf Cart",
    "fields": [
        {
            "title": "Number Of Golf Carts",
            "name": "no_of_golf_carts",
            "type": "select",
            "values": [
                "1",
                "2",
                "3",
                "4",
                "5"
            ],
            "newline": true,
            "optional": false
        }
    ],
    "indemnityPerItem": "0",
    "indemnityPerEvent": "0",
    "indemnityInAggregate": "0",
    "deductible": "0",
    "lumpSumPayment": "0"
}