{"name":"Scheduled Personal Property","displayName":"Scheduled Personal Property","fields":[{"title":"Scheduled Items","name":"scheduled_personals","type":"group","fields":[{"title":"Type of Property","name":"spp_type","type":"select","values":["Jewelry","Guns and Ammunition","Fine Arts","Stamps/Books","Camera/Recorder/Media","Rare and Current Coins","Computer Equipment","Furs","Golfer's Equipment","Musical Instruments","Silverware","Tools","Bikes","All Other"],"newline":true,"width":6},{"title":"Detailed Description","name":"spp_desc","type":"string","multiline":true,"newline":true,"width":6},{"title":"Value","name":"spp_value","type":"number","newline":true,"width":6,"maximum":999999999,"minimum":0}],"repeatable":true,"newline":true}],"indemnityPerItem":"0","indemnityPerEvent":"0","indemnityInAggregate":"0","deductible":"0","lumpSumPayment":"0"}