{
    "name": "Owner Occupied",
    "displayName": "Owner Occupied",
    "fields": [
        {
            "title": "Usage",
            "name": "usage",
            "type": "group",
            "fields": [
                {
                    "title": "Occupancy",
                    "name": "policy_usage",
                    "type": "select",
                    "newline": true,
                    "values": [
                        "Owner"
                    ],
                    "width": 6
                }
            ],
            "newline": true
        },
        {
            "title": "Unit Address",
            "name": "unit_address",
            "type": "group",
            "fields": [
                {
                    "title": "Street Address",
                    "name": "street_address",
                    "type": "string",
                    "newline": true,
                    "width": 12
                },
                {
                    "title": "Lot/Unit#",
                    "name": "lot_unit",
                    "type": "string",
                    "newline": true,
                    "width": 6,
                    "optional": true
                },
                {
                    "title": "City",
                    "name": "city",
                    "type": "string",
                    "newline": false,
                    "width": 6
                },
                {
                    "title": "State",
                    "type": "lookup",
                    "name": "state",
                    "table": "ALLStatesList_DL"
                },
                {
                    "title": "Zip Code",
                    "name": "zip_code",
                    "type": "string",
                    "newline": false,
                    "width": 6,
                    "regex": "^([0-9]{5})*$"
                },
                {
                    "title": "County",
                    "name": "county",
                    "type": "string",
                    "width": 6,
                    "newline": false
                },
                {
                    "title": "Country",
                    "name": "country",
                    "type": "select",
                    "values": [
                        "USA"
                    ],
                    "width": 6,
                    "newline": false
                }
            ],
            "newline": true
        },
        {
            "title": "Unit Construction",
            "name": "unit_construction",
            "type": "group",
            "fields": [
                {
                    "title": "Manufacturer",
                    "name": "manufacturer_name",
                    "type": "lookup",
                    "table": "Manufacturer_DL",
                    "newline": true,
                    "width": 6
                },
                {
                    "title": "Home Type",
                    "name": "home_type",
                    "type": "select",
                    "values": [
                        "Single wide",
                        "Double wide",
                        "Triple wide",
                        "Park Model",
                        "Stationary Travel Trailer",
                        "Accessory Dwelling Unit (ADU)",
                        "Tiny Home",
                        "Modular"
                    ],
                    "newline": false,
                    "width": 6,
                    "match": [
                        "Single wide",
                        "Double wide",
                        "Triple wide",
                        "Park Model",
                        "Stationary Travel Trailer",
                        "Accessory Dwelling Unit (ADU)",
                        "Tiny Home",
                        "Modular"
                    ]
                },
                {
                    "title": "Model Year",
                    "type": "string",
                    "name": "model_year",
                    "regex": "^(18|19|20)\\d{2}$"
                },
                {
                    "title": "Square ft.",
                    "type": "string",
                    "regex": "^\\d{1,5}$",
                    "name": "total_square_footage"
                },
                {
                    "title": "Roof Shape",
                    "name": "roof_shape",
                    "type": "select",
                    "newline": true,
                    "values": [
                        "Gable",
                        "Hip",
                        "Flat",
                        "Bowed/Curved/Arched",
                        "Shed",
                        "Not Listed"
                    ],
                    "width": 6
                },
                {
                    "title": "When was the roof constructed or last replaced?",
                    "type": "string",
                    "name": "roof_year_yyyy",
                    "regex": "^(18|19|20)\\d{2}$"
                },
                {
                    "title": "Roof Condition",
                    "name": "roof_condition",
                    "type": "select",
                    "values": [
                        "Excellent",
                        "Good",
                        "Fair",
                        "Poor",
                        "Severe",
                        "Unknown"
                    ],
                    "newline": true,
                    "width": 6
                },
                {
                    "title": "Roof Material",
                    "name": "roof_material",
                    "type": "select",
                    "values": [
                        "Shingle - Composition (3-Tab)",
                        "Shingle - Architectural",
                        "Metal - Elastomeric Coated (e.g. Kool Seal, Henry)",
                        "Metal - Standing Seam Heavy Gauge",
                        "Membrane Roof",
                        "Not Listed"
                    ],
                    "newline": false,
                    "width": 6,
                    "optional": true
                },
                {
                    "title": "Roof Rating Image Link",
                    "name": "roof_rating_image_link",
                    "type": "string",
                    "optional": true,
                    "width": 12
                },
                {
                    "title": "How would you describe your home's fixtures & finishes?",
                    "name": "home_fixtures",
                    "type": "select",
                    "values": [
                        "Standard",
                        "A few extras",
                        "Top of the line"
                    ],
                    "newline": true,
                    "width": 12
                },
                {
                    "title": "What is your home's HUD tag number?",
                    "name": "home_hud_number",
                    "type": "string",
                    "optional": true,
                    "width": 6,
                    "newline": true,
                    "condition": {
                        "home_type": [
                            "Single wide",
                            "Double wide",
                            "Triple wide",
                            "Park Model"
                        ]
                    },
                    "maximum": 50
                },
                {
                    "title": "What type of skirting does the home have?",
                    "name": "skirting_type",
                    "type": "select",
                    "values": [
                        "Not Fully Enclosed",
                        "Vinyl",
                        "Lattice",
                        "Metal",
                        "Masonry/Brink",
                        "Not Listed"
                    ],
                    "newline": false,
                    "optional": true,
                    "width": 6,
                    "condition": {
                        "home_type": [
                            "Single wide",
                            "Double wide",
                            "Triple wide",
                            "Park Model"
                        ]
                    }
                }
            ],
            "newline": true
        },
        {
            "title": "Unit Details",
            "name": "unit_details",
            "type": "group",
            "fields": [
                {
                    "title": "Unit ID",
                    "name": "unit_id",
                    "type": "string",
                    "newline": false,
                    "width": 6
                },
                {
                    "title": "Form",
                    "name": "form",
                    "type": "select",
                    "values": [
                        "Basic",
                        "Broad",
                        "Special",
                        "Comprehensive"
                    ],
                    "newline": false,
                    "width": 6
                },
                {
                    "title": "Replacement Cost Estimate (RCE)",
                    "name": "rcv",
                    "type": "string",
                    "newline": false,
                    "width": 6,
                    "minimum": 0
                },
                {
                    "title": "Actual Cash Value Estimate",
                    "name": "acv",
                    "type": "string",
                    "newline": false,
                    "width": 6,
                    "minimum": 0
                },
                {
                    "title": "Valuation ID",
                    "name": "valuation_id",
                    "type": "string"
                },
                {
                    "title": "Select a personalized plan",
                    "name": "personalized_plan_type",
                    "type": "select",
                    "values": [
                        "Silver",
                        "Gold",
                        "Platinum"
                    ],
                    "optional": true,
                    "newline": false,
                    "width": 6
                },
                {
                    "title": "When did you take ownership of the home?",
                    "name": "purchase_date",
                    "type": "select",
                    "values": [
                        "I am currently in the buying process",
                        "1-7 days ago",
                        "8-30 days ago",
                        "31-90 days ago",
                        "More than 90 days ago"
                    ],
                    "optional": true,
                    "width": 6,
                    "newline": false
                },
                {
                    "title": "Where is your home located?",
                    "name": "unit_location",
                    "type": "select",
                    "values": [
                        "In a large manufactured home community (equal to or more than 25 units)",
                        "In a small manufactured home community (less than 25 units)",
                        "On my own land"
                    ],
                    "width": 12,
                    "newline": true,
                    "optional": false
                },
                {
                    "title": "What is the name of Community?",
                    "name": "park_name",
                    "type": "select",
                    "values": [
                        "test1",
                        "test2"
                    ],
                    "width": 6,
                    "optional": true,
                    "newline": true
                },
                {
                    "title": "Community Policy Discount",
                    "name": "community_policy_discount",
                    "type": "select",
                    "values": [
                        "No"
                    ],
                    "newline": false,
                    "optional": true,
                    "width": 6
                }
            ],
            "newline": true
        },
        {
            "title": "Territory",
            "name": "territory",
            "type": "group",
            "fields": [
                {
                    "title": "Location Code",
                    "name": "loc_code",
                    "type": "string",
                    "optional": true
                },
                {
                    "title": "Latitude",
                    "name": "lat",
                    "type": "string",
                    "width": 6,
                    "newline": true
                },
                {
                    "title": "Longitude",
                    "name": "long",
                    "type": "string",
                    "newline": false,
                    "width": 6
                },
                {
                    "title": "Grid ID",
                    "name": "grid_id",
                    "type": "string",
                    "width": 6
                },
                {
                    "title": "Territory Code AOP",
                    "name": "territory_code_aop",
                    "type": "string",
                    "newline": false,
                    "width": 6
                },
                {
                    "title": "Territory Code Wind Hail",
                    "name": "territory_code_windhail",
                    "type": "string",
                    "width": 6
                },
                {
                    "title": "Territory Code Earthquake",
                    "name": "territory_code_earthquake",
                    "type": "string",
                    "newline": false,
                    "width": 6
                },
                {
                    "title": "Territory Code Hurricane",
                    "name": "territory_code_hurricane",
                    "type": "string",
                    "optional": true,
                    "width": 6
                },
                {
                    "title": "Territory Code Wild Fire",
                    "name": "territory_code_wild_fire",
                    "type": "string",
                    "optional": true,
                    "newline": false,
                    "width": 6
                },
                {
                    "title": "Territory Code Floods",
                    "name": "territory_code_floods",
                    "type": "string",
                    "optional": true,
                    "width": 6
                },
                {
                    "title": "UW Admitted",
                    "name": "uw_admitted",
                    "type": "select",
                    "values": [
                        "No Concerns(N)",
                        "Reject(X)",
                        "Referral(R)"
                    ]
                }
            ]
        },
        {
            "title": "Additional Interest",
            "name": "additional_interest",
            "type": "group",
            "fields": [
                {
                    "title": "Name of Interested Party",
                    "name": "name",
                    "type": "string",
                    "newline": false,
                    "width": 6
                },
                {
                    "title": "Additional Interest ID",
                    "name": "additional_interest_id",
                    "type": "string",
                    "newline": false,
                    "optional": true,
                    "width": 6
                },
                {
                    "title": "Type of Interest",
                    "name": "type",
                    "type": "select",
                    "newline": true,
                    "values": [
                        "Lienholder",
                        "Property Manager/Park Owner",
                        "Homeowner's Association",
                        "Government/Municipality",
                        "Not Listed"
                    ],
                    "optional": true,
                    "width": 6,
                    "match": [
                        "Lienholder",
                        "Property Manager/Park Owner",
                        "Homeowner's Association",
                        "Government/Municipality",
                        "Not Listed"
                    ]
                },
                {
                    "title": "Loan - Account Number",
                    "name": "account_number",
                    "type": "string",
                    "newline": false,
                    "optional": true,
                    "width": 6,
                    "maximum": 25
                },
                {
                    "title": "Loan Officer's First Name",
                    "name": "officer_first_name",
                    "type": "string",
                    "optional": true
                },
                {
                    "title": "Loan Officer's Last Name",
                    "name": "officer_last_name",
                    "type": "string",
                    "optional": true
                },
                {
                    "title": "Loan Officer's Email Address",
                    "name": "officer_mail_address",
                    "type": "email",
                    "optional": true
                },
                {
                    "title": "Street address",
                    "name": "street_address",
                    "type": "string",
                    "newline": true,
                    "width": 12
                },
                {
                    "type": "string",
                    "newline": true,
                    "optional": true,
                    "width": 6,
                    "title": "Lot/Unit#",
                    "name": "lot_unit"
                },
                {
                    "title": "City",
                    "name": "city",
                    "type": "string",
                    "newline": false,
                    "width": 6
                },
                {
                    "title": "State",
                    "name": "state",
                    "type": "lookup",
                    "table": "ALLStatesList_DL"
                },
                {
                    "title": "Zip Code",
                    "name": "zip_code",
                    "type": "string",
                    "newline": false,
                    "regex": "^([0-9]{5})*$",
                    "width": 6
                },
                {
                    "title": "County",
                    "name": "county",
                    "type": "string",
                    "optional": true,
                    "width": 6,
                    "newline": true
                },
                {
                    "title": "Country",
                    "name": "country",
                    "type": "select",
                    "values": [
                        "USA"
                    ],
                    "width": 6
                }
            ],
            "newline": true,
            "repeatable": true,
            "optional": true
        },
        {
            "title": "Inspections",
            "name": "inspections",
            "type": "group",
            "fields": [
                {
                    "title": "Aerial",
                    "name": "aerial",
                    "type": "select",
                    "values": [
                        "Yes",
                        "No"
                    ],
                    "newline": false,
                    "width": 6
                },
                {
                    "title": "Interior",
                    "name": "interior",
                    "type": "select",
                    "values": [
                        "Yes",
                        "No"
                    ],
                    "newline": false,
                    "width": 6
                },
                {
                    "title": "Exterior",
                    "name": "exterior",
                    "type": "select",
                    "values": [
                        "Yes",
                        "No"
                    ],
                    "newline": false,
                    "width": 6
                }
            ],
            "newline": true
        },
        {
            "title": "Unit Level Underwriting Questions",
            "name": "unit_level_suppl_uw",
            "type": "group",
            "fields": [
                {
                    "title": "Is the unit tied down?",
                    "name": "unit_is_tied",
                    "type": "select",
                    "values": [
                        "Yes",
                        "No"
                    ],
                    "newline": true,
                    "width": 12
                },
                {
                    "name": "secure_rails",
                    "type": "select",
                    "values": [
                        "Yes",
                        "No"
                    ],
                    "newline": true,
                    "width": 12,
                    "title": "Do all steps, porches & decks that are 3' or more off the ground have secure rails?"
                },
                {
                    "title": "Does the property have any unrepaired damage?",
                    "name": "unrepaired_damages",
                    "type": "select",
                    "values": [
                        "Yes",
                        "No"
                    ],
                    "newline": true,
                    "width": 12
                },
                {
                    "title": "Does the unit have utility services?",
                    "name": "utility_services",
                    "type": "select",
                    "values": [
                        "Yes",
                        "No"
                    ],
                    "newline": true,
                    "width": 12
                },
                {
                    "name": "property_with_fire_protection",
                    "type": "select",
                    "values": [
                        "Yes",
                        "No"
                    ],
                    "newline": true,
                    "width": 12,
                    "title": "Is the property with a fire protection service and can be accessed by the road?"
                },
                {
                    "title": "Is the Heat Source thermostatically controlled?",
                    "name": "thermo_static_control",
                    "type": "select",
                    "values": [
                        "Yes",
                        "No"
                    ],
                    "newline": true,
                    "width": 12
                },
                {
                    "title": "Is a supplemental heating device used as a source of heat?",
                    "name": "source_of_heat",
                    "type": "select",
                    "newline": true,
                    "values": [
                        "Yes",
                        "No"
                    ],
                    "width": 12
                },
                {
                    "title": "Was it professionally installed?",
                    "name": "source_of_heat_installation",
                    "type": "select",
                    "values": [
                        "Yes",
                        "No"
                    ],
                    "optional": false,
                    "newline": true,
                    "width": 12,
                    "condition": {
                        "source_of_heat": [
                            "Yes"
                        ]
                    }
                },
                {
                    "title": "What kind of fuel does it use?",
                    "name": "type_of_fuel",
                    "type": "select",
                    "values": [
                        "Wood",
                        "Coal",
                        "Electric",
                        "Kerosene",
                        "Solar",
                        "Not Listed"
                    ],
                    "optional": false,
                    "newline": true,
                    "width": 12,
                    "condition": {
                        "source_of_heat": [
                            "Yes"
                        ]
                    }
                },
                {
                    "title": "Describe the Fuel Type",
                    "name": "please_describe",
                    "type": "string",
                    "optional": false,
                    "newline": true,
                    "multiline": true,
                    "width": 12,
                    "condition": {
                        "type_of_fuel": [
                            "Not Listed"
                        ]
                    }
                },
                {
                    "title": "Is any business conducted on the premises? This does not include \"work from home\".",
                    "name": "business_on_premises",
                    "type": "select",
                    "newline": true,
                    "values": [
                        "Yes",
                        "No"
                    ],
                    "width": 12
                },
                {
                    "title": "Describe the type of business being ran at the dwelling.",
                    "name": "business_description",
                    "type": "string",
                    "optional": false,
                    "newline": true,
                    "multiline": true,
                    "width": 12,
                    "condition": {
                        "business_on_premises": [
                            "Yes"
                        ]
                    }
                },
                {
                    "title": "Is there a daycare on the premises?",
                    "name": "daycare_on_premises",
                    "type": "select",
                    "values": [
                        "Yes",
                        "No"
                    ],
                    "optional": true,
                    "newline": true,
                    "width": 12
                },
                {
                    "title": "Are there any business employees on the premises?",
                    "name": "business_employees_on_premises",
                    "type": "select",
                    "newline": true,
                    "values": [
                        "Yes",
                        "No"
                    ],
                    "optional": true,
                    "width": 12
                },
                {
                    "title": "How many visitors are there a month?",
                    "name": "visitors_in_a_month",
                    "type": "select",
                    "values": [
                        "0",
                        "1",
                        "2",
                        "3",
                        "4",
                        "5",
                        "6+"
                    ],
                    "optional": true,
                    "newline": true,
                    "width": 12
                },
                {
                    "title": "Is there a trampoline on the premises? This does not include a community trampoline.",
                    "name": "trampoline_liability",
                    "type": "select",
                    "values": [
                        "Yes",
                        "No"
                    ],
                    "newline": true,
                    "width": 12
                },
                {
                    "title": "Does the trampoline have a maintained safety net?",
                    "name": "trampoline_safety_net",
                    "type": "select",
                    "values": [
                        "Yes",
                        "No"
                    ],
                    "newline": true,
                    "optional": true,
                    "width": 12,
                    "condition": {
                        "trampoline_liability": [
                            "Yes"
                        ]
                    }
                },
                {
                    "title": "Is there a swimming pool on the premises? This does not include a community swimming pool.",
                    "name": "swimming_pool",
                    "type": "select",
                    "values": [
                        "Yes",
                        "No"
                    ],
                    "newline": true,
                    "width": 12
                },
                {
                    "title": "Does the pool have a slide or diving board?",
                    "name": "diving_board",
                    "type": "select",
                    "values": [
                        "Yes",
                        "No"
                    ],
                    "optional": false,
                    "newline": true,
                    "width": 12,
                    "condition": {
                        "swimming_pool": [
                            "Yes"
                        ]
                    }
                },
                {
                    "title": "Is the pool enclosed by a fence at least 4 feet high?",
                    "name": "four_feet_fence",
                    "type": "select",
                    "values": [
                        "Yes",
                        "No"
                    ],
                    "optional": false,
                    "newline": true,
                    "width": 12,
                    "condition": {
                        "swimming_pool": [
                            "Yes"
                        ]
                    }
                },
                {
                    "title": "Are the mortgage payments 60 days or more past due or the home is in foreclosure?",
                    "name": "mortgage",
                    "type": "select",
                    "values": [
                        "Yes",
                        "No"
                    ],
                    "newline": true,
                    "width": 12
                },
                {
                    "title": "Does the home have wrought iron bars on all the windows and doors?",
                    "name": "wrought_iron",
                    "type": "select",
                    "values": [
                        "Yes",
                        "No"
                    ],
                    "newline": true,
                    "width": 12,
                    "optional": true
                },
                {
                    "title": "Does the home have a burglar alarm?",
                    "name": "burglar_alarm",
                    "type": "select",
                    "values": [
                        "No",
                        "Local",
                        "Central/ Monitored"
                    ],
                    "newline": true,
                    "width": 12,
                    "optional": true
                }
            ],
            "newline": true
        }
    ]
}