{
    "name": "Deductibles",
    "displayName": "Deductibles",
    "fields": [
        {
            "title": "Standard Deductible (AOP)",
            "name": "all_other_perils_deductible",
            "type": "select",
            "values": [
                "$500",
                "$1,000",
                "$2,500",
                "$5,000",
                "$10,000"
            ],
            "newline": true
        }
    ],
    "indemnityPerItem": "0",
    "indemnityPerEvent": "0",
    "indemnityInAggregate": "0",
    "deductible": "0",
    "lumpSumPayment": "0"
}